PC     Output      Line
040000             0001   ; --- Begin mos_api.inc ---
040000             0002   ;
040000             0003   ; Title:	AGON MOS - API for user projects
040000             0004   ; Author:	Dean Belfield
040000             0005   ; Created:	03/08/2022
040000             0006   ; Last Updated:	11/11/2023
040000             0007   ;
040000             0008   ; Modified: 11/14/2024 by Brandon R. Gates for ez80asm compatibility
040000             0009   ;
040000             0010   ; Modinfo:
040000             0011   ; 05/08/2022:	Added mos_feof
040000             0012   ; 09/08/2022:	Added system variables: cursorX, cursorY
040000             0013   ; 18/08/2022:	Added system variables: scrchar, scrpixel, audioChannel, audioSuccess, vpd_pflags
040000             0014   ; 05/09/2022:	Added mos_ren, vdp_pflag_mode
040000             0015   ; 24/09/2022:	Added mos_getError, mos_mkdir
040000             0016   ; 13/10/2022:	Added mos_oscli
040000             0017   ; 23/02/2023:	Added more sysvars, fixed typo in sysvar_audioSuccess, offsets for sysvar_scrCols, sysvar_scrRows
040000             0018   ; 04/03/2023:	Added sysvar_scrpixelIndex
040000             0019   ; 08/03/2023:	Renamed sysvar_keycode to sysvar_keyascii, added sysvar_vkeycode
040000             0020   ; 15/03/2023:	Added mos_copy, mos_getrtc, mos_setrtc, rtc, vdp_pflag_rtc
040000             0021   ; 21/03/2023:	Added mos_setintvector, sysvars for keyboard status, vdu codes for vdp
040000             0022   ; 22/03/2023:	The VDP commands are now indexed from 0x80
040000             0023   ; 29/03/2023:	Added mos_uopen, mos_uclose, mos_ugetc, mos_uputc
040000             0024   ; 13/04/2023:	Added FatFS file structures (FFOBJID, FIL, DIR, FILINFO)
040000             0025   ; 15/04/2023:	Added mos_getfil, mos_fread, mos_fwrite and mos_flseek
040000             0026   ; 19/05/2023:	Added sysvar_scrMode
040000             0027   ; 05/06/2023:	Added sysvar_rtcEnable
040000             0028   ; 03/08/2023:	Added mos_setkbvector
040000             0029   ; 10/08/2023:	Added mos_getkbmap
040000             0030   ; 11/11/2023:	Added mos_i2c_open, mos_i2c_close, mos_i2c_write and mos_i2c_read
040000             0031   ; 11/14/2024:   FatFS structs modified for ez80asm compatibility
040000             0032   ;
040000             0033   ; VDP control (VDU 23, 0, n)
040000             0034   ;
040000             0035   vdp_gp:			EQU 	80h
040000             0036   vdp_keycode:		EQU 	81h
040000             0037   vdp_cursor:		EQU	82h
040000             0038   vdp_scrchar:		EQU	83h
040000             0039   vdp_scrpixel:		EQU	84h
040000             0040   vdp_audio:		EQU	85h
040000             0041   vdp_mode:		EQU	86h
040000             0042   vdp_rtc:		EQU	87h
040000             0043   vdp_keystate:		EQU	88h
040000             0044   vdp_logicalcoords:	EQU	C0h
040000             0045   vdp_terminalmode:	EQU	FFh
040000             0046   
040000             0047   ; MOS high level functions
040000             0048   ;
040000             0049   mos_getkey:		EQU	00h
040000             0050   mos_load:		EQU	01h
040000             0051   mos_save:		EQU	02h
040000             0052   mos_cd:			EQU	03h
040000             0053   mos_dir:		EQU	04h
040000             0054   mos_del:		EQU	05h
040000             0055   mos_ren:		EQU	06h
040000             0056   mos_mkdir:		EQU	07h
040000             0057   mos_sysvars:		EQU	08h
040000             0058   mos_editline:		EQU	09h
040000             0059   mos_fopen:		EQU	0Ah
040000             0060   mos_fclose:		EQU	0Bh
040000             0061   mos_fgetc:		EQU	0Ch
040000             0062   mos_fputc:		EQU	0Dh
040000             0063   mos_feof:		EQU	0Eh
040000             0064   mos_getError:		EQU	0Fh
040000             0065   mos_oscli:		EQU	10h
040000             0066   mos_copy:		EQU	11h
040000             0067   mos_getrtc:		EQU	12h
040000             0068   mos_setrtc:		EQU	13h
040000             0069   mos_setintvector:	EQU	14h
040000             0070   mos_uopen:		EQU	15h
040000             0071   mos_uclose:		EQU	16h
040000             0072   mos_ugetc:		EQU	17h
040000             0073   mos_uputc:		EQU 	18h
040000             0074   mos_getfil:		EQU	19h
040000             0075   mos_fread:		EQU	1Ah
040000             0076   mos_fwrite:		EQU	1Bh
040000             0077   mos_flseek:		EQU	1Ch
040000             0078   mos_setkbvector:	EQU	1Dh
040000             0079   mos_getkbmap:		EQU	1Eh
040000             0080   mos_i2c_open:		EQU	1Fh
040000             0081   mos_i2c_close:		EQU	20h
040000             0082   mos_i2c_write:		EQU	21h
040000             0083   mos_i2c_read:		EQU	22h
040000             0084   
040000             0085   
040000             0086   ; FatFS file access functions
040000             0087   ;
040000             0088   ffs_fopen:		EQU	80h
040000             0089   ffs_fclose:		EQU	81h
040000             0090   ffs_fread:		EQU	82h
040000             0091   ffs_fwrite:		EQU	83h
040000             0092   ffs_flseek:		EQU	84h
040000             0093   ffs_ftruncate:		EQU	85h
040000             0094   ffs_fsync:		EQU	86h
040000             0095   ffs_fforward:		EQU	87h
040000             0096   ffs_fexpand:		EQU	88h
040000             0097   ffs_fgets:		EQU	89h
040000             0098   ffs_fputc:		EQU	8Ah
040000             0099   ffs_fputs:		EQU	8Bh
040000             0100   ffs_fprintf:		EQU	8Ch
040000             0101   ffs_ftell:		EQU	8Dh
040000             0102   ffs_feof:		EQU	8Eh
040000             0103   ffs_fsize:		EQU	8Fh
040000             0104   ffs_ferror:		EQU	90h
040000             0105   
040000             0106   ; FatFS directory access functions
040000             0107   ;
040000             0108   ffs_dopen:		EQU	91h
040000             0109   ffs_dclose:		EQU	92h
040000             0110   ffs_dread:		EQU	93h
040000             0111   ffs_dfindfirst:		EQU	94h
040000             0112   ffs_dfindnext:		EQU	95h
040000             0113   
040000             0114   ; FatFS file and directory management functions
040000             0115   ;
040000             0116   ffs_stat:		EQU	96h
040000             0117   ffs_unlink:		EQU	97h
040000             0118   ffs_rename:		EQU	98h
040000             0119   ffs_chmod:		EQU	99h
040000             0120   ffs_utime:		EQU	9Ah
040000             0121   ffs_mkdir:		EQU	9Bh
040000             0122   ffs_chdir:		EQU	9Ch
040000             0123   ffs_chdrive:		EQU	9Dh
040000             0124   ffs_getcwd:		EQU	9Eh
040000             0125   
040000             0126   ; FatFS volume management and system configuration functions
040000             0127   ;
040000             0128   ffs_mount:		EQU	9Fh
040000             0129   ffs_mkfs:		EQU	A0h
040000             0130   ffs_fdisk:		EQU	A1h
040000             0131   ffs_getfree:		EQU	A2h
040000             0132   ffs_getlabel:		EQU	A3h
040000             0133   ffs_setlabel:		EQU	A4h
040000             0134   ffs_setcp:		EQU	A5h
040000             0135   
040000             0136   ; File access modes
040000             0137   ;
040000             0138   fa_read:		EQU	01h
040000             0139   fa_write:		EQU	02h
040000             0140   fa_open_existing:	EQU	00h
040000             0141   fa_create_new:		EQU	04h
040000             0142   fa_create_always:	EQU	08h
040000             0143   fa_open_always:		EQU	10h
040000             0144   fa_open_append:		EQU	30h
040000             0145   
040000             0146   ; System variable indexes for api_sysvars
040000             0147   ; Index into _sysvars in globals.asm
040000             0148   ;
040000             0149   sysvar_time:		EQU	00h	; 4: Clock timer in centiseconds (incremented by 2 every VBLANK)
040000             0150   sysvar_vpd_pflags:	EQU	04h	; 1: Flags to indicate completion of VDP commands
040000             0151   sysvar_keyascii:	EQU	05h	; 1: ASCII keycode, or 0 if no key is pressed
040000             0152   sysvar_keymods:		EQU	06h	; 1: Keycode modifiers
040000             0153   sysvar_cursorX:		EQU	07h	; 1: Cursor X position
040000             0154   sysvar_cursorY:		EQU	08h	; 1: Cursor Y position
040000             0155   sysvar_scrchar:		EQU	09h	; 1: Character read from screen
040000             0156   sysvar_scrpixel:	EQU	0Ah	; 3: Pixel data read from screen (R,B,G)
040000             0157   sysvar_audioChannel:	EQU	0Dh	; 1: Audio channel
040000             0158   sysvar_audioSuccess:	EQU	0Eh	; 1: Audio channel note queued (0 = no, 1 = yes)
040000             0159   sysvar_scrWidth:	EQU	0Fh	; 2: Screen width in pixels
040000             0160   sysvar_scrHeight:	EQU	11h	; 2: Screen height in pixels
040000             0161   sysvar_scrCols:		EQU	13h	; 1: Screen columns in characters
040000             0162   sysvar_scrRows:		EQU	14h	; 1: Screen rows in characters
040000             0163   sysvar_scrColours:	EQU	15h	; 1: Number of colours displayed
040000             0164   sysvar_scrpixelIndex:	EQU	16h	; 1: Index of pixel data read from screen
040000             0165   sysvar_vkeycode:	EQU	17h	; 1: Virtual key code from FabGL
040000             0166   sysvar_vkeydown:	EQU	18h	; 1: Virtual key state from FabGL (0=up, 1=down)
040000             0167   sysvar_vkeycount:	EQU	19h	; 1: Incremented every time a key packet is received
040000             0168   sysvar_rtc:		EQU	1Ah	; 6: Real time clock data
040000             0169   sysvar_spare:		EQU	20h	; 2: Spare, previously used by rtc
040000             0170   sysvar_keydelay:	EQU	22h	; 2: Keyboard repeat delay
040000             0171   sysvar_keyrate:		EQU	24h	; 2: Keyboard repeat reat
040000             0172   sysvar_keyled:		EQU	26h	; 1: Keyboard LED status
040000             0173   sysvar_scrMode:		EQU	27h	; 1: Screen mode
040000             0174   sysvar_rtcEnable:	EQU	28h	; 1: RTC enable flag (0: disabled, 1: use ESP32 RTC)
040000             0175   sysvar_mouseX:		EQU	29h	; 2: Mouse X position
040000             0176   sysvar_mouseY:		EQU	2Bh	; 2: Mouse Y position
040000             0177   sysvar_mouseButtons:	EQU	2Dh	; 1: Mouse button state
040000             0178   sysvar_mouseWheel:	EQU	2Eh	; 1: Mouse wheel delta
040000             0179   sysvar_mouseXDelta:	EQU	2Fh	; 2: Mouse X delta
040000             0180   sysvar_mouseYDelta:	EQU	31h	; 2: Mouse Y delta
040000             0181   ;
040000             0182   ; Flags for the VPD protocol
040000             0183   ;
040000             0184   vdp_pflag_cursor:	EQU	00000001b
040000             0185   vdp_pflag_scrchar:	EQU	00000010b
040000             0186   vdp_pflag_point:	EQU	00000100b
040000             0187   vdp_pflag_audio:	EQU	00001000b
040000             0188   vdp_pflag_mode:		EQU	00010000b
040000             0189   vdp_pflag_rtc:		EQU	00100000b
040000             0190   vdp_pflag_mouse:	EQU	01000000b
040000             0191   ; vdp_pflag_buffered:	EQU	10000000b
040000             0192   
040000             0193   
040000             0194   ; FatFS structures
040000             0195   ; These mirror the structures contained in src_fatfs/ff.h in the MOS project
040000             0196   ;
040000             0197   ; Object ID and allocation information (FFOBJID)
040000             0198   FFOBJID.fs:       EQU 0    ; Pointer to the hosting volume of this object
040000             0199   FFOBJID.id:       EQU 3    ; Hosting volume mount ID
040000             0200   FFOBJID.attr:     EQU 5    ; Object attribute
040000             0201   FFOBJID.stat:     EQU 6    ; Object chain status
040000             0202   FFOBJID.sclust:   EQU 7    ; Object data start cluster
040000             0203   FFOBJID.objsize:  EQU 11   ; Object size
040000             0204   FFOBJID_SIZE:     EQU 15   ; Total size of FFOBJID structure
040000             0205   ;
040000             0206   ; File object structure (FIL)
040000             0207   ;
040000             0208   FIL.obj:          EQU 0                  ; Object identifier (FFOBJID fields start here)
040000             0209   FIL.flag:         EQU FFOBJID_SIZE       ; File status flags
040000             0210   FIL.err:          EQU FFOBJID_SIZE + 1   ; Abort flag (error code)
040000             0211   FIL.fptr:         EQU FFOBJID_SIZE + 2   ; File read/write pointer
040000             0212   FIL.clust:        EQU FFOBJID_SIZE + 6   ; Current cluster of fptr
040000             0213   FIL.sect:         EQU FFOBJID_SIZE + 10  ; Sector number appearing in buf[]
040000             0214   FIL.dir_sect:     EQU FFOBJID_SIZE + 14  ; Sector number containing the directory entry
040000             0215   FIL.dir_ptr:      EQU FFOBJID_SIZE + 18  ; Pointer to the directory entry in the win[]
040000             0216   FIL_SIZE:         EQU FFOBJID_SIZE + 21  ; Total size of FIL structure
040000             0217   ;
040000             0218   ; Directory object structure (DIR)
040000             0219   ;
040000             0220   DIR.obj:          EQU 0                  ; Object identifier (FFOBJID fields start here)
040000             0221   DIR.dptr:         EQU FFOBJID_SIZE       ; Current read/write offset
040000             0222   DIR.clust:        EQU FFOBJID_SIZE + 4   ; Current cluster
040000             0223   DIR.sect:         EQU FFOBJID_SIZE + 8   ; Current sector
040000             0224   DIR.dir:          EQU FFOBJID_SIZE + 12  ; Pointer to the directory item in the win[]
040000             0225   DIR.fn:           EQU FFOBJID_SIZE + 15  ; SFN (in/out) {body[8],ext[3],status[1]}
040000             0226   DIR.blk_ofs:      EQU FFOBJID_SIZE + 27  ; Offset of current entry block being processed
040000             0227   DIR_SIZE:         EQU FFOBJID_SIZE + 31  ; Total size of DIR structure
040000             0228   ;
040000             0229   ; File information structure (FILINFO)
040000             0230   ;
040000             0231   FILINFO.fsize:    EQU 0    ; File size
040000             0232   FILINFO.fdate:    EQU 4    ; Modified date
040000             0233   FILINFO.ftime:    EQU 6    ; Modified time
040000             0234   FILINFO.fattrib:  EQU 8    ; File attribute
040000             0235   FILINFO.altname:  EQU 9    ; Alternative file name
040000             0236   FILINFO.fname:    EQU 22   ; Primary file name
040000             0237   FILINFO_SIZE:     EQU 278  ; Total size of FILINFO structure
040000             0238   ;
040000             0239   ; Macro for calling the API
040000             0240   ; Parameters:
040000             0241   ; - function: One of the function numbers listed above
040000             0242   ;
040000             0243   			MACRO MOSCALL	function
040000             0244   			LD	A, function
040000             0245   			RST.LIS	08h
040000             0246   			ENDMACRO 	; --- End mos_api.inc ---
040000             0247   
040000             0248   ; --- Begin equs.inc ---
040000             0249   ; ; TEMPORARY LABELS FOR PIECEMEAL ASSEMBLY
040000             0250   ; STAVAR: EQU 0
040000             0251   ; ACCS: EQU 0
040000             0252   ; ; END TEMPORARY LABELS FOR PIECEMEAL ASSEMBLY
040000             0253   
040000             0254   ;
040000             0255   ; Title:	BBC Basic for AGON - Equs
040000             0256   ; Author:	Dean Belfield
040000             0257   ; Created:	04/12/2024
040000             0258   ; Last Updated:	05/12/2024
040000             0259   ;
040000             0260   ; Modinfo:
040000             0261   ; 05/12/2024:	Removed Stack_Top
040000             0262   
040000             0263   ;			XREF		STAVAR
040000             0264   ;			XREF		ACCS
040000             0265   
040000             0266   RAM_Top:		EQU		0FF00h
040000             0267   
040000             0268   ; For GPIO
040000             0269   ; PA not available on eZ80L92
040000             0270   ;
040000             0271   PA_DR:			EQU		96h
040000             0272   PA_DDR:			EQU		97h
040000             0273   PA_ALT1:		EQU		98h
040000             0274   PA_ALT2:		EQU		99h
040000             0275   PB_DR:          	EQU		9Ah
040000             0276   PB_DDR:        	 	EQU		9Bh
040000             0277   PB_ALT1:        	EQU		9Ch
040000             0278   PB_ALT2:        	EQU		9Dh
040000             0279   PC_DR:          	EQU		9Eh
040000             0280   PC_DDR:         	EQU		9Fh
040000             0281   PC_ALT1:        	EQU		A0h
040000             0282   PC_ALT2:        	EQU		A1h
040000             0283   PD_DR:          	EQU		A2h
040000             0284   PD_DDR:			EQU		A3h
040000             0285   PD_ALT1:		EQU		A4h
040000             0286   PD_ALT2:		EQU		A5h
040000             0287   
040000             0288   GPIOMODE_OUT:		EQU		0	; Output
040000             0289   GPIOMODE_IN:		EQU		1	; Input
040000             0290   GPIOMODE_DIO:		EQU		2	; Open Drain IO
040000             0291   GPIOMODE_SIO:		EQU		3	; Open Source IO
040000             0292   GPIOMODE_INTD:		EQU		4	; Interrupt, Dual Edge
040000             0293   GPIOMODE_ALTF:		EQU		5;	; Alt Function
040000             0294   GPIOMODE_INTAL:		EQU		6	; Interrupt, Active Low
040000             0295   GPIOMODE_INTAH:		EQU		7	; Interrupt, Active High
040000             0296   GPIOMODE_INTFE:		EQU		8	; Interrupt, Falling Edge
040000             0297   GPIOMODE_INTRE:		EQU		9	; Interrupt, Rising Edge
040000             0298   
040000             0299   ; Originally in ram.asm
040000             0300   ;
040000             0301   ; OC:			EQU     STAVAR+15*4     ; CODE ORIGIN (O%) ; back to data.asm
040000             0302   ; PC:			EQU     STAVAR+16*4     ; PROGRAM COUNTER (P%) ; back to data.asm
040000             0303   ; VDU_BUFFER:		EQU	ACCS		; Storage for VDU commands ; moved to data.asm
040000             0304   
040000             0305   ; Originally in main.asm
040000             0306   ;
040000             0307   CR:			EQU     0DH
040000             0308   LF:			EQU     0AH
040000             0309   ESC:			EQU     1BH
040000             0310   ; --- End equs.inc ---
040000             0311   
040000             0312   ; --- Begin macros.inc ---
040000             0313   ;
040000             0314   ; Title:	BBC Basic Interpreter - Z80 version
040000             0315   ;		Useful macros
040000             0316   ; Author:	Dean Belfield
040000             0317   ; Created:	04/12/2024
040000             0318   ; Last Updated:	04/12/2024
040000             0319   ;
040000             0320   ; Modinfo:
040000             0321   
040000             0322           MACRO EXREG rp1, rp2
040000             0323           PUSH    rp1
040000             0324           POP     rp2
040000             0325           ENDMACRO
040000             0326   
040000             0327           MACRO ADD8U_DE ; reg
040000             0328           ADD     A, E
040000             0329           LD      E, A
040000             0330           ADC     A, D
040000             0331           SUB     E
040000             0332           LD      D, A
040000             0333           ENDMACRO
040000             0334   
040000             0335           MACRO ADD8U_HL ; reg
040000             0336           ADD     A, L
040000             0337           LD      L, A
040000             0338           ADC     A, H
040000             0339           SUB     L
040000             0340           LD      H, A
040000             0341           ENDMACRO
040000             0342   
040000             0343           MACRO VDU VAL
040000             0344           LD      A, VAL
040000             0345           CALL    OSWRCH
040000             0346           ENDMACRO
040000             0347   
040000             0348           MACRO SET_GPIO REG, VAL
040000             0349           IN0     A, (REG)
040000             0350           OR      VAL
040000             0351           OUT0    (REG), A
040000             0352           ENDMACRO
040000             0353   
040000             0354           MACRO RES_GPIO REG, VAL
040000             0355           PUSH    BC
040000             0356           LD      A, VAL
040000             0357           CPL
040000             0358           LD      C, A
040000             0359           IN0     A, (REG)
040000             0360           AND     C
040000             0361           OUT0    (REG), A
040000             0362           POP     BC
040000             0363           ENDMACRO
040000             0364   ; --- End macros.inc ---
040000             0365   
040000             0366   ; --- Begin agon_init.asm ---
040000             0367   ;
040000             0368   ; Title:	BBC Basic for AGON - Initialisation Code
040000             0369   ;		Initialisation Code
040000             0370   ; Author:	Dean Belfield
040000             0371   ; Created:	04/12/2024
040000             0372   ; Last Updated:	14/12/2024
040000             0373   ;
040000             0374   ; Modinfo:
040000             0375   ; 14/12/2024:	Fix for *BYE command
040000             0376   
040000             0377   ;			SEGMENT __VECTORS
040000             0378   
040000             0379   ;			XREF	START
040000             0380   ;			XREF	ACCS
040000             0381   ;			XREF	TELL
040000             0382   
040000             0383   			.ASSUME	ADL = 0
040000             0384   			.ORG 0x0000
000000             0385   
000000             0386   			; INCLUDE	"equs.inc"
000000             0387   
000000             0388   argv_ptrs_max:		EQU	16				; Maximum number of arguments allowed in argv
000000             0389   
000000             0390   ;
000000             0391   ; Start in mixed mode. Assumes MBASE is set to correct segment
000000             0392   ;
000000 C3 52 00    0393   			JP	_start				; Jump to start
000003             0394   			DS	5
000008             0395   
       FF FF FF FF 
       FF 
000008 49 CF       0396   RST_08:			RST.LIS	08h				; API call
00000A C9          0397   			RET
00000B             0398   			DS 	5
000010             0399   
       FF FF FF FF 
       FF 
000010 49 D7       0400   RST_10:			RST.LIS 10h				; Output
000012 C9          0401   			RET
000013             0402   			DS	5
000018             0403   
       FF FF FF FF 
       FF 
000018 49 DF       0404   RST_18:			RST.LIS	18h				; Block Output
00001A C9          0405   			RET
00001B             0406   			DS	5
000020             0407   
000020             0408   RST_20:			DS	8
000028             0409   RST_28:			DS	8
000030             0410   RST_30:			DS	8
000038             0411   
000038             0412   ;
000038             0413   ; The NMI interrupt vector (not currently used by AGON)
000038             0414   ;
       FF FF FF FF 
       FF FF FF FF 
       FF FF FF FF 
       FF FF FF FF 
       FF FF FF FF 
       FF FF FF FF 
       FF FF FF FF 
       FF 
000038 FB          0415   RST_38:			EI
000039 ED 4D       0416   			RETI
00003B             0417   ;
00003B             0418   ; The header stuff is from byte 64 onwards
00003B             0419   ;
00003B             0420   			ALIGN	64
000040             0421   
       FF FF FF FF 
       FF 
000040 4D 4F 53    0422   			DB	"MOS"				; Flag for MOS - to confirm this is a valid MOS command
000043 00          0423   			DB	00h				; MOS header version 0
000044 00          0424   			DB	00h				; Flag for run mode (0: Z80, 1: ADL)
000045             0425   
000045 42 42 43 42 0426   _exec_name:		DB	"BBCBASIC.BIN", 0		; The executable name, only used in argv
       41 53 49 43 
       2E 42 49 4E 
       00          
000052             0427   
000052             0428   ;
000052             0429   ; And the code follows on immediately after the header
000052             0430   ;
000052 5B FD E5    0431   _start:			PUSH.LIL	IY			; Preserve IY
000055             0432   
000055 FD 21 00 00 0433   			LD		IY, 0			; Preserve SPS
000059 FD 39       0434   			ADD		IY, SP
00005B 5B FD E5    0435   			PUSH.LIL	IY
00005E             0436   
00005E E3          0437   			EX		(SP), HL		; Get the SPS part of the return address
00005F 5B E5       0438   			PUSH.LIL	HL
000061 E3          0439   			EX		(SP), HL		; And restore it for BASIC
000062             0440   
000062 5B F5       0441   			PUSH.LIL	AF			; Preserve the rest of the registers
000064 5B C5       0442   			PUSH.LIL	BC
000066 5B D5       0443   			PUSH.LIL	DE
000068 5B DD E5    0444   			PUSH.LIL	IX
00006B             0445   
00006B ED 6E       0446   			LD		A, MB			; Segment base
00006D DD 21 65 01 0447   			LD		IX, argv_ptrs		; The argv array pointer address
000071 CD 51 01    0448   			CALL		_set_aix24		; Convert to a 24-bit address
000074 5B DD E5    0449   			PUSH.LIL	IX
000077 CD E1 00    0450   			CALL		_parse_params		; Parse the parameters
00007A 5B DD E1    0451   			POP.LIL		IX			; IX: argv
00007D 06 00       0452   			LD		B, 0			;  C: argc
00007F CD 9A 00    0453   			CALL		_main			; Start user code
000082             0454   
000082 5B DD E1    0455   			POP.LIL		IX			; Restore the registers
000085 5B D1       0456   			POP.LIL		DE
000087 5B C1       0457   			POP.LIL		BC
000089 5B F1       0458   			POP.LIL		AF
00008B             0459   
00008B EB          0460   			EX		DE, HL 			; DE: Return code from BASIC
00008C 5B E1       0461   			POP.LIL		HL 			; The SPS part of the return address
00008E 5B FD E1    0462   			POP.LIL		IY			; Get the preserved SPS
000091 FD F9       0463   			LD		SP, IY			; Restore SPS
000093 E3          0464   			EX		(SP), HL		; Store the SPS part of the return address on the stack
000094 EB          0465   			EX		DE, HL 			; HL: Return code from BASIC
000095             0466   
000095 5B FD E1    0467   			POP.LIL		IY			; Restore IY
000098 49 C9       0468   			RET.L					; Return to MOS
00009A             0469   
00009A             0470   ; The main routine
00009A             0471   ; IXU: argv - pointer to array of parameters
00009A             0472   ;   C: argc - number of parameters
00009A             0473   ; Returns:
00009A             0474   ;  HL: Error code, or 0 if OK
00009A             0475   ;
00009A 21 00 53    0476   _main:			LD	HL, ACCS		; Clear the ACCS
00009D 36 00       0477   			LD	(HL), 0
00009F 79          0478   			LD	A, C
0000A0 FE 02       0479   			CP	2
0000A2 28 24       0480   			JR	Z, _autoload		; 2 parameters = autoload
0000A4 38 35       0481   			JR	C, _startbasic		; 1 parameter = normal start
0000A6             0482   ;			CALL	STAR_VERSION		; Output the AGON version
0000A6 CD 86 45    0483   			CALL	TELL
0000A9 55 73 61 67 0484   			DB	"Usage:\n\r"
       65 3A 0A 0D 
0000B1 52 55 4E 20 0485   			DB	"RUN . <filename>\n\r", 0
       2E 20 3C 66 
       69 6C 65 6E 
       61 6D 65 3E 
       0A 0D 00    
0000C4 21 00 00    0486   			LD	HL, 0			; The error code
0000C7 C9          0487   			RET
0000C8             0488   ;
0000C8 5B DD 27 03 0489   _autoload:		LD.LIL	HL, (IX+3)		; HLU: Address of filename
0000CC 11 00 53    0490   			LD	DE, ACCS		;  DE: Destination address
0000CF 5B 7E       0491   @@:			LD.LIL	A, (HL)			; Fetch the filename byte
0000D1 12          0492   			LD	(DE), A			;
0000D2 5B 23       0493   			INC.LIL	HL			; Increase the source pointer
0000D4 1C          0494   			INC	E			; We only need to increase E as ACCS is on a page boundary
0000D5 20 F8       0495   			JR	NZ, @B			; Loop until we hit a 0 byte
0000D7 1D          0496   			DEC	E
0000D8 3E 0D       0497   			LD	A, CR
0000DA 12          0498   			LD	(DE), A			; Replace the 0 byte with a CR for BBC BASIC
0000DB             0499   ;
0000DB E1          0500   _startbasic:		POP	 HL			; Pop the return address to init off SPS
0000DC 5B E5       0501   			PUSH.LIL HL 			; Stack it on SPL (*BYE will use this as the return address)
0000DE C3 A3 37    0502   			JP	 START			; And start BASIC
0000E1             0503   
0000E1             0504   ; Parse the parameter string into a C array
0000E1             0505   ; Parameters
0000E1             0506   ; -   A: Segment base
0000E1             0507   ; - HLU: Address of parameter string
0000E1             0508   ; - IXU: Address for array pointer storage
0000E1             0509   ; Returns:
0000E1             0510   ; -   C: Number of parameters parsed
0000E1             0511   ;
0000E1 01 45 00    0512   _parse_params:		LD		BC, _exec_name		; Get the address of the app name in this segment
0000E4 CD 3F 01    0513   			CALL		_set_abc24		; Convert it to a 24-bit address based upon segment base
0000E7 5B DD 0F 00 0514   			LD.LIL		(IX+0), BC		; ARGV[0] = the executable name
0000EB 5B DD 23    0515   			INC.LIL		IX
0000EE 5B DD 23    0516   			INC.LIL		IX
0000F1 5B DD 23    0517   			INC.LIL		IX
0000F4 CD 36 01    0518   			CALL		_skip_spaces		; Skip HL past any leading spaces
0000F7             0519   ;
0000F7 01 01 00    0520   			LD		BC, 1			; C: ARGC = 1 - also clears out top 16 bits of BCU
0000FA 06 0F       0521   			LD		B, argv_ptrs_max - 1	; B: Maximum number of argv_ptrs
0000FC             0522   ;
0000FC C5          0523   _parse_params_1:	PUSH		BC			; Stack ARGC
0000FD 5B E5       0524   			PUSH.LIL	HL			; Stack start address of token
0000FF CD 25 01    0525   			CALL		_get_token		; Get the next token
000102 79          0526   			LD		A, C			; A: Length of the token in characters
000103 5B D1       0527   			POP.LIL		DE			; Start address of token (was in HL)
000105 C1          0528   			POP		BC			; ARGC
000106 B7          0529   			OR		A			; Check for A=0 (no token found) OR at end of string
000107 C8          0530   			RET		Z
000108             0531   ;
000108 5B DD 1F 00 0532   			LD.LIL		(IX+0), DE		; Store the pointer to the token
00010C 5B E5       0533   			PUSH.LIL	HL			; DE=HL
00010E 5B D1       0534   			POP.LIL		DE
000110 CD 36 01    0535   			CALL		_skip_spaces		; And skip HL past any spaces onto the next character
000113 AF          0536   			XOR		A
000114 5B 12       0537   			LD.LIL		(DE), A			; Zero-terminate the token
000116 5B DD 23    0538   			INC.LIL		IX
000119 5B DD 23    0539   			INC.LIL		IX
00011C 5B DD 23    0540   			INC.LIL		IX			; Advance to next pointer position
00011F 0C          0541   			INC		C			; Increment ARGC
000120 79          0542   			LD		A, C			; Check for C >= A
000121 B8          0543   			CP		B
000122 38 D8       0544   			JR		C, _parse_params_1	; And loop
000124 C9          0545   			RET
000125             0546   
000125             0547   ; Get the next token
000125             0548   ; Parameters:
000125             0549   ; - HL: Address of parameter string
000125             0550   ; Returns:
000125             0551   ; - HL: Address of first character after token
000125             0552   ; -  C: Length of token (in characters)
000125             0553   ;
000125 0E 00       0554   _get_token:		LD		C, 0			; Initialise length
000127 5B 7E       0555   @@:			LD.LIL		A, (HL)			; Get the character from the parameter string
000129 B7          0556   			OR		A			; Exit if 0 (end of parameter string in MOS)
00012A C8          0557   			RET 		Z
00012B FE 0D       0558   			CP		13			; Exit if CR (end of parameter string in BBC BASIC)
00012D C8          0559   			RET		Z
00012E FE 20       0560   			CP		' '			; Exit if space (end of token)
000130 C8          0561   			RET		Z
000131 5B 23       0562   			INC.LIL		HL			; Advance to next character
000133 0C          0563   			INC 		C			; Increment length
000134 18 F1       0564   			JR		@B
000136             0565   
000136             0566   ; Skip spaces in the parameter string
000136             0567   ; Parameters:
000136             0568   ; - HL: Address of parameter string
000136             0569   ; Returns:
000136             0570   ; - HL: Address of next none-space character
000136             0571   ;    F: Z if at end of string, otherwise NZ if there are more tokens to be parsed
000136             0572   ;
000136 5B 7E       0573   _skip_spaces:		LD.LIL		A, (HL)			; Get the character from the parameter string
000138 FE 20       0574   			CP		' '			; Exit if not space
00013A C0          0575   			RET		NZ
00013B 5B 23       0576   			INC.LIL		HL			; Advance to next character
00013D 18 F7       0577   			JR		_skip_spaces		; Increment length
00013F             0578   
00013F             0579   ; Set the MSB of BC (U) to A
00013F             0580   ; Parameters:
00013F             0581   ; - BC: 16-bit address
00013F             0582   ; -  A: Value to stick in U of BC
00013F             0583   ; Returns:
00013F             0584   ; - BCU
00013F             0585   ;
00013F 5B E5       0586   _set_abc24:		PUSH.LIL	HL			; Preserve HL
000141 5B C5       0587   			PUSH.LIL	BC			; Stick BC onto SPL
000143 5B 21 02 00 0588   			LD.LIL		HL, 2			; HL: SP+2
       00          
000148 5B 39       0589   			ADD.LIL		HL, SP
00014A 5B 77       0590   			LD.LIL		(HL), A			; Store A in it
00014C 5B C1       0591   			POP.LIL		BC			; Fetch ammended BC
00014E 5B E1       0592   			POP.LIL		HL			; Restore HL
000150 C9          0593   			RET
000151             0594   
000151             0595   ; Set the MSB of BC (U) to A
000151             0596   ; Parameters:
000151             0597   ; - IX: 16-bit address
000151             0598   ; -  A: Value to stick in U of BC
000151             0599   ; Returns:
000151             0600   ; - IXU
000151             0601   ;
000151 5B DD E5    0602   _set_aix24:		PUSH.LIL	IX			; Stick IX onto SPL
000154 5B DD 21 02 0603   			LD.LIL		IX, 2			; IX: SP+2
       00 00       
00015A 5B DD 39    0604   			ADD.LIL		IX, SP
00015D 5B DD 77 00 0605   			LD.LIL		(IX), A			; Store A in it
000161 5B DD E1    0606   			POP.LIL		IX			; Fetch ammended IX
000164 C9          0607   			RET
000165             0608   
000165             0609   ; Storage for the argv array pointers
000165             0610   ;
000165 00 00 00 00 0611   argv_ptrs:		BLKP	argv_ptrs_max, 0		; Storage for the argv array pointers
       00 00 00 00 
       00 00 00 00 
       00 00 00 00 
       00 00 00 00 
       00 00 00 00 
       00 00 00 00 
       00 00 00 00 
       00 00 00 00 
       00 00 00 00 
       00 00 00 00 
       00 00 00 00 
000195             0612   ; --- End agon_init.asm ---
000195             0613   
000195             0614   ; --- Begin agon_graphics.asm ---
000195             0615   ;
000195             0616   ; Title:	BBC Basic for AGON - Graphics stuff
000195             0617   ; Author:	Dean Belfield
000195             0618   ; Created:	04/12/2024
000195             0619   ; Last Updated:	17/12/2024
000195             0620   ;
000195             0621   ; Modinfo:
000195             0622   ; 11/12/2024:	Modified POINT_ to work with OSWORD
000195             0623   ; 17/12/2024:	Modified GETSCHR
000195             0624   
000195             0625   			.ASSUME	ADL = 0
000195             0626   
000195             0627   			; INCLUDE	"equs.inc"
000195             0628   			; INCLUDE "macros.inc"
000195             0629   			; INCLUDE "mos_api.inc"	; In MOS/src
000195             0630   
000195             0631   			; SEGMENT CODE
000195             0632   
000195             0633   			; XDEF	MODE_
000195             0634   			; XDEF	COLOUR_
000195             0635   			; XDEF	POINT_
000195             0636   			; XDEF	GETSCHR
000195             0637   
000195             0638   			; XREF	ACCS
000195             0639   			; XREF	OSWRCH
000195             0640   			; XREF	ASC_TO_NUMBER
000195             0641   			; XREF	EXTERR
000195             0642   			; XREF	EXPRI
000195             0643   			; XREF	COMMA
000195             0644   			; XREF	XEQ
000195             0645   			; XREF	NXT
000195             0646   			; XREF	BRAKET
000195             0647   			; XREF	CRTONULL
000195             0648   			; XREF	NULLTOCR
000195             0649   			; XREF	CRLF
000195             0650   			; XREF	EXPR_W2
000195             0651   
000195             0652   ; MODE n: Set video mode
000195             0653   ;
000195 DD E5       0654   MODE_:			PUSH	IX			; Get the system vars in IX
000197             0655   			MOSCALL	mos_sysvars		; Reset the semaphore
                       M1 Args: function=mos_sysvars 
000197 3E 08       0001M1 			LD	A, function
000199 49 CF       0002M1 			RST.LIS	08h
00019B 5B DD CB 04 0656   			RES.LIL	4, (IX+sysvar_vpd_pflags)
       A6          
0001A0 CD B7 18    0657   			CALL    EXPRI
0001A3 D9          0658   			EXX
0001A4             0659   			VDU	16H			; Mode change
                       M1 Args: VAL=16H 
0001A4 3E 16       0001M1         LD      A, VAL
0001A6 CD 97 05    0002M1         CALL    OSWRCH
0001A9             0660   			VDU	L
                       M1 Args: VAL=L 
0001A9 7D          0001M1         LD      A, VAL
0001AA CD 97 05    0002M1         CALL    OSWRCH
0001AD             0661   			MOSCALL	mos_sysvars
                       M1 Args: function=mos_sysvars 
0001AD 3E 08       0001M1 			LD	A, function
0001AF 49 CF       0002M1 			RST.LIS	08h
0001B1 5B DD CB 04 0662   @@:			BIT.LIL	4, (IX+sysvar_vpd_pflags)
       66          
0001B6 28 F9       0663   			JR	Z, @B			; Wait for the result
0001B8 DD E1       0664   			POP	IX
0001BA C3 24 25    0665   			JP	XEQ
0001BD             0666   
0001BD             0667   ;
0001BD             0668   ; Fetch a character from the screen
0001BD             0669   ; - DE: X coordinate
0001BD             0670   ; - HL: Y coordinate
0001BD             0671   ; Returns
0001BD             0672   ; - A: The character or FFh if no match
0001BD             0673   ; - F: C if match, otherwise NC
0001BD             0674   ;
0001BD DD E5       0675   GETSCHR:		PUSH	IX			; Get the system vars in IX
0001BF             0676   			MOSCALL	mos_sysvars		; Reset the semaphore
                       M1 Args: function=mos_sysvars 
0001BF 3E 08       0001M1 			LD	A, function
0001C1 49 CF       0002M1 			RST.LIS	08h
0001C3 5B DD CB 04 0677   			RES.LIL	1, (IX+sysvar_vpd_pflags)
       8E          
0001C8             0678   			VDU	23
                       M1 Args: VAL=23 
0001C8 3E 17       0001M1         LD      A, VAL
0001CA CD 97 05    0002M1         CALL    OSWRCH
0001CD             0679   			VDU	0
                       M1 Args: VAL=0 
0001CD 3E 00       0001M1         LD      A, VAL
0001CF CD 97 05    0002M1         CALL    OSWRCH
0001D2             0680   			VDU	vdp_scrchar
                       M1 Args: VAL=vdp_scrchar 
0001D2 3E 83       0001M1         LD      A, VAL
0001D4 CD 97 05    0002M1         CALL    OSWRCH
0001D7             0681   			VDU	E
                       M1 Args: VAL=E 
0001D7 7B          0001M1         LD      A, VAL
0001D8 CD 97 05    0002M1         CALL    OSWRCH
0001DB             0682   			VDU	D
                       M1 Args: VAL=D 
0001DB 7A          0001M1         LD      A, VAL
0001DC CD 97 05    0002M1         CALL    OSWRCH
0001DF             0683   			VDU	L
                       M1 Args: VAL=L 
0001DF 7D          0001M1         LD      A, VAL
0001E0 CD 97 05    0002M1         CALL    OSWRCH
0001E3             0684   			VDU	H
                       M1 Args: VAL=H 
0001E3 7C          0001M1         LD      A, VAL
0001E4 CD 97 05    0002M1         CALL    OSWRCH
0001E7 5B DD CB 04 0685   @@:			BIT.LIL	1, (IX+sysvar_vpd_pflags)
       4E          
0001EC 28 F9       0686   			JR	Z, @B			; Wait for the result
0001EE 5B DD 7E 09 0687   			LD.LIL	A, (IX+sysvar_scrchar)	; Fetch the result in A
0001F2 B7          0688   			OR	A			; Check for 00h
0001F3 37          0689   			SCF				; C = character map
0001F4 20 01       0690   			JR	NZ, @F			; We have a character, so skip next bit
0001F6 AF          0691   			XOR	A			; Clear carry
0001F7 DD E1       0692   @@:			POP	IX
0001F9 C9          0693   			RET
0001FA             0694   
0001FA             0695   ; POINT(x,y): Get the pixel colour of a point on screen
0001FA             0696   ; Parameters:
0001FA             0697   ; - DE: X-coordinate
0001FA             0698   ; - HL: Y-coordinate
0001FA             0699   ; Returns:
0001FA             0700   ; -  A: Pixel colour
0001FA             0701   ;
0001FA DD E5       0702   POINT_:			PUSH	IX			; Get the system vars in IX
0001FC             0703   			MOSCALL	mos_sysvars		; Reset the semaphore
                       M1 Args: function=mos_sysvars 
0001FC 3E 08       0001M1 			LD	A, function
0001FE 49 CF       0002M1 			RST.LIS	08h
000200 5B DD CB 04 0704   			RES.LIL	2, (IX+sysvar_vpd_pflags)
       96          
000205             0705   			VDU	23
                       M1 Args: VAL=23 
000205 3E 17       0001M1         LD      A, VAL
000207 CD 97 05    0002M1         CALL    OSWRCH
00020A             0706   			VDU	0
                       M1 Args: VAL=0 
00020A 3E 00       0001M1         LD      A, VAL
00020C CD 97 05    0002M1         CALL    OSWRCH
00020F             0707   			VDU	vdp_scrpixel
                       M1 Args: VAL=vdp_scrpixel 
00020F 3E 84       0001M1         LD      A, VAL
000211 CD 97 05    0002M1         CALL    OSWRCH
000214             0708   			VDU	E
                       M1 Args: VAL=E 
000214 7B          0001M1         LD      A, VAL
000215 CD 97 05    0002M1         CALL    OSWRCH
000218             0709   			VDU	D
                       M1 Args: VAL=D 
000218 7A          0001M1         LD      A, VAL
000219 CD 97 05    0002M1         CALL    OSWRCH
00021C             0710   			VDU	L
                       M1 Args: VAL=L 
00021C 7D          0001M1         LD      A, VAL
00021D CD 97 05    0002M1         CALL    OSWRCH
000220             0711   			VDU	H
                       M1 Args: VAL=H 
000220 7C          0001M1         LD      A, VAL
000221 CD 97 05    0002M1         CALL    OSWRCH
000224 5B DD CB 04 0712   @@:			BIT.LIL	2, (IX+sysvar_vpd_pflags)
       56          
000229 28 F9       0713   			JR	Z, @B			; Wait for the result
00022B             0714   ;
00022B             0715   ; Return the data as a 1 byte index
00022B             0716   ;
00022B 5B DD 7E 16 0717   			LD.LIL	A, (IX+sysvar_scrpixelIndex)
00022F DD E1       0718   			POP	IX
000231 C9          0719   			RET
000232             0720   
000232             0721   ; COLOUR colour
000232             0722   ; COLOUR L,P
000232             0723   ; COLOUR L,R,G,B
000232             0724   ;
000232 CD B7 18    0725   COLOUR_:		CALL	EXPRI			; The colour / mode
000235 D9          0726   			EXX
000236 7D          0727   			LD	A, L
000237 32 00 53    0728   			LD	(VDU_BUFFER+0), A	; Store first parameter
00023A CD 97 45    0729   			CALL	NXT			; Are there any more parameters?
00023D FE 2C       0730   			CP	','
00023F 28 0E       0731   			JR	Z, COLOUR_1		; Yes, so we're doing a palette change next
000241             0732   ;
000241             0733   			VDU	11h			; Just set the colour
                       M1 Args: VAL=11h 
000241 3E 11       0001M1         LD      A, VAL
000243 CD 97 05    0002M1         CALL    OSWRCH
000246             0734   			VDU	(VDU_BUFFER+0)
                       M1 Args: VAL=(VDU_BUFFER+0) 
000246 3A 00 53    0001M1         LD      A, VAL
000249 CD 97 05    0002M1         CALL    OSWRCH
00024C C3 24 25    0735   			JP	XEQ
00024F             0736   ;
00024F CD 2D 21    0737   COLOUR_1:		CALL	COMMA
000252 CD B7 18    0738   			CALL	EXPRI			; Parse R (OR P)
000255 D9          0739   			EXX
000256 7D          0740   			LD	A, L
000257 32 01 53    0741   			LD	(VDU_BUFFER+1), A
00025A CD 97 45    0742   			CALL	NXT			; Are there any more parameters?
00025D FE 2C       0743   			CP	','
00025F 28 23       0744   			JR	Z, COLOUR_2		; Yes, so we're doing COLOUR L,R,G,B
000261             0745   ;
000261             0746   			VDU	13h			; VDU:COLOUR
                       M1 Args: VAL=13h 
000261 3E 13       0001M1         LD      A, VAL
000263 CD 97 05    0002M1         CALL    OSWRCH
000266             0747   			VDU	(VDU_BUFFER+0)		; Logical Colour
                       M1 Args: VAL=(VDU_BUFFER+0) 
000266 3A 00 53    0001M1         LD      A, VAL
000269 CD 97 05    0002M1         CALL    OSWRCH
00026C             0748   			VDU	(VDU_BUFFER+1)		; Palette Colour
                       M1 Args: VAL=(VDU_BUFFER+1) 
00026C 3A 01 53    0001M1         LD      A, VAL
00026F CD 97 05    0002M1         CALL    OSWRCH
000272             0749   			VDU	0			; RGB set to 0
                       M1 Args: VAL=0 
000272 3E 00       0001M1         LD      A, VAL
000274 CD 97 05    0002M1         CALL    OSWRCH
000277             0750   			VDU	0
                       M1 Args: VAL=0 
000277 3E 00       0001M1         LD      A, VAL
000279 CD 97 05    0002M1         CALL    OSWRCH
00027C             0751   			VDU	0
                       M1 Args: VAL=0 
00027C 3E 00       0001M1         LD      A, VAL
00027E CD 97 05    0002M1         CALL    OSWRCH
000281 C3 24 25    0752   			JP	XEQ
000284             0753   ;
000284 CD 2D 21    0754   COLOUR_2:		CALL	COMMA
000287 CD B7 18    0755   			CALL	EXPRI			; Parse G
00028A D9          0756   			EXX
00028B 7D          0757   			LD	A, L
00028C 32 02 53    0758   			LD	(VDU_BUFFER+2), A
00028F CD 2D 21    0759   			CALL	COMMA
000292 CD B7 18    0760   			CALL	EXPRI			; Parse B
000295 D9          0761   			EXX
000296 7D          0762   			LD	A, L
000297 32 03 53    0763   			LD	(VDU_BUFFER+3), A
00029A             0764   			VDU	13h			; VDU:COLOUR
                       M1 Args: VAL=13h 
00029A 3E 13       0001M1         LD      A, VAL
00029C CD 97 05    0002M1         CALL    OSWRCH
00029F             0765   			VDU	(VDU_BUFFER+0)		; Logical Colour
                       M1 Args: VAL=(VDU_BUFFER+0) 
00029F 3A 00 53    0001M1         LD      A, VAL
0002A2 CD 97 05    0002M1         CALL    OSWRCH
0002A5             0766   			VDU	FFh			; Physical Colour (-1 for RGB mode)
                       M1 Args: VAL=FFh 
0002A5 3E FF       0001M1         LD      A, VAL
0002A7 CD 97 05    0002M1         CALL    OSWRCH
0002AA             0767   			VDU	(VDU_BUFFER+1)		; R
                       M1 Args: VAL=(VDU_BUFFER+1) 
0002AA 3A 01 53    0001M1         LD      A, VAL
0002AD CD 97 05    0002M1         CALL    OSWRCH
0002B0             0768   			VDU	(VDU_BUFFER+2)		; G
                       M1 Args: VAL=(VDU_BUFFER+2) 
0002B0 3A 02 53    0001M1         LD      A, VAL
0002B3 CD 97 05    0002M1         CALL    OSWRCH
0002B6             0769   			VDU	(VDU_BUFFER+3)		; B
                       M1 Args: VAL=(VDU_BUFFER+3) 
0002B6 3A 03 53    0001M1         LD      A, VAL
0002B9 CD 97 05    0002M1         CALL    OSWRCH
0002BC C3 24 25    0770   			JP	XEQ; --- End agon_graphics.asm ---
0002BF             0771   
0002BF             0772   ; --- Begin agon_gpio.asm ---
0002BF             0773   ;
0002BF             0774   ; Title:	BBC Basic for AGON - GPIO functions
0002BF             0775   ; Author:	Dean Belfield
0002BF             0776   ; Created:	04/12/2024
0002BF             0777   ; Last Updated:	04/12/2024
0002BF             0778   ;
0002BF             0779   ; Modinfo:
0002BF             0780   
0002BF             0781   			; INCLUDE	"macros.inc"
0002BF             0782   			; INCLUDE	"equs.inc"
0002BF             0783   
0002BF             0784   			.ASSUME	ADL = 0
0002BF             0785   ;	.ORG 0x0000
0002BF             0786   
0002BF             0787   ;			SEGMENT CODE
0002BF             0788   
0002BF             0789   ;			XDEF	GPIOB_SETMODE
0002BF             0790   
0002BF             0791   ;			XREF	SWITCH_A
0002BF             0792   
0002BF             0793   ;  A: Mode
0002BF             0794   ;  B: Pins
0002BF             0795   ;
0002BF CD 18 05    0796   GPIOB_SETMODE:		CALL	SWITCH_A
0002C2 D6 02       0797   			DW	GPIOB_M0	; Output
0002C4 FB 02       0798   			DW	GPIOB_M1	; Input
0002C6 1B 03       0799   			DW	GPIOB_M2	; Open Drain IO
0002C8 3B 03       0800   			DW	GPIOB_M3	; Open Source IO
0002CA 56 03       0801   			DW	GPIOB_M4	; Interrupt, Dual Edge
0002CC 82 03       0802   			DW	GPIOB_M5	; Alt Function
0002CE 9D 03       0803   			DW	GPIOB_M6	; Interrupt, Active Low
0002D0 C4 03       0804   			DW	GPIOB_M7	; Interrupt, Active High
0002D2 E6 03       0805   			DW	GPIOB_M8	; Interrupt, Falling Edge
0002D4 08 04       0806   			DW	GPIOB_M9	; Interrupt, Rising Edge
0002D6             0807   
0002D6             0808   ; Output
0002D6             0809   ;
0002D6             0810   GPIOB_M0:		RES_GPIO PB_DDR,  B
                       M1 Args: REG=PB_DDR VAL=B 
0002D6 C5          0001M1         PUSH    BC
0002D7 78          0002M1         LD      A, VAL
0002D8 2F          0003M1         CPL
0002D9 4F          0004M1         LD      C, A
0002DA ED 38 9B    0005M1         IN0     A, (REG)
0002DD A1          0006M1         AND     C
0002DE ED 39 9B    0007M1         OUT0    (REG), A
0002E1 C1          0008M1         POP     BC
0002E2             0811   			RES_GPIO PB_ALT1, B
                       M1 Args: REG=PB_ALT1 VAL=B 
0002E2 C5          0001M1         PUSH    BC
0002E3 78          0002M1         LD      A, VAL
0002E4 2F          0003M1         CPL
0002E5 4F          0004M1         LD      C, A
0002E6 ED 38 9C    0005M1         IN0     A, (REG)
0002E9 A1          0006M1         AND     C
0002EA ED 39 9C    0007M1         OUT0    (REG), A
0002ED C1          0008M1         POP     BC
0002EE             0812   			RES_GPIO PB_ALT2, B
                       M1 Args: REG=PB_ALT2 VAL=B 
0002EE C5          0001M1         PUSH    BC
0002EF 78          0002M1         LD      A, VAL
0002F0 2F          0003M1         CPL
0002F1 4F          0004M1         LD      C, A
0002F2 ED 38 9D    0005M1         IN0     A, (REG)
0002F5 A1          0006M1         AND     C
0002F6 ED 39 9D    0007M1         OUT0    (REG), A
0002F9 C1          0008M1         POP     BC
0002FA C9          0813   			RET
0002FB             0814   
0002FB             0815   ; Input
0002FB             0816   ;
0002FB             0817   GPIOB_M1:		SET_GPIO PB_DDR,  B
                       M1 Args: REG=PB_DDR VAL=B 
0002FB ED 38 9B    0001M1         IN0     A, (REG)
0002FE B0          0002M1         OR      VAL
0002FF ED 39 9B    0003M1         OUT0    (REG), A
000302             0818   			RES_GPIO PB_ALT1, B
                       M1 Args: REG=PB_ALT1 VAL=B 
000302 C5          0001M1         PUSH    BC
000303 78          0002M1         LD      A, VAL
000304 2F          0003M1         CPL
000305 4F          0004M1         LD      C, A
000306 ED 38 9C    0005M1         IN0     A, (REG)
000309 A1          0006M1         AND     C
00030A ED 39 9C    0007M1         OUT0    (REG), A
00030D C1          0008M1         POP     BC
00030E             0819   			RES_GPIO PB_ALT2, B
                       M1 Args: REG=PB_ALT2 VAL=B 
00030E C5          0001M1         PUSH    BC
00030F 78          0002M1         LD      A, VAL
000310 2F          0003M1         CPL
000311 4F          0004M1         LD      C, A
000312 ED 38 9D    0005M1         IN0     A, (REG)
000315 A1          0006M1         AND     C
000316 ED 39 9D    0007M1         OUT0    (REG), A
000319 C1          0008M1         POP     BC
00031A C9          0820   			RET
00031B             0821   
00031B             0822   ; Open Drain IO
00031B             0823   ;
00031B             0824   GPIOB_M2:		RES_GPIO PB_DDR,  B
                       M1 Args: REG=PB_DDR VAL=B 
00031B C5          0001M1         PUSH    BC
00031C 78          0002M1         LD      A, VAL
00031D 2F          0003M1         CPL
00031E 4F          0004M1         LD      C, A
00031F ED 38 9B    0005M1         IN0     A, (REG)
000322 A1          0006M1         AND     C
000323 ED 39 9B    0007M1         OUT0    (REG), A
000326 C1          0008M1         POP     BC
000327             0825   			SET_GPIO PB_ALT1, B
                       M1 Args: REG=PB_ALT1 VAL=B 
000327 ED 38 9C    0001M1         IN0     A, (REG)
00032A B0          0002M1         OR      VAL
00032B ED 39 9C    0003M1         OUT0    (REG), A
00032E             0826   			RES_GPIO PB_ALT2, B
                       M1 Args: REG=PB_ALT2 VAL=B 
00032E C5          0001M1         PUSH    BC
00032F 78          0002M1         LD      A, VAL
000330 2F          0003M1         CPL
000331 4F          0004M1         LD      C, A
000332 ED 38 9D    0005M1         IN0     A, (REG)
000335 A1          0006M1         AND     C
000336 ED 39 9D    0007M1         OUT0    (REG), A
000339 C1          0008M1         POP     BC
00033A C9          0827   			RET
00033B             0828   
00033B             0829   ; Open Source IO
00033B             0830   ;
00033B             0831   GPIOB_M3:		SET_GPIO PB_DDR,  B
                       M1 Args: REG=PB_DDR VAL=B 
00033B ED 38 9B    0001M1         IN0     A, (REG)
00033E B0          0002M1         OR      VAL
00033F ED 39 9B    0003M1         OUT0    (REG), A
000342             0832   			SET_GPIO PB_ALT1, B
                       M1 Args: REG=PB_ALT1 VAL=B 
000342 ED 38 9C    0001M1         IN0     A, (REG)
000345 B0          0002M1         OR      VAL
000346 ED 39 9C    0003M1         OUT0    (REG), A
000349             0833   			RES_GPIO PB_ALT2, B
                       M1 Args: REG=PB_ALT2 VAL=B 
000349 C5          0001M1         PUSH    BC
00034A 78          0002M1         LD      A, VAL
00034B 2F          0003M1         CPL
00034C 4F          0004M1         LD      C, A
00034D ED 38 9D    0005M1         IN0     A, (REG)
000350 A1          0006M1         AND     C
000351 ED 39 9D    0007M1         OUT0    (REG), A
000354 C1          0008M1         POP     BC
000355 C9          0834   			RET
000356             0835   
000356             0836   ; Interrupt, Dual Edge
000356             0837   ;
000356             0838   GPIOB_M4:		SET_GPIO PB_DR,   B
                       M1 Args: REG=PB_DR VAL=B 
000356 ED 38 9A    0001M1         IN0     A, (REG)
000359 B0          0002M1         OR      VAL
00035A ED 39 9A    0003M1         OUT0    (REG), A
00035D             0839   			RES_GPIO PB_DDR,  B
                       M1 Args: REG=PB_DDR VAL=B 
00035D C5          0001M1         PUSH    BC
00035E 78          0002M1         LD      A, VAL
00035F 2F          0003M1         CPL
000360 4F          0004M1         LD      C, A
000361 ED 38 9B    0005M1         IN0     A, (REG)
000364 A1          0006M1         AND     C
000365 ED 39 9B    0007M1         OUT0    (REG), A
000368 C1          0008M1         POP     BC
000369             0840   			RES_GPIO PB_ALT1, B
                       M1 Args: REG=PB_ALT1 VAL=B 
000369 C5          0001M1         PUSH    BC
00036A 78          0002M1         LD      A, VAL
00036B 2F          0003M1         CPL
00036C 4F          0004M1         LD      C, A
00036D ED 38 9C    0005M1         IN0     A, (REG)
000370 A1          0006M1         AND     C
000371 ED 39 9C    0007M1         OUT0    (REG), A
000374 C1          0008M1         POP     BC
000375             0841   			RES_GPIO PB_ALT2, B
                       M1 Args: REG=PB_ALT2 VAL=B 
000375 C5          0001M1         PUSH    BC
000376 78          0002M1         LD      A, VAL
000377 2F          0003M1         CPL
000378 4F          0004M1         LD      C, A
000379 ED 38 9D    0005M1         IN0     A, (REG)
00037C A1          0006M1         AND     C
00037D ED 39 9D    0007M1         OUT0    (REG), A
000380 C1          0008M1         POP     BC
000381 C9          0842   			RET
000382             0843   
000382             0844   ; Alt Function
000382             0845   ;
000382             0846   GPIOB_M5:		SET_GPIO PB_DDR,  B
                       M1 Args: REG=PB_DDR VAL=B 
000382 ED 38 9B    0001M1         IN0     A, (REG)
000385 B0          0002M1         OR      VAL
000386 ED 39 9B    0003M1         OUT0    (REG), A
000389             0847   			RES_GPIO PB_ALT1, B
                       M1 Args: REG=PB_ALT1 VAL=B 
000389 C5          0001M1         PUSH    BC
00038A 78          0002M1         LD      A, VAL
00038B 2F          0003M1         CPL
00038C 4F          0004M1         LD      C, A
00038D ED 38 9C    0005M1         IN0     A, (REG)
000390 A1          0006M1         AND     C
000391 ED 39 9C    0007M1         OUT0    (REG), A
000394 C1          0008M1         POP     BC
000395             0848   			SET_GPIO PB_ALT2, B
                       M1 Args: REG=PB_ALT2 VAL=B 
000395 ED 38 9D    0001M1         IN0     A, (REG)
000398 B0          0002M1         OR      VAL
000399 ED 39 9D    0003M1         OUT0    (REG), A
00039C C9          0849   			RET
00039D             0850   
00039D             0851   ; Interrupt, Active Low
00039D             0852   ;
00039D             0853   GPIOB_M6:		RES_GPIO PB_DR,   B
                       M1 Args: REG=PB_DR VAL=B 
00039D C5          0001M1         PUSH    BC
00039E 78          0002M1         LD      A, VAL
00039F 2F          0003M1         CPL
0003A0 4F          0004M1         LD      C, A
0003A1 ED 38 9A    0005M1         IN0     A, (REG)
0003A4 A1          0006M1         AND     C
0003A5 ED 39 9A    0007M1         OUT0    (REG), A
0003A8 C1          0008M1         POP     BC
0003A9             0854   			RES_GPIO PB_DDR,  B
                       M1 Args: REG=PB_DDR VAL=B 
0003A9 C5          0001M1         PUSH    BC
0003AA 78          0002M1         LD      A, VAL
0003AB 2F          0003M1         CPL
0003AC 4F          0004M1         LD      C, A
0003AD ED 38 9B    0005M1         IN0     A, (REG)
0003B0 A1          0006M1         AND     C
0003B1 ED 39 9B    0007M1         OUT0    (REG), A
0003B4 C1          0008M1         POP     BC
0003B5             0855   			SET_GPIO PB_ALT1, B
                       M1 Args: REG=PB_ALT1 VAL=B 
0003B5 ED 38 9C    0001M1         IN0     A, (REG)
0003B8 B0          0002M1         OR      VAL
0003B9 ED 39 9C    0003M1         OUT0    (REG), A
0003BC             0856   			SET_GPIO PB_ALT2, B
                       M1 Args: REG=PB_ALT2 VAL=B 
0003BC ED 38 9D    0001M1         IN0     A, (REG)
0003BF B0          0002M1         OR      VAL
0003C0 ED 39 9D    0003M1         OUT0    (REG), A
0003C3 C9          0857   			RET
0003C4             0858   
0003C4             0859   
0003C4             0860   ; Interrupt, Active High
0003C4             0861   ;
0003C4             0862   GPIOB_M7:		SET_GPIO PB_DR,   B
                       M1 Args: REG=PB_DR VAL=B 
0003C4 ED 38 9A    0001M1         IN0     A, (REG)
0003C7 B0          0002M1         OR      VAL
0003C8 ED 39 9A    0003M1         OUT0    (REG), A
0003CB             0863   			RES_GPIO PB_DDR,  B
                       M1 Args: REG=PB_DDR VAL=B 
0003CB C5          0001M1         PUSH    BC
0003CC 78          0002M1         LD      A, VAL
0003CD 2F          0003M1         CPL
0003CE 4F          0004M1         LD      C, A
0003CF ED 38 9B    0005M1         IN0     A, (REG)
0003D2 A1          0006M1         AND     C
0003D3 ED 39 9B    0007M1         OUT0    (REG), A
0003D6 C1          0008M1         POP     BC
0003D7             0864   			SET_GPIO PB_ALT1, B
                       M1 Args: REG=PB_ALT1 VAL=B 
0003D7 ED 38 9C    0001M1         IN0     A, (REG)
0003DA B0          0002M1         OR      VAL
0003DB ED 39 9C    0003M1         OUT0    (REG), A
0003DE             0865   			SET_GPIO PB_ALT2, B
                       M1 Args: REG=PB_ALT2 VAL=B 
0003DE ED 38 9D    0001M1         IN0     A, (REG)
0003E1 B0          0002M1         OR      VAL
0003E2 ED 39 9D    0003M1         OUT0    (REG), A
0003E5 C9          0866   			RET
0003E6             0867   
0003E6             0868   
0003E6             0869   ; Interrupt, Falling Edge
0003E6             0870   ;
0003E6             0871   GPIOB_M8:		RES_GPIO PB_DR,   B
                       M1 Args: REG=PB_DR VAL=B 
0003E6 C5          0001M1         PUSH    BC
0003E7 78          0002M1         LD      A, VAL
0003E8 2F          0003M1         CPL
0003E9 4F          0004M1         LD      C, A
0003EA ED 38 9A    0005M1         IN0     A, (REG)
0003ED A1          0006M1         AND     C
0003EE ED 39 9A    0007M1         OUT0    (REG), A
0003F1 C1          0008M1         POP     BC
0003F2             0872   			SET_GPIO PB_DDR,  B
                       M1 Args: REG=PB_DDR VAL=B 
0003F2 ED 38 9B    0001M1         IN0     A, (REG)
0003F5 B0          0002M1         OR      VAL
0003F6 ED 39 9B    0003M1         OUT0    (REG), A
0003F9             0873   			SET_GPIO PB_ALT1, B
                       M1 Args: REG=PB_ALT1 VAL=B 
0003F9 ED 38 9C    0001M1         IN0     A, (REG)
0003FC B0          0002M1         OR      VAL
0003FD ED 39 9C    0003M1         OUT0    (REG), A
000400             0874   			SET_GPIO PB_ALT2, B
                       M1 Args: REG=PB_ALT2 VAL=B 
000400 ED 38 9D    0001M1         IN0     A, (REG)
000403 B0          0002M1         OR      VAL
000404 ED 39 9D    0003M1         OUT0    (REG), A
000407 C9          0875   			RET
000408             0876   
000408             0877   ; Interrupt, Rising Edge
000408             0878   ;
000408             0879   GPIOB_M9:		SET_GPIO PB_DR,   B
                       M1 Args: REG=PB_DR VAL=B 
000408 ED 38 9A    0001M1         IN0     A, (REG)
00040B B0          0002M1         OR      VAL
00040C ED 39 9A    0003M1         OUT0    (REG), A
00040F             0880   			SET_GPIO PB_DDR,  B
                       M1 Args: REG=PB_DDR VAL=B 
00040F ED 38 9B    0001M1         IN0     A, (REG)
000412 B0          0002M1         OR      VAL
000413 ED 39 9B    0003M1         OUT0    (REG), A
000416             0881   			SET_GPIO PB_ALT1, B
                       M1 Args: REG=PB_ALT1 VAL=B 
000416 ED 38 9C    0001M1         IN0     A, (REG)
000419 B0          0002M1         OR      VAL
00041A ED 39 9C    0003M1         OUT0    (REG), A
00041D             0882   			SET_GPIO PB_ALT2, B
                       M1 Args: REG=PB_ALT2 VAL=B 
00041D ED 38 9D    0001M1         IN0     A, (REG)
000420 B0          0002M1         OR      VAL
000421 ED 39 9D    0003M1         OUT0    (REG), A
000424 C9          0883   			RET
000425             0884   ; --- End agon_gpio.asm ---
000425             0885   
000425             0886   ; --- Begin agon_interrupt.asm ---
000425             0887   ;
000425             0888   ; Title:	BBC Basic for AGON - Interrupts
000425             0889   ; Author:	Dean Belfield
000425             0890   ; Created:	04/12/2024
000425             0891   ; Last Updated:	04/12/2024
000425             0892   ;
000425             0893   ; Modinfo:
000425             0894   
000425             0895   			.ASSUME	ADL = 0
000425             0896   ;	.ORG 0x0000
000425             0897   
000425             0898   			; INCLUDE	"macros.inc"
000425             0899   			; INCLUDE	"equs.inc"
000425             0900   			; INCLUDE "mos_api.inc"	; In MOS/src
000425             0901   
000425             0902   ;			SEGMENT CODE
000425             0903   
000425             0904   ;			XDEF	VBLANK_INIT
000425             0905   ;			XDEF	VBLANK_STOP
000425             0906   ;			XDEF	VBLANK_HANDLER
000425             0907   
000425             0908   ;			XREF	ESCSET
000425             0909   ;			XREF	KEYDOWN		; In ram.asm
000425             0910   ;			XREF	KEYASCII 	; In ram.asm
000425             0911   ;			XREF	KEYCOUNT	; In ram.asm
000425             0912   
000425             0913   ; Hook into the MOS VBLANK interrupt
000425             0914   ;
000425 F3          0915   VBLANK_INIT:		DI
000426             0916   
000426 ED 6E       0917   			LD		A, MB 				; Get a 24-bit pointer to
000428 21 A3 04    0918   			LD		HL, VBLANK_HANDLER		; this interrupt handler routine who's
00042B CD 65 04    0919   			CALL		SET_AHL16 			; address is a 16-bit pointer in BBC BASIC's segment
00042E             0920   
00042E 1E 32       0921   			LD		E, 32h				; Set up the VBlank Interrupt Vector
000430             0922   			MOSCALL		mos_setintvector
                       M1 Args: function=mos_setintvector 
000430 3E 14       0001M1 			LD	A, function
000432 49 CF       0002M1 			RST.LIS	08h
000434             0923   
000434 5B E5       0924   			PUSH.LIL	HL				; HLU: Pointer to the MOS interrupt vector
000436 5B D1       0925   			POP.LIL		DE 				; DEU: Pointer to the MOS interrupt vector
000438             0926   
000438 21 BB 04    0927   			LD		HL, VBLANK_HANDLER_JP + 1	; Pointer to the JP address in this segment
00043B ED 6E       0928   			LD		A, MB	 			; Get the segment BBC BASIC is running in
00043D 32 AC 04    0929   			LD		(VBLANK_HANDLER_MB + 1), A 	; Store in the interrupt handler
000440 CD 65 04    0930   			CALL		SET_AHL16 			; Convert pointer to an absolute 24-bit address
000443 5B ED 1F    0931   			LD.LIL		(HL), DE			; Self-modify the code
000446 FB          0932   			EI
000447 C9          0933   			RET
000448             0934   
000448             0935   ; Unhook the custom VBLANK interrupt
000448             0936   ;
000448 F3          0937   VBLANK_STOP:		DI
000449 21 BB 04    0938   			LD		HL, VBLANK_HANDLER_JP + 1	; Pointer to the JP address in this segment
00044C 3A AC 04    0939   			LD		A, (VBLANK_HANDLER_MB + 1)	; The stored MB of the segment BBC BASIC is running in
00044F F5          0940   			PUSH		AF 				; Stack the MB for later
000450 CD 65 04    0941   			CALL		SET_AHL16			; Convert pointer to an absolute 24-bit address
000453 5B ED 17    0942   			LD.LIL		DE, (HL)			; DEU: Address of MOS interrupt vector
000456 5B D5       0943   			PUSH.LIL	DE				; Transfer to HL
000458 5B E1       0944   			POP.LIL		HL
00045A 1E 32       0945   			LD		E, 32h
00045C             0946   			MOSCALL		mos_setintvector		; Restore the MOS interrupt vector
                       M1 Args: function=mos_setintvector 
00045C 3E 14       0001M1 			LD	A, function
00045E 49 CF       0002M1 			RST.LIS	08h
000460 F1          0947   			POP		AF 				; Restore MB to this segment
000461 ED 6D       0948   			LD		MB, A
000463 FB          0949   			EI
000464 C9          0950   			RET
000465             0951   
000465             0952   ; Set the MSB of HL (U) to A
000465             0953   ;
000465 5B E5       0954   SET_AHL16:		PUSH.LIL	HL
000467 5B 21 02 00 0955   			LD.LIL		HL, 2
       00          
00046C 5B 39       0956   			ADD.LIL		HL, SP
00046E 5B 77       0957   			LD.LIL		(HL), A
000470 5B E1       0958   			POP.LIL		HL
000472 C9          0959   			RET
000473             0960   
000473             0961   ; A safe LIS call to ESCSET
000473             0962   ;
000473             0963   DO_KEYBOARD:		MOSCALL		mos_sysvars			; Get the system variables
                       M1 Args: function=mos_sysvars 
000473 3E 08       0001M1 			LD	A, function
000475 49 CF       0002M1 			RST.LIS	08h
000477 21 07 52    0964   			LD		HL, KEYCOUNT 			; Check whether the keycount has changed
00047A 5B DD 7E 19 0965   			LD.LIL		A, (IX + sysvar_vkeycount)	; by comparing the MOS copy
00047E BE          0966   			CP 		(HL)				; with our local copy
00047F 20 09       0967   			JR		NZ, DO_KEYBOARD_1		; Yes it has, so jump to the next bit
000481             0968   ;
000481 AF          0969   DO_KEYBOARD_0:		XOR		A 				; Clear the keyboard values
000482 32 06 52    0970   			LD		(KEYASCII), A
000485 32 05 52    0971   			LD		(KEYDOWN), A
000488 5B C9       0972   			RET.LIL 					; And return
00048A             0973   ;
00048A 77          0974   DO_KEYBOARD_1:		LD		(HL), A 			; Store the updated local copy of keycount
00048B 5B DD 7E 18 0975   			LD.LIL		A, (IX + sysvar_vkeydown)	; Fetch key down value (1 = key down, 0 = key up)
00048F B7          0976   			OR		A
000490 28 EF       0977   			JR		Z, DO_KEYBOARD_0		; If it is key up, then clear the keyboard values
000492             0978   ;
000492 32 05 52    0979   			LD		(KEYDOWN), A 			; Store the keydown value
000495 5B DD 7E 05 0980   			LD.LIL		A, (IX + sysvar_keyascii)	; Fetch key ASCII value
000499 32 06 52    0981   			LD		(KEYASCII), A 			; Store locally
00049C FE 1B       0982   			CP		1Bh				; Is it escape?
00049E CC 18 06    0983   			CALL		Z, ESCSET			; Yes, so set the escape flags
0004A1 49 C9       0984   			RET.LIS						; Return to the interrupt handler
0004A3             0985   
0004A3             0986   ;
0004A3             0987   ; Interrupts in mixed mode always run in ADL mode
0004A3             0988   ;
0004A3             0989   			.ASSUME	ADL = 1
0004A3             0990   
0004A3 F3          0991   VBLANK_HANDLER:		DI
0004A4 F5          0992   			PUSH		AF
0004A5 E5          0993   			PUSH		HL
0004A6 DD E5       0994   			PUSH		IX
0004A8 ED 6E       0995   			LD		A, MB
0004AA F5          0996   			PUSH		AF
0004AB 3E 00       0997   VBLANK_HANDLER_MB:	LD		A, 0				; This is self-modified by VBLANK_INIT
0004AD ED 6D       0998   			LD		MB, A
0004AF 49 CD 73 04 0999   			CALL.LIS	DO_KEYBOARD
0004B3 F1          1000   			POP		AF
0004B4 ED 6D       1001   			LD		MB, A
0004B6 DD E1       1002   			POP		IX
0004B8 E1          1003   			POP		HL
0004B9 F1          1004   			POP		AF
0004BA             1005   ;
0004BA             1006   ; Finally jump to the MOS interrupt
0004BA             1007   ;
0004BA C3 00 00 00 1008   VBLANK_HANDLER_JP:	JP		0				; This is self-modified by VBLANK_INIT
0004BE             1009   ; --- End agon_interrupt.asm ---
0004BE             1010   
0004BE             1011   ; --- Begin agon_misc.asm ---
0004BE             1012   ;
0004BE             1013   ; Title:	BBC Basic for AGON - Miscellaneous helper functions
0004BE             1014   ; Author:	Dean Belfield
0004BE             1015   ; Created:	04/12/2024
0004BE             1016   ; Last Updated:	04/12/2024
0004BE             1017   ;
0004BE             1018   ; Modinfo:
0004BE             1019   
0004BE             1020   			; INCLUDE	"equs.inc"
0004BE             1021   			; INCLUDE	"macros.inc"
0004BE             1022   
0004BE             1023   			.ASSUME	ADL = 0
0004BE             1024   ;	.ORG 0x0000
0004BE             1025   
0004BE             1026   ;			SEGMENT CODE
0004BE             1027   
0004BE             1028   ;			XDEF	ASC_TO_NUMBER
0004BE             1029   ;			XDEF	SWITCH_A
0004BE             1030   ;			XDEF	NULLTOCR
0004BE             1031   ;			XDEF	CRTONULL
0004BE             1032   ;			XDEF	CSTR_FNAME
0004BE             1033   ;			XDEF	CSTR_LINE
0004BE             1034   ;			XDEF	CSTR_FINDCH
0004BE             1035   ;			XDEF	CSTR_ENDSWITH
0004BE             1036   ;			XDEF	CSTR_CAT
0004BE             1037   
0004BE             1038   ;			XREF	OSWRCH
0004BE             1039   ;			XREF	KEYWDS
0004BE             1040   ;			XREF	KEYWDL
0004BE             1041   
0004BE             1042   ; Read a number and convert to binary
0004BE             1043   ; If prefixed with &, will read as hex, otherwise decimal
0004BE             1044   ;   Inputs: HL: Pointer in string buffer
0004BE             1045   ;  Outputs: HL: Updated text pointer
0004BE             1046   ;           DE: Value
0004BE             1047   ;            A: Terminator (spaces skipped)
0004BE             1048   ; Destroys: A,D,E,H,L,F
0004BE             1049   ;
0004BE C5          1050   ASC_TO_NUMBER:		PUSH	BC			; Preserve BC
0004BF 11 00 00    1051   			LD	DE, 0			; Initialise DE
0004C2 CD 02 05    1052   			CALL	SKIPSPmisc			; Skip whitespace
0004C5 7E          1053   			LD	A, (HL)			; Read first character
0004C6 FE 26       1054   			CP	'&'			; Is it prefixed with '&' (HEX number)?
0004C8 20 1E       1055   			JR	NZ, ASC_TO_NUMBER3	; Jump to decimal parser if not
0004CA 23          1056   			INC	HL			; Otherwise fall through to ASC_TO_HEX
0004CB             1057   ;
0004CB 7E          1058   ASC_TO_NUMBER1:		LD	A, (HL)			; Fetch the character
0004CC CD 10 05    1059   			CALL    UPPRCmisc			; Convert to uppercase
0004CF D6 30       1060   			SUB	'0'			; Normalise to 0
0004D1 38 2E       1061   			JR 	C, ASC_TO_NUMBER4	; Return if < ASCII '0'
0004D3 FE 0A       1062   			CP 	10			; Check if >= 10
0004D5 38 06       1063   			JR 	C,ASC_TO_NUMBER2	; No, so skip next bit
0004D7 D6 07       1064   			SUB 	7			; Adjust ASCII A-F to nibble
0004D9 FE 10       1065   			CP 	16			; Check for > F
0004DB 30 24       1066   			JR 	NC, ASC_TO_NUMBER4	; Return if out of range
0004DD EB          1067   ASC_TO_NUMBER2:		EX 	DE, HL 			; Shift DE left 4 times
0004DE 29          1068   			ADD	HL, HL
0004DF 29          1069   			ADD	HL, HL
0004E0 29          1070   			ADD	HL, HL
0004E1 29          1071   			ADD	HL, HL
0004E2 EB          1072   			EX	DE, HL
0004E3 B3          1073   			OR      E			; OR the new digit in to the least significant nibble
0004E4 5F          1074   			LD      E, A
0004E5 23          1075   			INC     HL			; Onto the next character
0004E6 18 E3       1076   			JR      ASC_TO_NUMBER1		; And loop
0004E8             1077   ;
0004E8 7E          1078   ASC_TO_NUMBER3:		LD	A, (HL)
0004E9 D6 30       1079   			SUB	'0'			; Normalise to 0
0004EB 38 14       1080   			JR	C, ASC_TO_NUMBER4	; Return if < ASCII '0'
0004ED FE 0A       1081   			CP	10			; Check if >= 10
0004EF 30 10       1082   			JR	NC, ASC_TO_NUMBER4	; Return if >= 10
0004F1 EB          1083   			EX 	DE, HL 			; Stick DE in HL
0004F2 44          1084   			LD	B, H 			; And copy HL into BC
0004F3 4D          1085   			LD	C, L
0004F4 29          1086   			ADD	HL, HL 			; x 2
0004F5 29          1087   			ADD	HL, HL 			; x 4
0004F6 09          1088   			ADD	HL, BC 			; x 5
0004F7 29          1089   			ADD	HL, HL 			; x 10
0004F8 EB          1090   			EX	DE, HL
0004F9             1091   			ADD8U_DE 			; Add A to DE (macro)
                       M1 Args: none
0004F9 83          0001M1         ADD     A, E
0004FA 5F          0002M1         LD      E, A
0004FB 8A          0003M1         ADC     A, D
0004FC 93          0004M1         SUB     E
0004FD 57          0005M1         LD      D, A
0004FE 23          1092   			INC	HL
0004FF 18 E7       1093   			JR	ASC_TO_NUMBER3
000501 C1          1094   ASC_TO_NUMBER4:		POP	BC 			; Fall through to SKIPSP here
000502             1095   
000502             1096   ; Skip a space
000502             1097   ; HL: Pointer in string buffer
000502             1098   ;
000502 7E          1099   SKIPSPmisc:			LD      A, (HL)
000503 FE 20       1100   			CP      ' '
000505 C0          1101   			RET     NZ
000506 23          1102   			INC     HL
000507 18 F9       1103   			JR      SKIPSPmisc
000509             1104   
000509             1105   ; Skip a string
000509             1106   ; HL: Pointer in string buffer
000509             1107   ;
000509 7E          1108   SKIPNOTSP:		LD	A, (HL)
00050A FE 20       1109   			CP	' '
00050C C8          1110   			RET	Z
00050D 23          1111   			INC	HL
00050E 18 F9       1112   			JR	SKIPNOTSP
000510             1113   
000510             1114   ; Convert a character to upper case
000510             1115   ;  A: Character to convert
000510             1116   ;
000510 E6 7F       1117   UPPRCmisc:  		AND     7FH
000512 FE 60       1118   			CP      '`'
000514 D8          1119   			RET     C
000515 E6 5F       1120   			AND     5FH			; Convert to upper case
000517 C9          1121   			RET
000518             1122   
000518             1123   ; Switch on A - lookup table immediately after call
000518             1124   ;  A: Index into lookup table
000518             1125   ;
000518 E3          1126   SWITCH_A:		EX	(SP), HL		; Swap HL with the contents of the top of the stack
000519 87          1127   			ADD	A, A			; Multiply A by two
00051A             1128   			ADD8U_HL 			; Add to HL (macro)
                       M1 Args: none
00051A 85          0001M1         ADD     A, L
00051B 6F          0002M1         LD      L, A
00051C 8C          0003M1         ADC     A, H
00051D 95          0004M1         SUB     L
00051E 67          0005M1         LD      H, A
00051F 7E          1129   			LD	A, (HL)			; follow the call. Fetch an address from the
000520 23          1130   			INC	HL 			; table.
000521 66          1131   			LD	H, (HL)
000522 6F          1132   			LD	L, A
000523 E3          1133   			EX	(SP), HL		; Swap this new address back, restores HL
000524 C9          1134   			RET				; Return program control to this new address
000525             1135   
000525             1136   ; Convert the buffer to a null terminated string and back
000525             1137   ; HL: Buffer address
000525             1138   ;
000525 C5          1139   NULLTOCR:		PUSH 	BC
000526 06 00       1140   			LD	B, 0
000528 0E 0D       1141   			LD	C, CR
00052A 18 05       1142   			JR	CRTONULL0
00052C             1143   ;
00052C C5          1144   CRTONULL:		PUSH	BC
00052D 06 0D       1145   			LD	B, CR
00052F 0E 00       1146   			LD	C, 0
000531             1147   ;
000531 E5          1148   CRTONULL0:		PUSH	HL
000532 7E          1149   CRTONULL1:		LD	A, (HL)
000533 B8          1150   			CP 	B
000534 28 03       1151   			JR	Z, CRTONULL2
000536 23          1152   			INC	HL
000537 18 F9       1153   			JR	CRTONULL1
000539 71          1154   CRTONULL2:		LD	(HL), C
00053A E1          1155   			POP 	HL
00053B C1          1156   			POP	BC
00053C C9          1157   			RET
00053D             1158   
00053D             1159   ; Copy a filename to DE and zero terminate it
00053D             1160   ; HL: Source
00053D             1161   ; DE: Destination (ACCS)
00053D             1162   ;
00053D 7E          1163   CSTR_FNAME:		LD	A, (HL)			; Get source
00053E FE 20       1164   			CP	32			; Is it space
000540 28 09       1165   			JR	Z, @F
000542 FE 0D       1166   			CP	CR			; Or is it CR
000544 28 05       1167   			JR	Z, @F
000546 12          1168   			LD	(DE), A			; No, so store
000547 23          1169   			INC	HL			; Increment
000548 13          1170   			INC	DE
000549 18 F2       1171   			JR	CSTR_FNAME		; And loop
00054B AF          1172   @@:			XOR	A			; Zero terminate the target string
00054C 12          1173   			LD	(DE), A
00054D 13          1174   			INC	DE			; And point to next free address
00054E C9          1175   			RET
00054F             1176   
00054F             1177   ; Copy a CR terminated line to DE and zero terminate it
00054F             1178   ; HL: Source
00054F             1179   ; DE: Destination (ACCS)
00054F             1180   ;
00054F 7E          1181   CSTR_LINE:		LD	A, (HL)			; Get source
000550 FE 0D       1182   			CP	CR			; Is it CR
000552 28 05       1183   			JR	Z, @F
000554 12          1184   			LD	(DE), A			; No, so store
000555 23          1185   			INC	HL			; Increment
000556 13          1186   			INC	DE
000557 18 F6       1187   			JR	CSTR_LINE		; And loop
000559 AF          1188   @@:			XOR	A			; Zero terminate the target string
00055A 12          1189   			LD	(DE), A
00055B 13          1190   			INC	DE			; And point to next free address
00055C C9          1191   			RET
00055D             1192   
00055D             1193   ; Find the first occurrence of a character (case sensitive)
00055D             1194   ; HL: Source
00055D             1195   ;  C: Character to find
00055D             1196   ; Returns:
00055D             1197   ; HL: Pointer to character, or end of string marker
00055D             1198   ;
00055D 7E          1199   CSTR_FINDCH:		LD	A, (HL)			; Get source
00055E B9          1200   			CP	C			; Is it our character?
00055F C8          1201   			RET	Z			; Yes, so exit
000560 B7          1202   			OR	A			; Is it the end of string?
000561 C8          1203   			RET	Z			; Yes, so exit
000562 23          1204   			INC	HL
000563 18 F8       1205   			JR	CSTR_FINDCH
000565             1206   
000565             1207   ; Check whether a string ends with another string (case insensitive)
000565             1208   ; HL: Source
000565             1209   ; DE: The substring we want to test with
000565             1210   ; Returns:
000565             1211   ;  F: Z if HL ends with DE, otherwise NZ
000565             1212   ;
000565 7E          1213   CSTR_ENDSWITH:		LD	A, (HL)			; Get the source string byte
000566 CD 10 05    1214   			CALL	UPPRCmisc			; Convert to upper case
000569 4F          1215   			LD	C, A
00056A 1A          1216   			LD	A, (DE)			; Get the substring byte
00056B B9          1217   			CP	C
00056C C0          1218   			RET	NZ			; Return NZ if at any point the strings don't match
00056D B1          1219   			OR	C			; Check whether both bytes are zero
00056E C8          1220   			RET	Z			; If so, return, as we have reached the end of both strings
00056F 23          1221   			INC	HL
000570 13          1222   			INC	DE
000571 18 F2       1223   			JR	CSTR_ENDSWITH		; And loop
000573             1224   
000573             1225   ; Concatenate a string onto the end of another string
000573             1226   ; HL: Source
000573             1227   ; DE: Second string
000573             1228   ;
000573 7E          1229   CSTR_CAT:		LD	A, (HL)			; Loop until we find the end of the first string
000574 B7          1230   			OR	A
000575 28 03       1231   			JR	Z, CSTR_CAT_1
000577 23          1232   			INC	HL
000578 18 F9       1233   			JR	CSTR_CAT
00057A             1234   ;
00057A 1A          1235   CSTR_CAT_1:		LD	A, (DE)			; Copy the second string onto the end of the first string
00057B 77          1236   			LD	(HL), A
00057C B7          1237   			OR	A			; Check for end of string
00057D C8          1238   			RET	Z			; And return
00057E 23          1239   			INC	HL
00057F 13          1240   			INC	DE
000580 18 F8       1241   			JR	CSTR_CAT_1		; Loop until finished
000582             1242   ; --- End agon_misc.asm ---
000582             1243   
000582             1244   ; --- Begin agon_os.asm ---
000582             1245   ;
000582             1246   ; Title:	BBC Basic for AGON - MOS stuff
000582             1247   ; Author:	Dean Belfield
000582             1248   ; Created:	04/12/2024
000582             1249   ; Last Updated:	17/12/2024
000582             1250   ;
000582             1251   ; Modinfo:
000582             1252   ; 08/12/2024:	Added OSCLI and file I/O
000582             1253   ; 11/12/2024:	Added ESC key handling
000582             1254   ; 		Added OSWORD
000582             1255   ; 12/12/2024:	Added OSRDCH, OSBYTE_81 and fixed *EDIT
000582             1256   ; 17/12/2024:	Added OSWORD_01, OSWORD_02, OSWORD_0E, GET$(x,y), fixed INKEY, POS, VPOS and autoload
000582             1257   
000582             1258   			.ASSUME	ADL = 0
000582             1259   
000582             1260   			; INCLUDE	"equs.inc"
000582             1261   			; INCLUDE "macros.inc"
000582             1262   			; INCLUDE "mos_api.inc"	; In MOS/src
000582             1263   
000582             1264   			; SEGMENT CODE
000582             1265   
000582             1266   			; XDEF	OSWORD
000582             1267   			; XDEF	OSBYTE
000582             1268   			; XDEF	OSINIT
000582             1269   			; XDEF	OSOPEN
000582             1270   			; XDEF	OSSHUT
000582             1271   			; XDEF	OSLOAD
000582             1272   			; XDEF	OSSAVE
000582             1273   			; XDEF	OSLINE
000582             1274   			; XDEF	OSSTAT
000582             1275   			; XDEF	OSWRCH
000582             1276   			; XDEF	OSRDCH
000582             1277   			; XDEF	OSBGET
000582             1278   			; XDEF	OSBPUT
000582             1279   			; XDEF	OSCLI
000582             1280   			; XDEF	PROMPT
000582             1281   			; XDEF	GETPTR
000582             1282   			; XDEF	PUTPTR
000582             1283   			; XDEF	GETEXT
000582             1284   			; XDEF	TRAP
000582             1285   			; XDEF	LTRAP
000582             1286   			; XDEF	BYE
000582             1287   			; XDEF	RESET
000582             1288   			; XDEF	ESCSET
000582             1289   
000582             1290   			; XREF	EXTERR
000582             1291   			; XREF	VBLANK_INIT
000582             1292   			; XREF	VBLANK_STOP
000582             1293   			; XREF	USER
000582             1294   			; XREF	COUNT
000582             1295   			; XREF	COUNT0
000582             1296   			; XREF	COUNT1
000582             1297   			; XREF	GETCSR
000582             1298   			; XREF	GETSCHR_1
000582             1299   			; XREF	NULLTOCR
000582             1300   			; XREF	CRLF
000582             1301   			; XREF	FLAGS
000582             1302   			; XREF	OSWRCHPT
000582             1303   			; XREF	OSWRCHCH
000582             1304   			; XREF	OSWRCHFH
000582             1305   			; XREF	KEYASCII
000582             1306   			; XREF	KEYDOWN
000582             1307   			; XREF	LISTON
000582             1308   			; XREF	PAGE_
000582             1309   			; XREF	CSTR_FNAME
000582             1310   			; XREF	CSTR_FINDCH
000582             1311   			; XREF	CSTR_CAT
000582             1312   			; XREF	CSTR_ENDSWITH
000582             1313   			; XREF	CSTR_LINE
000582             1314   			; XREF	NEWIT
000582             1315   			; XREF	BAD
000582             1316   			; XREF	CLEAN
000582             1317   			; XREF	LINNUM
000582             1318   			; XREF	BUFFER
000582             1319   			; XREF	NXT
000582             1320   			; XREF	ERROR_
000582             1321   			; XREF	XEQ
000582             1322   			; XREF	LEXAN2
000582             1323   			; XREF	GETTOP
000582             1324   			; XREF	FINDL
000582             1325   			; XREF	DEL
000582             1326   			; XREF	LISTIT
000582             1327   			; XREF	ESCAPE
000582             1328   			; XREF	ASC_TO_NUMBER
000582             1329   			; XREF	CLOOP
000582             1330   			; XREF	SCRAP
000582             1331   			; XREF	POINT_
000582             1332   			; XREF	SOUND_
000582             1333   			; XREF	EXPRI
000582             1334   			; XREF	COMMA
000582             1335   			; XREF	BRAKET
000582             1336   			; XREF 	GETSCHR
000582             1337   			; XREF	ZERO
000582             1338   			; XREF	TRUE
000582             1339   
000582             1340   ;OSINIT - Initialise RAM mapping etc.
000582             1341   ;If BASIC is entered by BBCBASIC FILENAME then file
000582             1342   ;FILENAME.BBC is automatically CHAINed.
000582             1343   ;   Outputs: DE = initial value of HIMEM (top of RAM)
000582             1344   ;            HL = initial value of PAGE (user program)
000582             1345   ;            Z-flag reset indicates AUTO-RUN.
000582             1346   ;  Destroys: A,D,E,H,L,F
000582             1347   ;
000582 CD 25 04    1348   OSINIT:			CALL	VBLANK_INIT
000585 AF          1349   			XOR	A
000586 32 00 52    1350   			LD	(FLAGS), A		; Clear flags and set F = Z
000589 21 00 56    1351   			LD 	HL, USER
00058C 11 00 FF    1352   			LD	DE, RAM_Top
00058F 5F          1353   			LD	E, A			; Page boundary
000590 3A 00 53    1354   			LD	A, (ACCS)		; Return NZ if there is a file to chain
000593 B7          1355   			OR	A
000594 C9          1356   			RET
000595             1357   
000595             1358   ; PROMPT: output the input prompt
000595             1359   ;
000595 3E 3E       1360   PROMPT: 		LD	A,'>'			; Falls through to OSWRCH
000597             1361   
000597             1362   ; OSWRCH: Write a character out to the ESP32 VDU handler via the MOS
000597             1363   ; Parameters:
000597             1364   ; - A: Character to write
000597             1365   ;
000597 E5          1366   OSWRCH:			PUSH	HL
000598 21 FE 55    1367   			LD	HL, LISTON		; Fetch the LISTON variable
00059B CB 5E       1368   			BIT	3, (HL)			; Check whether we are in *EDIT mode
00059D 20 0A       1369   			JR	NZ, OSWRCH_BUFFER	; Yes, so just output to buffer
00059F             1370   ;
00059F 2A 03 52    1371   			LD	HL, (OSWRCHCH)		; L: Channel #
0005A2 2D          1372   			DEC	L			; If it is 1
0005A3 28 17       1373   			JR	Z, OSWRCH_FILE		; Then we are outputting to a file
0005A5             1374   ;
0005A5 E1          1375   			POP	HL			; Otherwise
0005A6 49 D7       1376   			RST.LIS	10h			; Output the character to MOS
0005A8 C9          1377   			RET
0005A9             1378   ;
0005A9 2A 01 52    1379   OSWRCH_BUFFER:		LD	HL, (OSWRCHPT)		; Fetch the pointer buffer
0005AC FE 0A       1380   			CP	0AH			; Just ignore this
0005AE 28 0A       1381   			JR	Z, OSWRCH_BUFFER2
0005B0 FE 0D       1382   			CP	0DH			; Is it the end of line?
0005B2 20 01       1383   			JR	NZ, OSWRCH_BUFFER1	; No, so carry on
0005B4 AF          1384   			XOR	A			; Turn it into a NUL character
0005B5 77          1385   OSWRCH_BUFFER1:		LD	(HL), A			; Echo the character into the buffer
0005B6 23          1386   			INC	HL			; Increment pointer
0005B7 22 01 52    1387   			LD	(OSWRCHPT), HL		; Write pointer back
0005BA E1          1388   OSWRCH_BUFFER2:		POP	HL
0005BB C9          1389   			RET
0005BC             1390   ;
0005BC D5          1391   OSWRCH_FILE:		PUSH	DE
0005BD 5C          1392   			LD	E, H			; Filehandle to E
0005BE CD 65 06    1393   			CALL	OSBPUT			; Write the byte out
0005C1 D1          1394   			POP	DE
0005C2 E1          1395   			POP	HL
0005C3 C9          1396   			RET
0005C4             1397   
0005C4             1398   ; OSRDCH
0005C4             1399   ;
0005C4 CD 97 45    1400   OSRDCH:			CALL    NXT			; Check if we are doing GET$(x,y)
0005C7 FE 28       1401   			CP      '('
0005C9 28 09       1402   			JR	Z, @F 			; Yes, so skip to that functionality
0005CB             1403   			MOSCALL	mos_getkey		; Otherwise, read keyboard
                       M1 Args: function=mos_getkey 
0005CB 3E 00       0001M1 			LD	A, function
0005CD 49 CF       0002M1 			RST.LIS	08h
0005CF FE 1B       1404   			CP	1Bh
0005D1 28 6A       1405   			JR	Z, LTRAP1
0005D3 C9          1406   			RET
0005D4             1407   ;
0005D4 FD 23       1408   @@:			INC	IY			; Skip '('
0005D6 CD B7 18    1409   			CALL    EXPRI         	  	; Get the first parameter
0005D9 D9          1410   			EXX
0005DA E5          1411   			PUSH	HL
0005DB CD 2D 21    1412   			CALL	COMMA			; Get the second parameter
0005DE CD B7 18    1413   			CALL	EXPRI
0005E1 D9          1414   			EXX
0005E2 D1          1415   			POP	DE 			; DE: X coordinate
0005E3 CD 39 21    1416   			CALL	BRAKET 			; Check for trailing bracket
0005E6 C3 BD 01    1417   			JP 	GETSCHR			; Read the character
0005E9             1418   
0005E9             1419   ; OSLINE: Invoke the line editor
0005E9             1420   ;
0005E9 1E 01       1421   OSLINE:			LD 	E, 1			; Default is to clear the buffer
0005EB             1422   
0005EB             1423   ; Entry point to line editor that does not clear the buffer
0005EB             1424   ; Parameters:
0005EB             1425   ; - HL: addresses destination buffer (on page boundary)
0005EB             1426   ; Returns:
0005EB             1427   ; -  A: 0
0005EB             1428   ; NB: Buffer filled, terminated by CR
0005EB             1429   ;
0005EB FD E5       1430   OSLINE1:		PUSH	IY
0005ED E5          1431   			PUSH	HL			; Buffer address
0005EE 01 00 01    1432   			LD	BC, 256			; Buffer length
0005F1             1433   			MOSCALL	mos_editline		; Call the MOS line editor
                       M1 Args: function=mos_editline 
0005F1 3E 09       0001M1 			LD	A, function
0005F3 49 CF       0002M1 			RST.LIS	08h
0005F5 E1          1434   			POP	HL			; Pop the address
0005F6 FD E1       1435   			POP	IY
0005F8 F5          1436   			PUSH	AF			; Stack the return value (key pressed)
0005F9 CD 25 05    1437   			CALL	NULLTOCR		; Turn the 0 character to a CR
0005FC CD 87 41    1438   			CALL	CRLF			; Display CRLF
0005FF F1          1439   			POP	AF
000600 FE 1B       1440   			CP	1Bh 			; Check if ESC terminated the input
000602 CA 3D 06    1441   			JP	Z, LTRAP1 		; Yes, so do the ESC thing
000605 3A 00 52    1442   			LD	A, (FLAGS)		; Otherwise
000608 CB BF       1443   			RES	7, A 			; Clear the escape flag
00060A 32 00 52    1444   			LD	(FLAGS), A
00060D CD 0F 0B    1445   			CALL	WAIT_VBLANK 		; Wait a frame
000610 AF          1446    			XOR	A			; Return A = 0
000611 32 05 52    1447   			LD	(KEYDOWN), A
000614 32 06 52    1448   			LD	(KEYASCII), A
000617 C9          1449   			RET
000618             1450   
000618             1451   ;
000618             1452   ; ESCSET
000618             1453   ; Set the escape flag (bit 7 of FLAGS = 1) if escape is enabled (bit 6 of FLAGS = 0)
000618             1454   ;
000618 E5          1455   ESCSET: 		PUSH    HL
000619 21 00 52    1456           		LD      HL,FLAGS		; Pointer to FLAGS
00061C CB 76       1457           		BIT     6,(HL)			; If bit 6 is set, then
00061E 20 02       1458           		JR      NZ,ESCDIS		; escape is disabled, so skip
000620 CB FE       1459           		SET     7,(HL)			; Set bit 7, the escape flag
000622 E1          1460   ESCDIS: 		POP     HL
000623 C9          1461           		RET
000624             1462   
000624             1463   ;
000624             1464   ; ESCTEST
000624             1465   ; Test for ESC key
000624             1466   ;
000624 CD 2D 06    1467   ESCTEST:		CALL	READKEY			; Read the keyboard
000627 C0          1468   			RET	NZ			; Skip if no key is pressed
000628 FE 1B       1469   			CP	1BH			; If ESC pressed then
00062A 28 EC       1470   			JR	Z,ESCSET		; jump to the escape set routine
00062C C9          1471   			RET
00062D             1472   
00062D             1473   ; Read the keyboard
00062D             1474   ; Returns:
00062D             1475   ; - A: ASCII of the pressed key
00062D             1476   ; - F: Z if the key is pressed, otherwise NZ
00062D             1477   ;
00062D 3A 05 52    1478   READKEY:		LD	A, (KEYDOWN)		; Get key down
000630 3D          1479   			DEC	A 			; Set Z flag if keydown is 1
000631 3A 06 52    1480   			LD	A, (KEYASCII)		; Get key ASCII value
000634 C9          1481   			RET
000635             1482   ;
000635             1483   ; TRAP
000635             1484   ; This is called whenever BASIC needs to check for ESC
000635             1485   ;
000635 CD 24 06    1486   TRAP:			CALL	ESCTEST			; Read keyboard, test for ESC, set FLAGS
000638             1487   ;
000638 3A 00 52    1488   LTRAP:			LD	A,(FLAGS)		; Get FLAGS
00063B B7          1489   			OR	A			; This checks for bit 7; if it is not set then the result will
00063C F0          1490   			RET	P			; be positive (bit 7 is the sign bit in Z80), so return
00063D 21 00 52    1491   LTRAP1:			LD	HL,FLAGS 		; Escape is pressed at this point, so
000640 CB BE       1492   			RES	7,(HL)			; Clear the escape pressed flag and
000642 C3 6D 26    1493   			JP	ESCAPE			; Jump to the ESCAPE error routine in exec.asm
000645             1494   
000645             1495   ; RESET
000645             1496   ;
000645 C9          1497   RESET:			RET				; Yes this is fine
000646             1498   
000646             1499   ; OSOPEN
000646             1500   ; HL: Pointer to path
000646             1501   ;  F: C Z
000646             1502   ;     x x OPENIN
000646             1503   ; 	  OPENOUT
000646             1504   ;     x	  OPENUP
000646             1505   ; Returns:
000646             1506   ;  A: Filehandle, 0 if cannot open
000646             1507   ;
000646 0E 01       1508   OSOPEN:			LD	C, fa_read
000648 28 06       1509   			JR	Z, @F
00064A 0E 32       1510   			LD	C, fa_write | fa_open_append
00064C 38 02       1511   			JR	C, @F
00064E 0E 0A       1512   			LD	C, fa_write | fa_create_always
000650             1513   @@:			MOSCALL	mos_fopen
                       M1 Args: function=mos_fopen 
000650 3E 0A       0001M1 			LD	A, function
000652 49 CF       0002M1 			RST.LIS	08h
000654 C9          1514   			RET
000655             1515   
000655             1516   ;OSSHUT - Close disk file(s).
000655             1517   ; E = file channel
000655             1518   ;  If E=0 all files are closed (except SPOOL)
000655             1519   ; Destroys: A,B,C,D,E,H,L,F
000655             1520   ;
000655 C5          1521   OSSHUT:			PUSH	BC
000656 4B          1522   			LD	C, E
000657             1523   			MOSCALL	mos_fclose
                       M1 Args: function=mos_fclose 
000657 3E 0B       0001M1 			LD	A, function
000659 49 CF       0002M1 			RST.LIS	08h
00065B C1          1524   			POP	BC
00065C C9          1525   			RET
00065D             1526   
00065D             1527   ; OSBGET - Read a byte from a random disk file.
00065D             1528   ;  E = file channel
00065D             1529   ; Returns
00065D             1530   ;  A = byte read
00065D             1531   ;  Carry set if LAST BYTE of file
00065D             1532   ; Destroys: A,B,C,F
00065D             1533   ;
00065D C5          1534   OSBGET:			PUSH	BC
00065E 4B          1535   			LD	C, E
00065F             1536   			MOSCALL	mos_fgetc
                       M1 Args: function=mos_fgetc 
00065F 3E 0C       0001M1 			LD	A, function
000661 49 CF       0002M1 			RST.LIS	08h
000663 C1          1537   			POP	BC
000664 C9          1538   			RET
000665             1539   
000665             1540   ; OSBPUT - Write a byte to a random disk file.
000665             1541   ;  E = file channel
000665             1542   ;  A = byte to write
000665             1543   ; Destroys: A,B,C,F
000665             1544   ;
000665 C5          1545   OSBPUT:			PUSH	BC
000666 4B          1546   			LD	C, E
000667 47          1547   			LD	B, A
000668             1548   			MOSCALL	mos_fputc
                       M1 Args: function=mos_fputc 
000668 3E 0D       0001M1 			LD	A, function
00066A 49 CF       0002M1 			RST.LIS	08h
00066C C1          1549   			POP	BC
00066D C9          1550   			RET
00066E             1551   
00066E             1552   ; OSSTAT - Read file status
00066E             1553   ;  E = file channel
00066E             1554   ; Returns
00066E             1555   ;  F: Z flag set - EOF
00066E             1556   ;  A: If Z then A = 0
00066E             1557   ; Destroys: A,D,E,H,L,F
00066E             1558   ;
00066E C5          1559   OSSTAT:			PUSH	BC
00066F 4B          1560   			LD	C, E
000670             1561   			MOSCALL	mos_feof
                       M1 Args: function=mos_feof 
000670 3E 0E       0001M1 			LD	A, function
000672 49 CF       0002M1 			RST.LIS	08h
000674 C1          1562   			POP	BC
000675 FE 01       1563   			CP	1
000677 C9          1564   			RET
000678             1565   
000678             1566   ; GETPTR - Return file pointer.
000678             1567   ;    E = file channel
000678             1568   ; Returns:
000678             1569   ; DEHL = pointer (0-&7FFFFF)
000678             1570   ; Destroys: A,B,C,D,E,H,L,F
000678             1571   ;
000678 FD E5       1572   GETPTR:			PUSH		IY
00067A 4B          1573   			LD		C, E
00067B             1574   			MOSCALL		mos_getfil 	; HLU: Pointer to FIL structure
                       M1 Args: function=mos_getfil 
00067B 3E 19       0001M1 			LD	A, function
00067D 49 CF       0002M1 			RST.LIS	08h
00067F 5B E5       1575   			PUSH.LIL	HL
000681 5B FD E1    1576   			POP.LIL		IY		; IYU: Pointer to FIL structure
000684 5B FD 6E 11 1577   			LD.LIL		L, (IY + FIL.fptr + 0)
000688 5B FD 66 12 1578   			LD.LIL		H, (IY + FIL.fptr + 1)
00068C 5B FD 5E 13 1579   			LD.LIL		E, (IY + FIL.fptr + 2)
000690 5B FD 56 14 1580   			LD.LIL		D, (IY + FIL.fptr + 3)
000694 FD E1       1581   			POP		IY
000696 C9          1582   			RET
000697             1583   
000697             1584   ; PUTPTR - Update file pointer.
000697             1585   ;    A = file channel
000697             1586   ; DEHL = new pointer (0-&7FFFFF)
000697             1587   ; Destroys: A,B,C,D,E,H,L,F
000697             1588   ;
000697 FD E5       1589   PUTPTR:			PUSH		IY
000699 4F          1590   			LD		C, A  		; C: Filehandle
00069A 5B E5       1591   			PUSH.LIL	HL
00069C 5B 21 02 00 1592   			LD.LIL		HL, 2
       00          
0006A1 5B 39       1593   			ADD.LIL		HL, SP
0006A3 5B 73       1594   			LD.LIL		(HL), E 	; 3rd byte of DWORD set to E
0006A5 5B E1       1595   			POP.LIL		HL
0006A7 5A          1596   			LD		E, D  		; 4th byte passed as E
0006A8             1597   			MOSCALL		mos_flseek
                       M1 Args: function=mos_flseek 
0006A8 3E 1C       0001M1 			LD	A, function
0006AA 49 CF       0002M1 			RST.LIS	08h
0006AC FD E1       1598   			POP		IY
0006AE C9          1599   			RET
0006AF             1600   
0006AF             1601   ; GETEXT - Find file size.
0006AF             1602   ;    E = file channel
0006AF             1603   ; Returns:
0006AF             1604   ; DEHL = file size (0-&800000)
0006AF             1605   ; Destroys: A,B,C,D,E,H,L,F
0006AF             1606   ;
0006AF FD E5       1607   GETEXT:			PUSH		IY
0006B1 4B          1608   			LD		C, E
0006B2             1609   			MOSCALL		mos_getfil 	; HLU: Pointer to FIL structure
                       M1 Args: function=mos_getfil 
0006B2 3E 19       0001M1 			LD	A, function
0006B4 49 CF       0002M1 			RST.LIS	08h
0006B6 5B E5       1610   			PUSH.LIL	HL
0006B8 5B FD E1    1611   			POP.LIL		IY		; IYU: Pointer to FIL structure
0006BB 5B FD 6E 0B 1612   			LD.LIL		L, (IY + FFOBJID.objsize + 0)
0006BF 5B FD 66 0C 1613   			LD.LIL		H, (IY + FFOBJID.objsize + 1)
0006C3 5B FD 5E 0D 1614   			LD.LIL		E, (IY + FFOBJID.objsize + 2)
0006C7 5B FD 56 0E 1615   			LD.LIL		D, (IY + FFOBJID.objsize + 3)
0006CB FD E1       1616   			POP		IY
0006CD C9          1617   			RET
0006CE             1618   
0006CE             1619   ;OSLOAD - Load an area of memory from a file.
0006CE             1620   ;   Inputs: HL addresses filename (CR terminated)
0006CE             1621   ;           DE = address at which to load
0006CE             1622   ;           BC = maximum allowed size (bytes)
0006CE             1623   ;  Outputs: Carry reset indicates no room for file.
0006CE             1624   ; Destroys: A,B,C,D,E,H,L,F
0006CE             1625   ;
0006CE C5          1626   OSLOAD:			PUSH	BC			; Stack the size
0006CF D5          1627   			PUSH	DE			; Stack the load address
0006D0 11 00 53    1628   			LD	DE, ACCS		; Buffer address for filename
0006D3 CD 3D 05    1629   			CALL	CSTR_FNAME		; Fetch filename from MOS into buffer
0006D6 21 00 53    1630   			LD	HL, ACCS		; HL: Filename
0006D9 CD 17 08    1631   			CALL	EXT_DEFAULT		; Tack on the extension .BBC if not specified
0006DC CD 28 08    1632   			CALL	EXT_HANDLER		; Get the default handler
0006DF D1          1633   			POP	DE			; Restore the load address
0006E0 C1          1634   			POP	BC			; Restore the size
0006E1 B7          1635   			OR	A
0006E2 CA A9 07    1636   			JP 	Z, OSLOAD_BBC
0006E5             1637   ;
0006E5             1638   ; Load the file in as a text file
0006E5             1639   ;
0006E5 AF          1640   OSLOAD_TXT:		XOR	A			; Set file attributes to read
0006E6 CD 46 06    1641   			CALL	OSOPEN			; Open the file
0006E9 5F          1642   			LD 	E, A 			; The filehandle
0006EA B7          1643   			OR	A
0006EB 3E 04       1644   			LD	A, 4			; File not found error
0006ED CA B1 07    1645   			JP	Z, OSERROR		; Jump to error handler
0006F0 CD CA 40    1646   			CALL	NEWIT			; Call NEW to clear the program space
0006F3             1647   ;
0006F3 21 00 53    1648   OSLOAD_TXT1:		LD	HL, ACCS 		; Where the input is going to be stored
0006F6             1649   ;
0006F6             1650   ; First skip any whitespace (indents) at the beginning of the input
0006F6             1651   ;
0006F6 CD 5D 06    1652   @@:			CALL	OSBGET			; Read the byte into A
0006F9 38 1C       1653   			JR	C, OSLOAD_TXT3		; Is it EOF?
0006FB FE 0A       1654   			CP	LF 			; Is it LF?
0006FD 28 18       1655   			JR	Z, OSLOAD_TXT3 		; Yes, so skip to the next line
0006FF FE 21       1656   			CP	21h			; Is it less than or equal to ASCII space?
000701 38 F3       1657   			JR	C, @B 			; Yes, so keep looping
000703 77          1658   			LD	(HL), A 		; Store the first character
000704 2C          1659   			INC	L
000705             1660   ;
000705             1661   ; Now read the rest of the line in
000705             1662   ;
000705 CD 5D 06    1663   OSLOAD_TXT2:		CALL	OSBGET			; Read the byte into A
000708 38 26       1664   			JR	C, OSLOAD_TXT4		; Is it EOF?
00070A FE 20       1665   			CP	20h			; Skip if not an ASCII character
00070C 38 05       1666   			JR	C, @F
00070E 77          1667   			LD	(HL), A 		; Store in the input buffer
00070F 2C          1668   			INC	L			; Increment the buffer pointer
000710 CA 7B 3F    1669   			JP	Z, BAD			; If the buffer is full (wrapped to 0) then jump to Bad Program error
000713 FE 0A       1670   @@:			CP	LF			; Check for LF
000715 20 EE       1671   			JR	NZ, OSLOAD_TXT2		; If not, then loop to read the rest of the characters in
000717             1672   ;
000717             1673   ; Finally, handle EOL/EOF
000717             1674   ;
000717 36 0D       1675   OSLOAD_TXT3:		LD	(HL), CR		; Store a CR for BBC BASIC
000719 7D          1676   			LD	A, L			; Check for minimum line length
00071A FE 02       1677   			CP	2			; If it is 2 characters or less (including CR)
00071C 38 08       1678   			JR	C, @F			; Then don't bother entering it
00071E D5          1679   			PUSH	DE			; Preserve the filehandle
00071F CD 3B 07    1680   			CALL	OSEDIT			; Enter the line in memory
000722 DC A6 40    1681   			CALL	C,CLEAN			; If a new line has been entered, then call CLEAN to set TOP and write &FFFF end of program marker
000725 D1          1682   			POP	DE
000726 CD 6E 06    1683   @@:			CALL	OSSTAT			; End of file?
000729 20 C8       1684   			JR	NZ, OSLOAD_TXT1		; No, so loop
00072B CD 55 06    1685   			CALL	OSSHUT			; Close the file
00072E 37          1686   			SCF				; Flag to BASIC that we're good
00072F C9          1687   			RET
000730             1688   ;
000730             1689   ; Special case for BASIC programs with no blank line at the end
000730             1690   ;
000730 FE 20       1691   OSLOAD_TXT4:		CP	20h			; Skip if not an ASCII character
000732 38 05       1692   			JR	C, @F
000734 77          1693   			LD	(HL), A			; Store the character
000735 2C          1694   			INC	L
000736 CA 7B 3F    1695   			JP	Z, BAD
000739 18 DC       1696   @@:			JR	OSLOAD_TXT3
00073B             1697   ;
00073B             1698   ; This bit enters the line into memory
00073B             1699   ; Also called from OSLOAD_TXT
00073B             1700   ; Returns:
00073B             1701   ; F: C if a new line has been entered (CLEAN will need to be called)
00073B             1702   ;
00073B AF          1703   OSEDIT:			XOR	A			; Entry point after *EDIT
00073C 32 FB 55    1704   			LD      (COUNT),A
00073F FD 21 00 53 1705   			LD      IY,ACCS
000743 CD 16 44    1706   			CALL    LINNUM			; HL: The line number from the input buffer
000746 CD 97 45    1707   			CALL    NXT			; Skip spaces
000749 7C          1708   			LD      A,H			; HL: The line number will be 0 for immediate mode or when auto line numbering is used
00074A B5          1709   			OR      L
00074B 28 00       1710   			JR      Z,LNZERO        	; Skip if there is no line number in the input buffer
00074D             1711   ;
00074D             1712   ; This bit does the lexical analysis and tokenisation
00074D             1713   ;
00074D 11 00 54    1714   LNZERO:			LD	DE,BUFFER
000750 0E 01       1715                   	LD	C,1			; LEFT MODE
000752 E5          1716                   	PUSH	HL
000753 CD A4 44    1717                   	CALL	LEXAN2			; LEXICAL ANALYSIS
000756 E1          1718                   	POP	HL
000757 12          1719                   	LD	(DE),A			; TERMINATOR
000758 AF          1720                   	XOR	A
000759 47          1721                   	LD	B,A
00075A 4B          1722                   	LD	C,E			; BC=LINE LENGTH
00075B 13          1723                   	INC	DE
00075C 12          1724                   	LD	(DE),A			; ZERO NEXT
00075D 7C          1725                   	LD	A,H
00075E B5          1726                   	OR	L
00075F FD 21 00 54 1727                   	LD	IY,BUFFER		; FOR XEQ
000763 CA 24 25    1728                   	JP	Z,XEQ			; DIRECT MODE
000766 C5          1729                   	PUSH	BC
000767 CD CF 41    1730                   	CALL	FINDL
00076A CC 75 40    1731                   	CALL	Z,DEL
00076D C1          1732                   	POP	BC
00076E 79          1733                   	LD	A,C
00076F B7          1734                   	OR	A
000770 C8          1735                   	RET	Z
000771 C6 04       1736                   	ADD	A,4
000773 4F          1737                   	LD	C,A			; LENGTH INCLUSIVE
000774 D5          1738                   	PUSH	DE			; LINE NUMBER
000775 C5          1739                   	PUSH	BC			; SAVE LINE LENGTH
000776 EB          1740                   	EX	DE,HL
000777 C5          1741                   	PUSH	BC
000778 CD B1 40    1742                   	CALL	GETTOP
00077B C1          1743                   	POP	BC
00077C E5          1744                   	PUSH	HL
00077D 09          1745                   	ADD	HL,BC
00077E E5          1746                   	PUSH	HL
00077F 24          1747                   	INC	H
000780 AF          1748                   	XOR	A
000781 ED 72       1749                   	SBC	HL,SP
000783 E1          1750                   	POP	HL
000784 D2 D0 3F    1751                   	JP	NC,ERROR_		; "No room"
000787 E3          1752                   	EX	(SP),HL
000788 E5          1753                   	PUSH	HL
000789 23          1754                   	INC	HL
00078A B7          1755                   	OR	A
00078B ED 52       1756                   	SBC	HL,DE
00078D 44          1757                   	LD	B,H			; BC=AMOUNT TO MOVE
00078E 4D          1758                   	LD	C,L
00078F E1          1759                   	POP	HL
000790 D1          1760                   	POP	DE
000791 28 02       1761                   	JR	Z,ATENDos
000793 ED B8       1762                   	LDDR				; MAKE SPACE
000795 C1          1763   ATENDos:          	POP	BC			; LINE LENGTH
000796 D1          1764                   	POP	DE			; LINE NUMBER
000797 23          1765                   	INC	HL
000798 71          1766                   	LD	(HL),C			; STORE LENGTH
000799 23          1767                   	INC	HL
00079A 73          1768                   	LD	(HL),E			; STORE LINE NUMBER
00079B 23          1769                   	INC	HL
00079C 72          1770                   	LD	(HL),D
00079D 23          1771                   	INC	HL
00079E 11 00 54    1772                   	LD	DE,BUFFER
0007A1 EB          1773                   	EX	DE,HL
0007A2 0D          1774                   	DEC	C
0007A3 0D          1775                   	DEC	C
0007A4 0D          1776                   	DEC	C
0007A5 ED B0       1777                   	LDIR				; ADD LINE
0007A7 37          1778   			SCF
0007A8 C9          1779   			RET
0007A9             1780   ;
0007A9             1781   ; Load the file in as a tokenised binary blob
0007A9             1782   ;
0007A9             1783   OSLOAD_BBC:		MOSCALL	mos_load		; Call LOAD in MOS
                       M1 Args: function=mos_load 
0007A9 3E 01       0001M1 			LD	A, function
0007AB 49 CF       0002M1 			RST.LIS	08h
0007AD D0          1784   			RET	NC			; If load returns with carry reset - NO ROOM
0007AE B7          1785   			OR	A			; If there is no error (A=0)
0007AF 37          1786   			SCF				; Need to set carry indicating there was room
0007B0 C8          1787   			RET	Z			; Return
0007B1             1788   ;
0007B1 F5          1789   OSERROR:		PUSH	AF			; Handle the MOS error
0007B2 21 00 53    1790   			LD	HL, ACCS		; Address of the buffer
0007B5 01 00 01    1791   			LD	BC, 256			; Length of the buffer
0007B8 5F          1792   			LD	E, A			; The error code
0007B9             1793   			MOSCALL	mos_getError		; Copy the error message into the buffer
                       M1 Args: function=mos_getError 
0007B9 3E 0F       0001M1 			LD	A, function
0007BB 49 CF       0002M1 			RST.LIS	08h
0007BD F1          1794   			POP	AF
0007BE E5          1795   			PUSH	HL			; Stack the address of the error (now in ACCS)
0007BF C6 7F       1796   			ADD	A, 127			; Add 127 to the error code (MOS errors start at 128, and are trappable)
0007C1 C3 E1 3F    1797   			JP	EXTERR			; Trigger an external error
0007C4             1798   
0007C4             1799   ;OSSAVE - Save an area of memory to a file.
0007C4             1800   ;   Inputs: HL addresses filename (term CR)
0007C4             1801   ;           DE = start address of data to save
0007C4             1802   ;           BC = length of data to save (bytes)
0007C4             1803   ; Destroys: A,B,C,D,E,H,L,F
0007C4             1804   ;
0007C4 C5          1805   OSSAVE:			PUSH	BC			; Stack the size
0007C5 D5          1806   			PUSH	DE			; Stack the save address
0007C6 11 00 53    1807   			LD	DE, ACCS		; Buffer address for filename
0007C9 CD 3D 05    1808   			CALL	CSTR_FNAME		; Fetch filename from MOS into buffer
0007CC 21 00 53    1809   			LD	HL, ACCS		; HL: Filename
0007CF CD 17 08    1810   			CALL	EXT_DEFAULT		; Tack on the extension .BBC if not specified
0007D2 CD 28 08    1811   			CALL	EXT_HANDLER		; Get the default handler
0007D5 D1          1812   			POP	DE			; Restore the save address
0007D6 C1          1813   			POP	BC			; Restore the size
0007D7 B7          1814   			OR	A			; Is the extension .BBC
0007D8 28 35       1815   			JR	Z, OSSAVE_BBC		; Yes, so use that
0007DA             1816   ;
0007DA             1817   ; Save the file out as a text file
0007DA             1818   ;
0007DA 3A 03 52    1819   OSSAVE_TXT:		LD 	A, (OSWRCHCH)		; Stack the current channel
0007DD F5          1820   			PUSH	AF
0007DE AF          1821   			XOR	A
0007DF 3C          1822   			INC	A			; Make sure C is clear, A is 1, for OPENOUT
0007E0 32 03 52    1823   			LD	(OSWRCHCH), A
0007E3 CD 46 06    1824   			CALL	OSOPEN			; Open the file
0007E6 32 04 52    1825   			LD	(OSWRCHFH), A		; Store the file handle for OSWRCH
0007E9 DD 21 FE 55 1826   			LD	IX, LISTON		; Required for LISTIT
0007ED 2A DC 55    1827   			LD	HL, (PAGE_)		; Get start of program area
0007F0 D9          1828   			EXX
0007F1 01 00 00    1829   			LD	BC, 0			; Set the initial indent counters
0007F4 D9          1830   			EXX
0007F5 7E          1831   OSSAVE_TXT1:		LD	A, (HL)			; Check for end of program marker
0007F6 B7          1832   			OR	A
0007F7 28 0A       1833   			JR	Z, OSSAVE_TXT2
0007F9 23          1834   			INC	HL			; Skip the length byte
0007FA 5E          1835   			LD	E, (HL)			; Get the line number
0007FB 23          1836   			INC	HL
0007FC 56          1837   			LD	D, (HL)
0007FD 23          1838   			INC	HL
0007FE CD E9 40    1839   			CALL	LISTIT			; List the line
000801 18 F2       1840   			JR	OSSAVE_TXT1
000803 3A 04 52    1841   OSSAVE_TXT2:		LD	A, (OSWRCHFH)		; Get the file handle
000806 5F          1842   			LD	E, A
000807 CD 55 06    1843   			CALL	OSSHUT			; Close it
00080A F1          1844   			POP	AF			; Restore the channel
00080B 32 03 52    1845   			LD	(OSWRCHCH), A
00080E C9          1846   			RET
00080F             1847   ;
00080F             1848   ; Save the file out as a tokenised binary blob
00080F             1849   ;
00080F             1850   OSSAVE_BBC:		MOSCALL	mos_save		; Call SAVE in MOS
                       M1 Args: function=mos_save 
00080F 3E 02       0001M1 			LD	A, function
000811 49 CF       0002M1 			RST.LIS	08h
000813 B7          1851   			OR	A			; If there is no error (A=0)
000814 C8          1852   			RET	Z			; Just return
000815 18 9A       1853   			JR	OSERROR			; Trip an error
000817             1854   
000817             1855   ; Check if an extension is specified in the filename
000817             1856   ; Add a default if not specified
000817             1857   ; HL: Filename (CSTR format)
000817             1858   ;
000817 E5          1859   EXT_DEFAULT:		PUSH	HL			; Stack the filename pointer
000818 0E 2E       1860   			LD	C, '.'			; Search for dot (marks start of extension)
00081A CD 5D 05    1861   			CALL	CSTR_FINDCH
00081D B7          1862   			OR	A			; Check for end of string marker
00081E 20 06       1863   			JR	NZ, @F			; No, so skip as we have an extension at this point
000820 11 54 08    1864   			LD	DE, EXT_LOOKUP		; Get the first (default extension)
000823 CD 73 05    1865   			CALL	CSTR_CAT		; Concat it to string pointed to by HL
000826 E1          1866   @@:			POP	HL			; Restore the filename pointer
000827 C9          1867   			RET
000828             1868   
000828             1869   ; Check if an extension is valid and, if so, provide a pointer to a handler
000828             1870   ; HL: Filename (CSTR format)
000828             1871   ; Returns:
000828             1872   ;  A: Filename extension type (0=BBC tokenised, 1=ASCII untokenised)
000828             1873   ;
000828 E5          1874   EXT_HANDLER:		PUSH	HL			; Stack the filename pointer
000829 0E 2E       1875   			LD	C, '.'			; Find the '.'
00082B CD 5D 05    1876   			CALL	CSTR_FINDCH
00082E 11 54 08    1877   			LD	DE, EXT_LOOKUP		; The lookup table
000831             1878   ;
000831 E5          1879   EXT_HANDLER_1:		PUSH	HL			; Stack the pointer to the extension
000832 CD 65 05    1880   			CALL	CSTR_ENDSWITH		; Check whether the string ends with the entry in the lookup
000835 E1          1881   			POP	HL			; Restore the pointer to the extension
000836 28 18       1882   			JR	Z, EXT_HANDLER_2	; We have a match!
000838             1883   ;
000838 1A          1884   @@:			LD	A, (DE)			; Skip to the end of the entry in the lookup
000839 13          1885   			INC	DE
00083A B7          1886   			OR	A
00083B 20 FB       1887   			JR	NZ, @B
00083D 13          1888   			INC	DE			; Skip the file extension # byte
00083E             1889   ;
00083E 1A          1890   			LD	A, (DE)			; Are we at the end of the table?
00083F B7          1891   			OR	A
000840 20 EF       1892   			JR	NZ, EXT_HANDLER_1	; No, so loop
000842             1893   ;
000842 3E CC       1894   			LD      A,204			; Throw a "Bad name" error
000844 CD E1 3F    1895           		CALL    EXTERR
000847 42 61 64 20 1896           		DB    	"Bad name", 0
       6E 61 6D 65 
       00          
000850             1897   ;
000850 13          1898   EXT_HANDLER_2:		INC	DE			; Skip to the file extension # byte
000851 1A          1899   			LD	A, (DE)
000852 E1          1900   			POP	HL			; Restore the filename pointer
000853 C9          1901   			RET
000854             1902   
000854             1903   ; Extension lookup table
000854             1904   ; CSTR, TYPE
000854             1905   ; 	- 0: BBC (tokenised BBC BASIC for Z80 format)
000854             1906   ; 	- 1: Human readable plain text
000854             1907   ;
000854 2E 42 42 43 1908   EXT_LOOKUP:		DB	".BBC", 0, 0		; First entry is the default extension
       00 00       
00085A 2E 54 58 54 1909   			DB	".TXT", 0, 1
       00 01       
000860 2E 41 53 43 1910   			DB	".ASC", 0, 1
       00 01       
000866 2E 42 41 53 1911   			DB	".BAS", 0, 1
       00 01       
00086C 00          1912   			DB	0			; End of table
00086D             1913   ; OSWORD
00086D             1914   ;
00086D FE 01       1915   OSWORD:			CP	01H			; GETIME
00086F 28 1D       1916   			JR	Z, OSWORD_01
000871 FE 02       1917   			CP	02H			; PUTIME
000873 28 2F       1918   			JR	Z, OSWORD_02
000875 FE 0E       1919   			CP	0EH			; GETIMS
000877 28 4F       1920   			JR	Z, OSWORD_0E
000879 FE 0F       1921   			CP	0FH			; PUTIMS
00087B 28 10       1922   			JR	Z, @F
00087D FE 07       1923   			CP	07H			; SOUND
00087F             1924   			; JR	Z, OSWORD_07
00087F CA 22 0B    1925   			JP Z, SOUND_ ; REALTIVE JUMP TOO FAR
000882 FE 08       1926   			CP	08H			; ENVELOPE
000884 28 07       1927   			JR	Z, @F
000886 FE 09       1928   			CP	09H			; POINT
000888 28 30       1929   			JR	Z, OSWORD_09
00088A C3 F5 08    1930   			JP	HUH			; Anything else trips an error
00088D C9          1931   @@:			RET				; Dummy return for unimplemented functions
00088E             1932   
00088E             1933   ; GETIME: return current time in centiseconds
00088E             1934   ;
00088E DD E5       1935   OSWORD_01:		PUSH 	IX
000890             1936   			MOSCALL	mos_sysvars
                       M1 Args: function=mos_sysvars 
000890 3E 08       0001M1 			LD	A, function
000892 49 CF       0002M1 			RST.LIS	08h
000894 06 04       1937   			LD	B, 4
000896 5B DD 7E 00 1938   @@:			LD.LIL	A, (IX + sysvar_time)
00089A 77          1939   			LD	(HL), A
00089B 23          1940   			INC	HL
00089C 5B DD 23    1941   			INC.LIL	IX
00089F 10 F5       1942   			DJNZ 	@B
0008A1 DD E1       1943   			POP	IX
0008A3 C9          1944   			RET
0008A4             1945   
0008A4             1946   ; PUTIME: set time in centiseconds
0008A4             1947   ;
0008A4 DD E5       1948   OSWORD_02:		PUSH 	IX
0008A6             1949   			MOSCALL	mos_sysvars
                       M1 Args: function=mos_sysvars 
0008A6 3E 08       0001M1 			LD	A, function
0008A8 49 CF       0002M1 			RST.LIS	08h
0008AA 06 04       1950   			LD	B, 4
0008AC 7E          1951   @@:			LD	A, (HL)
0008AD 5B DD 77 00 1952   			LD.LIL 	(IX + sysvar_time), A
0008B1 23          1953   			INC	HL
0008B2 5B DD 23    1954   			INC.LIL IX
0008B5 10 F5       1955   			DJNZ 	@B
0008B7 DD E1       1956   			POP	IX
0008B9 C9          1957   			RET
0008BA             1958   
0008BA             1959   ; ; SOUND channel,volume,pitch,duration
0008BA             1960   ; ; Parameters:
0008BA             1961   ; ; - HL: Pointer to data
0008BA             1962   ; ;   - 0,1: Channel
0008BA             1963   ; ;   - 2,3: Volume 0 (off) to 15 (full volume)
0008BA             1964   ; ;   - 4,5: Pitch 0 - 255
0008BA             1965   ; ;   - 6,7: Duration -1 to 254 (duration in 20ths of a second, -1 = play forever)
0008BA             1966   ; ;
0008BA             1967   ; OSWORD_07:		EQU	SOUND_
0008BA             1968   ; ; NOTE: we call this directly above because ez80asm has trouble resolving the label
0008BA             1969   
0008BA             1970   ; OSWORD 0x09: POINT
0008BA             1971   ; Parameters:
0008BA             1972   ; - HL: Address of data
0008BA             1973   ;   - 0,1: X coordinate
0008BA             1974   ;   - 2,3: Y coordinate
0008BA             1975   ;
0008BA ED 5B 08 52 1976   OSWORD_09:		LD	DE,(SCRAP+0)
0008BE 2A 0A 52    1977   			LD	HL,(SCRAP+2)
0008C1 CD FA 01    1978   			CALL	POINT_
0008C4 32 0C 52    1979   			LD	(SCRAP+4),A
0008C7 C9          1980   			RET
0008C8             1981   
0008C8             1982   ; GETIMS - Get time from RTC
0008C8             1983   ;
0008C8 FD E5       1984   OSWORD_0E:		PUSH	IY
0008CA             1985   			MOSCALL	mos_getrtc
                       M1 Args: function=mos_getrtc 
0008CA 3E 12       0001M1 			LD	A, function
0008CC 49 CF       0002M1 			RST.LIS	08h
0008CE FD E1       1986   			POP	IY
0008D0 C9          1987   			RET
0008D1             1988   
0008D1             1989   ;
0008D1             1990   ; OSBYTE
0008D1             1991   ; Parameters:
0008D1             1992   ; - A: FX #
0008D1             1993   ; - L: First parameter
0008D1             1994   ; - H: Second parameter
0008D1             1995   ;
0008D1 FE 0B       1996   OSBYTE:			CP	0BH			; Keyboard auto-repeat delay
0008D3 28 31       1997   			JR	Z, OSBYTE_0B
0008D5 FE 0C       1998   			CP	0CH			; Keyboard auto-repeat rate
0008D7 28 54       1999   			JR	Z, OSBYTE_0C
0008D9 FE 13       2000   			CP	13H			; Wait for vblank
0008DB 28 77       2001   			JR	Z, OSBYTE_13
0008DD FE 76       2002   			CP	76H			; Set keyboard LED
0008DF 28 7B       2003   			JR	Z, OSBYTE_76
0008E1 FE 81       2004   			CP	81H			; Read the keyboard
0008E3 CA 84 09    2005   			JP	Z, OSBYTE_81
0008E6 FE 86       2006   			CP	86H			; Get cursor coordinates
0008E8 CA DD 09    2007   			JP	Z, OSBYTE_86
0008EB FE 87       2008   			CP	87H			; Fetch current mode and character under cursor
0008ED CA 09 0A    2009   			JP	Z, OSBYTE_87
0008F0 FE A0       2010   			CP	A0H			; Fetch system variable
0008F2 CA 1F 0A    2011   			JP	Z, OSBYTE_A0
0008F5             2012   ;
0008F5             2013   ; Anything else trips an error
0008F5             2014   ;
0008F5 3E FE       2015   HUH:    		LD      A,254			; Bad command error
0008F7 CD E1 3F    2016           		CALL    EXTERR
0008FA 42 61 64 20 2017           		DB    	"Bad command"
       63 6F 6D 6D 
       61 6E 64    
000905 00          2018           		DEFB    0
000906             2019   
000906             2020   ; OSBYTE 0x0B (FX 11,n): Keyboard auto-repeat delay
000906             2021   ; Parameters:
000906             2022   ; - HL: Repeat delay
000906             2023   ;
000906             2024   OSBYTE_0B:		VDU	23
                       M1 Args: VAL=23 
000906 3E 17       0001M1         LD      A, VAL
000908 CD 97 05    0002M1         CALL    OSWRCH
00090B             2025   			VDU	0
                       M1 Args: VAL=0 
00090B 3E 00       0001M1         LD      A, VAL
00090D CD 97 05    0002M1         CALL    OSWRCH
000910             2026   			VDU	vdp_keystate
                       M1 Args: VAL=vdp_keystate 
000910 3E 88       0001M1         LD      A, VAL
000912 CD 97 05    0002M1         CALL    OSWRCH
000915             2027   			VDU	L
                       M1 Args: VAL=L 
000915 7D          0001M1         LD      A, VAL
000916 CD 97 05    0002M1         CALL    OSWRCH
000919             2028   			VDU	H
                       M1 Args: VAL=H 
000919 7C          0001M1         LD      A, VAL
00091A CD 97 05    0002M1         CALL    OSWRCH
00091D             2029   			VDU	0
                       M1 Args: VAL=0 
00091D 3E 00       0001M1         LD      A, VAL
00091F CD 97 05    0002M1         CALL    OSWRCH
000922             2030   			VDU 	0
                       M1 Args: VAL=0 
000922 3E 00       0001M1         LD      A, VAL
000924 CD 97 05    0002M1         CALL    OSWRCH
000927             2031   			VDU	255
                       M1 Args: VAL=255 
000927 3E FF       0001M1         LD      A, VAL
000929 CD 97 05    0002M1         CALL    OSWRCH
00092C C9          2032   			RET
00092D             2033   
00092D             2034   ; OSBYTE 0x0C (FX 12,n): Keyboard auto-repeat rate
00092D             2035   ; Parameters:
00092D             2036   ; - HL: Repeat rate
00092D             2037   ;
00092D             2038   OSBYTE_0C:		VDU	23
                       M1 Args: VAL=23 
00092D 3E 17       0001M1         LD      A, VAL
00092F CD 97 05    0002M1         CALL    OSWRCH
000932             2039   			VDU	0
                       M1 Args: VAL=0 
000932 3E 00       0001M1         LD      A, VAL
000934 CD 97 05    0002M1         CALL    OSWRCH
000937             2040   			VDU	vdp_keystate
                       M1 Args: VAL=vdp_keystate 
000937 3E 88       0001M1         LD      A, VAL
000939 CD 97 05    0002M1         CALL    OSWRCH
00093C             2041   			VDU	0
                       M1 Args: VAL=0 
00093C 3E 00       0001M1         LD      A, VAL
00093E CD 97 05    0002M1         CALL    OSWRCH
000941             2042   			VDU 	0
                       M1 Args: VAL=0 
000941 3E 00       0001M1         LD      A, VAL
000943 CD 97 05    0002M1         CALL    OSWRCH
000946             2043   			VDU	L
                       M1 Args: VAL=L 
000946 7D          0001M1         LD      A, VAL
000947 CD 97 05    0002M1         CALL    OSWRCH
00094A             2044   			VDU	H
                       M1 Args: VAL=H 
00094A 7C          0001M1         LD      A, VAL
00094B CD 97 05    0002M1         CALL    OSWRCH
00094E             2045   			VDU	255
                       M1 Args: VAL=255 
00094E 3E FF       0001M1         LD      A, VAL
000950 CD 97 05    0002M1         CALL    OSWRCH
000953 C9          2046   			RET
000954             2047   
000954             2048   ; OSBYTE 0x13 (FX 19): Wait for vertical blank interrupt
000954             2049   ;
000954 CD 0F 0B    2050   OSBYTE_13:		CALL	WAIT_VBLANK
000957 2E 00       2051   			LD	L, 0			; Returns 0
000959 C3 D6 1B    2052   			JP	COUNT0
00095C             2053   ;
00095C             2054   ; OSBYTE 0x76 (FX 118,n): Set Keyboard LED
00095C             2055   ; Parameters:
00095C             2056   ; - L: LED (Bit 0: Scroll Lock, Bit 1: Caps Lock, Bit 2: Num Lock)
00095C             2057   ;
00095C             2058   OSBYTE_76:		VDU	23
                       M1 Args: VAL=23 
00095C 3E 17       0001M1         LD      A, VAL
00095E CD 97 05    0002M1         CALL    OSWRCH
000961             2059   			VDU	0
                       M1 Args: VAL=0 
000961 3E 00       0001M1         LD      A, VAL
000963 CD 97 05    0002M1         CALL    OSWRCH
000966             2060   			VDU	vdp_keystate
                       M1 Args: VAL=vdp_keystate 
000966 3E 88       0001M1         LD      A, VAL
000968 CD 97 05    0002M1         CALL    OSWRCH
00096B             2061   			VDU	0
                       M1 Args: VAL=0 
00096B 3E 00       0001M1         LD      A, VAL
00096D CD 97 05    0002M1         CALL    OSWRCH
000970             2062   			VDU 	0
                       M1 Args: VAL=0 
000970 3E 00       0001M1         LD      A, VAL
000972 CD 97 05    0002M1         CALL    OSWRCH
000975             2063   			VDU	0
                       M1 Args: VAL=0 
000975 3E 00       0001M1         LD      A, VAL
000977 CD 97 05    0002M1         CALL    OSWRCH
00097A             2064   			VDU	0
                       M1 Args: VAL=0 
00097A 3E 00       0001M1         LD      A, VAL
00097C CD 97 05    0002M1         CALL    OSWRCH
00097F             2065   			VDU	L
                       M1 Args: VAL=L 
00097F 7D          0001M1         LD      A, VAL
000980 CD 97 05    0002M1         CALL    OSWRCH
000983 C9          2066   			RET
000984             2067   
000984             2068   ; OSBYTE 0x81: Read the keyboard
000984             2069   ; Parameters:
000984             2070   ; - HL = Time to wait (centiseconds)
000984             2071   ; Returns:
000984             2072   ; - F: Carry reset indicates time-out
000984             2073   ; - H: NZ if timed out
000984             2074   ; - L: The character typed
000984             2075   ; Destroys: A,D,E,H,L,F
000984             2076   ;
000984 D9          2077   OSBYTE_81:		EXX
000985 CB 7C       2078   			BIT 	7, H 			; Check for minus numbers
000987 D9          2079   			EXX
000988 20 1C       2080   			JR	NZ, OSBYTE_81_1		; Yes, so do INKEY(-n)
00098A CD 2D 06    2081   			CALL	READKEY			; Read the keyboard
00098D 28 09       2082   			JR	Z, @F 			; Skip if we have a key
00098F CD 0F 0B    2083   			CALL	WAIT_VBLANK 		; Wait a frame
000992 7C          2084   			LD	A, H 			; Check loop counter
000993 B5          2085   			OR 	L
000994 2B          2086   			DEC 	HL			; Decrement
000995 20 ED       2087   			JR	NZ, OSBYTE_81		; And loop
000997 C9          2088   			RET 				; H: Will be set to 255 to flag timeout
000998             2089   ;
000998 21 05 52    2090   @@:			LD	HL, KEYDOWN		; We have a key, so
00099B 36 00       2091   			LD	(HL), 0			; clear the keydown flag
00099D FE 1B       2092   			CP	1BH			; If we are pressing ESC,
00099F CA 18 06    2093   			JP	Z, ESCSET 		; Then handle ESC
0009A2 26 00       2094   			LD	H, 0			; H: Not timed out
0009A4 6F          2095   			LD	L, A			; L: The character
0009A5 C9          2096   			RET
0009A6             2097   ;
0009A6             2098   ;
0009A6             2099   ; Check immediately whether a given key is being pressed
0009A6             2100   ; Result is integer numeric
0009A6             2101   ;
0009A6             2102   OSBYTE_81_1:		MOSCALL	mos_getkbmap		; Get the base address of the keyboard
                       M1 Args: function=mos_getkbmap 
0009A6 3E 1E       0001M1 			LD	A, function
0009A8 49 CF       0002M1 			RST.LIS	08h
0009AA 23          2103   			INC	HL			; Index from 0
0009AB 7D          2104   			LD	A, L			; Negate the LSB of the answer
0009AC ED 44       2105   			NEG
0009AE 4F          2106   			LD	C, A			;  E: The positive keycode value
0009AF 3E 01       2107   			LD	A, 1			; Throw an "Out of range" error
0009B1 FA D0 3F    2108   			JP	M, ERROR_		; if the argument < - 128
0009B4             2109   ;
0009B4 21 D5 09    2110   			LD	HL, BITLOOKUP		; HL: The bit lookup table
0009B7 11 00 00    2111   			LD	DE, 0
0009BA 79          2112   			LD	A, C
0009BB E6 07       2113   			AND	00000111b		; Just need the first three bits
0009BD 5F          2114   			LD	E, A			; DE: The bit number
0009BE 19          2115   			ADD	HL, DE
0009BF 46          2116   			LD	B, (HL)			;  B: The mask
0009C0             2117   ;
0009C0 79          2118   			LD	A, C			; Fetch the keycode again
0009C1 E6 78       2119   			AND	01111000b		; And divide by 8
0009C3 0F          2120   			RRCA
0009C4 0F          2121   			RRCA
0009C5 0F          2122   			RRCA
0009C6 5F          2123   			LD	E, A			; DE: The offset (the MSW has already been cleared previously)
0009C7 5B DD 19    2124   			ADD.LIL	IX, DE			; IX: The address
0009CA 5B DD 7E 00 2125   			LD.LIL	A, (IX+0)		;  A: The keypress
0009CE A0          2126   			AND	B			; Check whether the bit is set
0009CF CA 83 20    2127   			JP	Z, ZERO			; No, so return 0
0009D2 C3 45 1C    2128   			JP	TRUEev			; Otherwise return -1
0009D5             2129   ;
0009D5             2130   ; A bit lookup table
0009D5             2131   ;
0009D5 01 02 04 08 2132   BITLOOKUP:		DB	01h, 02h, 04h, 08h
0009D9 10 20 40 80 2133   			DB	10h, 20h, 40h, 80h
0009DD             2134   
0009DD             2135   ; OSBYTE 0x86: Fetch cursor coordinates
0009DD             2136   ; Returns:
0009DD             2137   ; - L: X Coordinate (POS)
0009DD             2138   ; - H: Y Coordinate (VPOS)
0009DD             2139   ;
0009DD DD E5       2140   OSBYTE_86:		PUSH	IX			; Get the system vars in IX
0009DF             2141   			MOSCALL	mos_sysvars		; Reset the semaphore
                       M1 Args: function=mos_sysvars 
0009DF 3E 08       0001M1 			LD	A, function
0009E1 49 CF       0002M1 			RST.LIS	08h
0009E3 5B DD CB 04 2142   			RES.LIL	0, (IX+sysvar_vpd_pflags)
       86          
0009E8             2143   			VDU	23
                       M1 Args: VAL=23 
0009E8 3E 17       0001M1         LD      A, VAL
0009EA CD 97 05    0002M1         CALL    OSWRCH
0009ED             2144   			VDU	0
                       M1 Args: VAL=0 
0009ED 3E 00       0001M1         LD      A, VAL
0009EF CD 97 05    0002M1         CALL    OSWRCH
0009F2             2145   			VDU	vdp_cursor
                       M1 Args: VAL=vdp_cursor 
0009F2 3E 82       0001M1         LD      A, VAL
0009F4 CD 97 05    0002M1         CALL    OSWRCH
0009F7 5B DD CB 04 2146   @@:			BIT.LIL	0, (IX+sysvar_vpd_pflags)
       46          
0009FC 28 F9       2147   			JR	Z, @B			; Wait for the result
0009FE 5B DD 6E 07 2148   			LD.LIL	L, (IX + sysvar_cursorX)
000A02 5B DD 66 08 2149   			LD.LIL	H, (IX + sysvar_cursorY)
000A06 DD E1       2150   			POP	IX
000A08 C9          2151   			RET
000A09             2152   
000A09             2153   ; OSBYTE 0x87: Fetch current mode and character under cursor
000A09             2154   ;
000A09 DD E5       2155   OSBYTE_87:		PUSH	IX
000A0B CD 2D 0E    2156   			CALL	GETCSR			; Get the current screen position
000A0E CD BD 01    2157   			CALL	GETSCHR			; Read character from screen
000A11 6F          2158   			LD	L, A
000A12             2159   			MOSCALL	mos_sysvars
                       M1 Args: function=mos_sysvars 
000A12 3E 08       0001M1 			LD	A, function
000A14 49 CF       0002M1 			RST.LIS	08h
000A16 5B DD 66 27 2160   			LD.LIL	H, (IX+sysvar_scrMode)	; H: Screen mode
000A1A DD E1       2161   			POP	IX
000A1C C3 D8 1B    2162   			JP	COUNT1
000A1F             2163   
000A1F             2164   ; OSBYTE 0xA0: Fetch system variable
000A1F             2165   ; Parameters:
000A1F             2166   ; - L: The system variable to fetch
000A1F             2167   ;
000A1F DD E5       2168   OSBYTE_A0:		PUSH	IX
000A21             2169   			MOSCALL	mos_sysvars		; Fetch pointer to system variables
                       M1 Args: function=mos_sysvars 
000A21 3E 08       0001M1 			LD	A, function
000A23 49 CF       0002M1 			RST.LIS	08h
000A25 5B 01 00 00 2170   			LD.LIL	BC, 0
       00          
000A2A 4D          2171   			LD	C, L			; BCU = L
000A2B 5B DD 09    2172   			ADD.LIL	IX, BC			; Add to IX
000A2E 5B DD 6E 00 2173   			LD.LIL	L, (IX + 0)		; Fetch the return value
000A32 DD E1       2174   			POP	IX
000A34 C3 D6 1B    2175   			JP 	COUNT0
000A37             2176   
000A37             2177   ; OSCLI
000A37             2178   ;
000A37             2179   ;
000A37             2180   ;OSCLI - Process a MOS command
000A37             2181   ;
000A37 CD 91 0A    2182   OSCLI: 			CALL    SKIPSP
000A3A FE 0D       2183   			CP      CR
000A3C C8          2184   			RET     Z
000A3D FE 7C       2185   			CP      '|'
000A3F C8          2186   			RET     Z
000A40 EB          2187   			EX      DE,HL
000A41 21 A0 0A    2188   			LD      HL,COMDS
000A44 1A          2189   OSCLI0:			LD      A,(DE)
000A45 CD 98 0A    2190   			CALL    UPPRC
000A48 BE          2191   			CP      (HL)
000A49 28 0B       2192   			JR      Z,OSCLI2
000A4B 38 2E       2193   			JR      C,OSCLI6
000A4D CB 7E       2194   OSCLI1:			BIT     7,(HL)
000A4F 23          2195   			INC     HL
000A50 28 FB       2196   			JR      Z,OSCLI1
000A52 23          2197   			INC     HL
000A53 23          2198   			INC     HL
000A54 18 EE       2199   			JR      OSCLI0
000A56             2200   ;
000A56 D5          2201   OSCLI2:			PUSH    DE
000A57 13          2202   OSCLI3:			INC     DE
000A58 23          2203   			INC     HL
000A59 1A          2204   			LD      A,(DE)
000A5A CD 98 0A    2205   			CALL    UPPRC
000A5D FE 2E       2206   			CP      '.'			; ABBREVIATED?
000A5F 28 0A       2207   			JR      Z,OSCLI4
000A61 AE          2208   			XOR     (HL)
000A62 28 F3       2209   			JR      Z,OSCLI3
000A64 FE 80       2210   			CP      80H
000A66 28 03       2211   			JR      Z,OSCLI4
000A68 D1          2212   			POP     DE
000A69 18 E2       2213   			JR      OSCLI1
000A6B             2214   ;
000A6B F1          2215   OSCLI4:			POP     AF
000A6C 13          2216   		        INC     DE
000A6D CB 7E       2217   OSCLI5:			BIT     7,(HL)
000A6F 23          2218   			INC     HL
000A70 28 FB       2219   			JR      Z,OSCLI5
000A72 7E          2220   			LD      A,(HL)
000A73 23          2221   			INC     HL
000A74 66          2222   			LD      H,(HL)
000A75 6F          2223   			LD      L,A
000A76 E5          2224   			PUSH    HL
000A77 EB          2225   			EX      DE,HL
000A78 C3 91 0A    2226   			JP      SKIPSP
000A7B             2227   ;
000A7B EB          2228   OSCLI6:			EX	DE, HL			; HL: Buffer for command
000A7C 11 00 53    2229   			LD	DE, ACCS		; Buffer for command string is ACCS (the string accumulator)
000A7F D5          2230   			PUSH	DE			; Store buffer address
000A80 CD 4F 05    2231   			CALL	CSTR_LINE		; Fetch the line
000A83 E1          2232   			POP	HL			; HL: Pointer to command string in ACCS
000A84 FD E5       2233   			PUSH	IY
000A86             2234   			MOSCALL	mos_oscli		; Returns OSCLI error in A
                       M1 Args: function=mos_oscli 
000A86 3E 10       0001M1 			LD	A, function
000A88 49 CF       0002M1 			RST.LIS	08h
000A8A FD E1       2235   			POP	IY
000A8C B7          2236   			OR	A			; 0 means MOS returned OK
000A8D C8          2237   			RET	Z			; So don't do anything
000A8E C3 B1 07    2238   			JP 	OSERROR			; Otherwise it's a MOS error
000A91             2239   
000A91 7E          2240   SKIPSP:			LD      A,(HL)
000A92 FE 20       2241           		CP      ' '
000A94 C0          2242           		RET     NZ
000A95 23          2243           		INC     HL
000A96 18 F9       2244           		JR      SKIPSP
000A98             2245   
000A98 E6 7F       2246   UPPRC:  		AND     7FH
000A9A FE 60       2247   			CP      '`'
000A9C D8          2248   			RET     C
000A9D E6 5F       2249   			AND     5FH			; CONVERT TO UPPER CASE
000A9F C9          2250   			RET
000AA0             2251   
000AA0             2252   ; Each command has bit 7 of the last character set, and is followed by the address of the handler
000AA0             2253   ; These must be in alphabetical order
000AA0             2254   ;
000AA0 42 59 C5    2255   COMDS:  		DB	"BY",'E'+80h		; BYE
000AA3 B0 0A       2256   			DW	BYE
000AA5 45 44 49 D4 2257   			DB	"EDI",'T'+80h		; EDIT
000AA9 BB 0A       2258   			DW	STAR_EDIT
000AAB 46 D8       2259   			DB	'F','X'+80h		; FX
000AAD F7 0A       2260   			DW	STAR_FX
000AAF             2261   ;			DB	'VERSIO','N'+80h	; VERSION
000AAF             2262   ;			DW	STAR_VERSION
000AAF FF          2263   			DB	FFh
000AB0             2264   
000AB0             2265   ; *BYE
000AB0             2266   ;
000AB0 CD 48 04    2267   BYE:			CALL	VBLANK_STOP		; Restore MOS interrupts
000AB3 5B DD E1    2268   			POP.LIL	IX 			; The return address to init
000AB6 21 00 00    2269   			LD	HL, 0			; The return code
000AB9 DD E9       2270   			JP	(IX)
000ABB             2271   
000ABB             2272   ; *EDIT linenum
000ABB             2273   ;
000ABB CD BE 04    2274   STAR_EDIT:		CALL	ASC_TO_NUMBER		; DE: Line number to edit
000ABE EB          2275   			EX	DE, HL			; HL: Line number
000ABF CD CF 41    2276   			CALL	FINDL			; HL: Address in RAM of tokenised line
000AC2 3E 29       2277   			LD	A, 41			; F:NZ If the line is not found
000AC4 C2 D0 3F    2278   			JP	NZ, ERROR_		; Do error 41: No such line in that case
000AC7             2279   ;
000AC7             2280   ; Use LISTIT to output the line to the ACCS buffer
000AC7             2281   ;
000AC7 23          2282   			INC	HL			; Skip the length byte
000AC8 5E          2283   			LD	E, (HL)			; Fetch the line number
000AC9 23          2284   			INC	HL
000ACA 56          2285   			LD	D, (HL)
000ACB 23          2286   			INC	HL
000ACC DD 21 00 53 2287   			LD	IX, ACCS		; Pointer to where the copy is to be stored
000AD0 DD 22 01 52 2288   			LD	(OSWRCHPT), IX
000AD4 DD 21 FE 55 2289   			LD	IX, LISTON		; Pointer to LISTON variable in RAM
000AD8 DD 7E 00    2290   			LD	A, (IX)			; Store that variable
000ADB F5          2291   			PUSH	AF
000ADC DD 36 00 09 2292   			LD	(IX), 09h		; Set to echo to buffer
000AE0 CD E9 40    2293   			CALL	LISTIT
000AE3 F1          2294   			POP	AF
000AE4 DD 77 00    2295   			LD	(IX), A			; Restore the original LISTON variable
000AE7 21 00 53    2296   			LD	HL, ACCS		; HL: ACCS
000AEA 5D          2297   			LD	E, L			;  E: 0 - Don't clear the buffer; ACCS is on a page boundary so L is 0
000AEB CD EB 05    2298   			CALL	OSLINE1			; Invoke the editor
000AEE CD 3B 07    2299   			CALL	OSEDIT
000AF1 DC A6 40    2300   			CALL    C,CLEAN			; Set TOP, write out &FFFF end of program marker
000AF4 C3 3C 38    2301   			JP      CLOOP			; Jump back to immediate mode
000AF7             2302   
000AF7             2303   ; OSCLI FX n
000AF7             2304   ;
000AF7 CD BE 04    2305   STAR_FX:		CALL	ASC_TO_NUMBER
000AFA 4B          2306   			LD	C, E			; C: Save FX #
000AFB CD BE 04    2307   			CALL	ASC_TO_NUMBER
000AFE 7A          2308   			LD	A, D  			; Is first parameter > 255?
000AFF B7          2309   			OR 	A
000B00 28 03       2310   			JR	Z, STAR_FX1		; Yes, so skip next bit
000B02 EB          2311   			EX	DE, HL 			; Parameter is 16-bit
000B03 18 06       2312   			JR	STAR_FX2
000B05             2313   ;
000B05 43          2314   STAR_FX1:		LD	B, E 			; B: Save First parameter
000B06 CD BE 04    2315   			CALL	ASC_TO_NUMBER		; Fetch second parameter
000B09 68          2316   			LD	L, B 			; L: First parameter
000B0A 63          2317   			LD	H, E 			; H: Second parameter
000B0B             2318   ;
000B0B 79          2319   STAR_FX2:		LD	A, C 			; A: FX #
000B0C C3 D1 08    2320   			JP	OSBYTE
000B0F             2321   
000B0F             2322   ; Helper Functions
000B0F             2323   ;
000B0F DD E5       2324   WAIT_VBLANK:		PUSH 	IX			; Wait for VBLANK interrupt
000B11             2325   			MOSCALL	mos_sysvars		; Fetch pointer to system variables
                       M1 Args: function=mos_sysvars 
000B11 3E 08       0001M1 			LD	A, function
000B13 49 CF       0002M1 			RST.LIS	08h
000B15 5B DD 7E 00 2326   			LD.LIL	A, (IX + sysvar_time + 0)
000B19 5B DD BE 00 2327   @@:			CP.LIL 	A, (IX + sysvar_time + 0)
000B1D 28 FA       2328   			JR	Z, @B
000B1F DD E1       2329   			POP	IX
000B21 C9          2330   			RET; --- End agon_os.asm ---
000B22             2331   
000B22             2332   ; --- Begin agon_sound.asm ---
000B22             2333   ;
000B22             2334   ; Title:	BBC Basic for AGON - Audio stuff
000B22             2335   ; Author:	Dean Belfield
000B22             2336   ; Created:	04/12/2024
000B22             2337   ; Last Updated:	11/12/2024
000B22             2338   ;
000B22             2339   ; Modinfo:
000B22             2340   ; 11/12/2024:	Modified SOUND_ to work with OSWORD
000B22             2341   
000B22             2342   			.ASSUME	ADL = 0
000B22             2343   ;	.ORG 0x0000
000B22             2344   
000B22             2345   			; INCLUDE	"equs.inc"
000B22             2346   			; INCLUDE "macros.inc"
000B22             2347   			; INCLUDE "mos_api.inc"	; In MOS/src
000B22             2348   
000B22             2349   ;			SEGMENT CODE
000B22             2350   
000B22             2351   ;			XDEF	SOUND_
000B22             2352   
000B22             2353   ;			XREF	OSWRCH
000B22             2354   ;			XREF	VDU_BUFFER
000B22             2355   ;			XREF	LTRAP
000B22             2356   
000B22             2357   ; SOUND channel,volume,pitch,duration
000B22             2358   ; Parameters:
000B22             2359   ; - HL: Pointer to data
000B22             2360   ;   - 0,1: Channel
000B22             2361   ;   - 2,3: Volume 0 (off) to 15 (full volume)
000B22             2362   ;   - 4,5: Pitch 0 - 255
000B22             2363   ;   - 6,7: Duration -1 to 254 (duration in 20ths of a second, -1 = play forever)
000B22             2364   ;
000B22 7E          2365   SOUND_:			LD	A, (HL)			; Channel
000B23 32 00 53    2366   			LD	(VDU_BUFFER+0), A
000B26 AF          2367   			XOR	A			; Waveform
000B27 32 01 53    2368   			LD	(VDU_BUFFER+1), A
000B2A 23          2369   			INC	HL
000B2B 23          2370   			INC	HL
000B2C             2371   ;
000B2C             2372   ; Calculate the volume
000B2C             2373   ;
000B2C 4E          2374   			LD	C, (HL)			; Volume
000B2D 06 06       2375   			LD	B, 6			; C already contains the volume
000B2F ED 4C       2376   			MLT	BC			; Multiply by 6 (0-15 scales to 0-90)
000B31 79          2377   			LD	A, C
000B32 32 02 53    2378   			LD	(VDU_BUFFER+2), A
000B35 23          2379   			INC	HL
000B36 23          2380   			INC	HL
000B37             2381   ;
000B37             2382   ; And the frequency
000B37             2383   ;
000B37 E5          2384   			PUSH	HL
000B38 6E          2385   			LD	L, (HL)
000B39 26 00       2386   			LD	H, 0
000B3B 11 AD 0B    2387   			LD	DE, SOUND_FREQ_LOOKUP
000B3E 29          2388   			ADD	HL, HL
000B3F 19          2389   			ADD	HL, DE
000B40 7E          2390   			LD	A, (HL)
000B41 32 03 53    2391   			LD	(VDU_BUFFER+3), A
000B44 23          2392   			INC	HL
000B45 7E          2393   			LD	A, (HL)
000B46 32 04 53    2394   			LD	(VDU_BUFFER+4), A
000B49 E1          2395   			POP	HL
000B4A 23          2396   			INC	HL
000B4B 23          2397   			INC	HL
000B4C             2398   ;
000B4C             2399   ; And now the duration - multiply it by 50 to convert from 1/20ths of seconds to milliseconds
000B4C             2400   ;
000B4C 4E          2401   			LD	C, (HL)
000B4D 06 32       2402   			LD	B, 50			; C contains the duration, so MLT by 50
000B4F ED 4C       2403   			MLT	BC
000B51 ED 43 05 53 2404   			LD	(VDU_BUFFER+5), BC
000B55             2405   ;
000B55 DD E5       2406   			PUSH	IX			; Get the system vars in IX
000B57             2407   			MOSCALL	mos_sysvars		; Reset the semaphore
                       M1 Args: function=mos_sysvars 
000B57 3E 08       0001M1 			LD	A, function
000B59 49 CF       0002M1 			RST.LIS	08h
000B5B 5B DD CB 04 2408   SOUND0:			RES.LIL	3, (IX+sysvar_vpd_pflags)
       9E          
000B60             2409   ;
000B60             2410   			VDU	23			; Send the sound command
                       M1 Args: VAL=23 
000B60 3E 17       0001M1         LD      A, VAL
000B62 CD 97 05    0002M1         CALL    OSWRCH
000B65             2411   			VDU	0
                       M1 Args: VAL=0 
000B65 3E 00       0001M1         LD      A, VAL
000B67 CD 97 05    0002M1         CALL    OSWRCH
000B6A             2412   			VDU	vdp_audio
                       M1 Args: VAL=vdp_audio 
000B6A 3E 85       0001M1         LD      A, VAL
000B6C CD 97 05    0002M1         CALL    OSWRCH
000B6F             2413   			VDU	(VDU_BUFFER+0)		; 0: Channel
                       M1 Args: VAL=(VDU_BUFFER+0) 
000B6F 3A 00 53    0001M1         LD      A, VAL
000B72 CD 97 05    0002M1         CALL    OSWRCH
000B75             2414   			VDU	(VDU_BUFFER+1)		; 1: Waveform (0)
                       M1 Args: VAL=(VDU_BUFFER+1) 
000B75 3A 01 53    0001M1         LD      A, VAL
000B78 CD 97 05    0002M1         CALL    OSWRCH
000B7B             2415   			VDU	(VDU_BUFFER+2)		; 2: Volume (0-100)
                       M1 Args: VAL=(VDU_BUFFER+2) 
000B7B 3A 02 53    0001M1         LD      A, VAL
000B7E CD 97 05    0002M1         CALL    OSWRCH
000B81             2416   			VDU	(VDU_BUFFER+3)		; 3: Frequency L
                       M1 Args: VAL=(VDU_BUFFER+3) 
000B81 3A 03 53    0001M1         LD      A, VAL
000B84 CD 97 05    0002M1         CALL    OSWRCH
000B87             2417   			VDU	(VDU_BUFFER+4)		; 4: Frequency H
                       M1 Args: VAL=(VDU_BUFFER+4) 
000B87 3A 04 53    0001M1         LD      A, VAL
000B8A CD 97 05    0002M1         CALL    OSWRCH
000B8D             2418   			VDU	(VDU_BUFFER+5)		; 5: Duration L
                       M1 Args: VAL=(VDU_BUFFER+5) 
000B8D 3A 05 53    0001M1         LD      A, VAL
000B90 CD 97 05    0002M1         CALL    OSWRCH
000B93             2419   			VDU	(VDU_BUFFER+6)		; 6: Duration H
                       M1 Args: VAL=(VDU_BUFFER+6) 
000B93 3A 06 53    0001M1         LD      A, VAL
000B96 CD 97 05    0002M1         CALL    OSWRCH
000B99             2420   ;
000B99             2421   ; Wait for acknowledgement
000B99             2422   ;
000B99 5B DD CB 04 2423   @@:			BIT.LIL	3, (IX+sysvar_vpd_pflags)
       5E          
000B9E 28 F9       2424   			JR	Z, @B			; Wait for the result
000BA0 CD 38 06    2425   			CALL	LTRAP			; Check for ESC
000BA3 5B DD 7E 0E 2426   			LD.LIL	A, (IX+sysvar_audioSuccess)
000BA7 A7          2427   			AND	A			; Check if VDP has queued the note
000BA8 28 B1       2428   			JR	Z, SOUND0		; No, so loop back and send again
000BAA             2429   ;
000BAA DD E1       2430   			POP	IX
000BAC C9          2431   			RET
000BAD             2432   
000BAD             2433   ; Frequency Lookup Table
000BAD             2434   ; Set up to replicate the BBC Micro audio frequencies
000BAD             2435   ;
000BAD             2436   ; Split over 5 complete octaves, with 53 being middle C
000BAD             2437   ; * C4: 262hz
000BAD             2438   ; + A4: 440hz
000BAD             2439   ;
000BAD             2440   ;	2	3	4	5	6	7	8
000BAD             2441   ;
000BAD             2442   ; B	1	49	97	145	193	241
000BAD             2443   ; A#	0	45	93	141	189	237
000BAD             2444   ; A		41	89+	137	185	233
000BAD             2445   ; G#		37	85	133	181	229
000BAD             2446   ; G		33	81	129	177	225
000BAD             2447   ; F#		29	77	125	173	221
000BAD             2448   ; F		25	73	121	169	217
000BAD             2449   ; E		21	69	117	165	213
000BAD             2450   ; D#		17	65	113	161	209
000BAD             2451   ; D		13	61	109	157	205	253
000BAD             2452   ; C#		9	57	105	153	201	249
000BAD             2453   ; C		5	53*	101	149	197	245
000BAD             2454   ;
000BAD 75 00 76 00 2455   SOUND_FREQ_LOOKUP:	DW	 117,  118,  120,  122,  123,  131,  133,  135
       78 00 7A 00 
       7B 00 83 00 
       85 00 87 00 
000BBD 89 00 8B 00 2456   			DW	 137,  139,  141,  143,  145,  147,  149,  151
       8D 00 8F 00 
       91 00 93 00 
       95 00 97 00 
000BCD 99 00 9C 00 2457   			DW	 153,  156,  158,  160,  162,  165,  167,  170
       9E 00 A0 00 
       A2 00 A5 00 
       A7 00 AA 00 
000BDD AC 00 AF 00 2458   			DW	 172,  175,  177,  180,  182,  185,  188,  190
       B1 00 B4 00 
       B6 00 B9 00 
       BC 00 BE 00 
000BED C1 00 C4 00 2459   			DW	 193,  196,  199,  202,  205,  208,  211,  214
       C7 00 CA 00 
       CD 00 D0 00 
       D3 00 D6 00 
000BFD D9 00 DC 00 2460   			DW	 217,  220,  223,  226,  230,  233,  236,  240
       DF 00 E2 00 
       E6 00 E9 00 
       EC 00 F0 00 
000C0D F3 00 F7 00 2461   			DW	 243,  247,  251,  254,  258,  262,  265,  269
       FB 00 FE 00 
       02 01 06 01 
       09 01 0D 01 
000C1D 11 01 15 01 2462   			DW	 273,  277,  281,  285,  289,  294,  298,  302
       19 01 1D 01 
       21 01 26 01 
       2A 01 2E 01 
000C2D 33 01 37 01 2463   			DW	 307,  311,  316,  320,  325,  330,  334,  339
       3C 01 40 01 
       45 01 4A 01 
       4E 01 53 01 
000C3D 58 01 5D 01 2464   			DW	 344,  349,  354,  359,  365,  370,  375,  381
       62 01 67 01 
       6D 01 72 01 
       77 01 7D 01 
000C4D 82 01 88 01 2465   			DW	 386,  392,  398,  403,  409,  415,  421,  427
       8E 01 93 01 
       99 01 9F 01 
       A5 01 AB 01 
000C5D B2 01 B8 01 2466   			DW	 434,  440,  446,  453,  459,  466,  473,  480
       BE 01 C5 01 
       CB 01 D2 01 
       D9 01 E0 01 
000C6D E7 01 EE 01 2467   			DW	 487,  494,  501,  508,  516,  523,  531,  539
       F5 01 FC 01 
       04 02 0B 02 
       13 02 1B 02 
000C7D 22 02 2A 02 2468   			DW	 546,  554,  562,  571,  579,  587,  596,  605
       32 02 3B 02 
       43 02 4B 02 
       54 02 5D 02 
000C8D 65 02 6E 02 2469   			DW	 613,  622,  631,  641,  650,  659,  669,  679
       77 02 81 02 
       8A 02 93 02 
       9D 02 A7 02 
000C9D B1 02 BB 02 2470   			DW	 689,  699,  709,  719,  729,  740,  751,  762
       C5 02 CF 02 
       D9 02 E4 02 
       EF 02 FA 02 
000CAD 05 03 10 03 2471   			DW	 773,  784,  795,  807,  819,  831,  843,  855
       1B 03 27 03 
       33 03 3F 03 
       4B 03 57 03 
000CBD 63 03 70 03 2472   			DW	 867,  880,  893,  906,  919,  932,  946,  960
       7D 03 8A 03 
       97 03 A4 03 
       B2 03 C0 03 
000CCD CE 03 DC 03 2473   			DW	 974,  988, 1002, 1017, 1032, 1047, 1062, 1078
       EA 03 F9 03 
       08 04 17 04 
       26 04 36 04 
000CDD 45 04 55 04 2474   			DW	1093, 1109, 1125, 1142, 1158, 1175, 1192, 1210
       65 04 76 04 
       86 04 97 04 
       A8 04 BA 04 
000CED CB 04 DD 04 2475   			DW	1227, 1245, 1263, 1282, 1300, 1319, 1338, 1358
       EF 04 02 05 
       14 05 27 05 
       3A 05 4E 05 
000CFD 62 05 76 05 2476   			DW	1378, 1398, 1418, 1439, 1459, 1481, 1502, 1524
       8A 05 9F 05 
       B3 05 C9 05 
       DE 05 F4 05 
000D0D 0A 06 21 06 2477   			DW	1546, 1569, 1592, 1615, 1638, 1662, 1686, 1711
       38 06 4F 06 
       66 06 7E 06 
       96 06 AF 06 
000D1D C8 06 E1 06 2478   			DW	1736, 1761, 1786, 1812, 1839, 1866, 1893, 1920
       FA 06 14 07 
       2F 07 4A 07 
       65 07 80 07 
000D2D 9C 07 B8 07 2479   			DW	1948, 1976, 2005, 2034, 2064, 2093, 2123, 2154
       D5 07 F2 07 
       10 08 2D 08 
       4B 08 6A 08 
000D3D 8A 08 A9 08 2480   			DW	2186, 2217, 2250, 2282, 2316, 2349, 2383, 2418
       CA 08 EA 08 
       0C 09 2D 09 
       4F 09 72 09 
000D4D 95 09 B9 09 2481   			DW	2453, 2489, 2525, 2562, 2599, 2637, 2675, 2714
       DD 09 02 0A 
       27 0A 4D 0A 
       73 0A 9A 0A 
000D5D C2 0A EA 0A 2482   			DW	2754, 2794, 2834, 2876, 2918, 2960, 3003, 3047
       12 0B 3C 0B 
       66 0B 90 0B 
       BB 0B E7 0B 
000D6D 13 0C 40 0C 2483   			DW	3091, 3136, 3182, 3228, 3275, 3322, 3371, 3420
       6E 0C 9C 0C 
       CB 0C FA 0C 
       2B 0D 5C 0D 
000D7D 8E 0D C0 0D 2484   			DW	3470, 3520, 3571, 3623, 3676, 3729, 3784, 3839
       F3 0D 27 0E 
       5C 0E 91 0E 
       C8 0E FF 0E 
000D8D 36 0F 6F 0F 2485   			DW	3894, 3951, 4009, 4067, 4126, 4186, 4247, 4309
       A9 0F E3 0F 
       1E 10 5A 10 
       97 10 D5 10 
000D9D 13 11 53 11 2486   			DW	4371, 4435, 4499, 4565, 4631, 4699, 4767, 4836
       93 11 D5 11 
       17 12 5B 12 
       9F 12 E4 12 
000DAD             2487   ; --- End agon_sound.asm ---
000DAD             2488   
000DAD             2489   ; --- Begin acorn.asm ---
000DAD             2490   ;
000DAD             2491   ;Automatically created from original source on 2024-12-15 15:29:12
000DAD             2492   ;
000DAD             2493                   .ASSUME ADL = 0
000DAD             2494   ;	.ORG 0x0000
000DAD             2495   ;                SEGMENT CODE
000DAD             2496   ;
000DAD             2497   ;PATCH FOR BBC BASIC TO CP/M 2.2 & 3.0
000DAD             2498   ;* ACORN COMPUTERS Z80 TUBE VERSION  *
000DAD             2499   ;(C) COPYRIGHT R.T.RUSSELL, 02-01-1984
000DAD             2500   ;VERSION 5.0, 12-07-2024
000DAD             2501   ;
000DAD             2502   ;                XREF	OSWRCH
000DAD             2503   ;                XREF	OSWORD
000DAD             2504   ;                XREF	OSBYTE
000DAD             2505   ;
000DAD             2506   ; ESC            EQU	1BH
000DAD             2507   TBY:            EQU	0FH
000DAD             2508   ; TTO:            EQU	0B8H in main.asm
000DAD             2509   TFILL:          EQU	03H
000DAD             2510   ;
000DAD             2511   ;                XREF	ITEMI
000DAD             2512   ;                XREF	EXPRI
000DAD             2513   ;                XREF	COMMA
000DAD             2514   ;                XREF	TERMQ
000DAD             2515   ;                XREF	BRAKET
000DAD             2516   ;                XREF	EXTERR
000DAD             2517   ;                XREF	STOREN
000DAD             2518   ;                XREF	TRAP
000DAD             2519   ;                XREF	VAR_
000DAD             2520   ;                XREF	NXT
000DAD             2521   ;                XREF	XEQ
000DAD             2522   ;
000DAD             2523   ;                XREF	ACCS
000DAD             2524   ;                XREF	COUNT
000DAD             2525   ;                XREF	WIDTH
000DAD             2526   ;                XREF	SCRAP
000DAD             2527   ;
000DAD             2528   ;                XDEF	OSCALL
000DAD             2529   ;                XDEF	CLRSCN
000DAD             2530   ;                XDEF	PUTCSR
000DAD             2531   ;                XDEF	GETCSR
000DAD             2532   ;                XDEF	PUTIME
000DAD             2533   ;                XDEF	GETIME
000DAD             2534   ;                XDEF	OSKEY
000DAD             2535   ;
000DAD             2536   ;                XDEF	CLG
000DAD             2537   ;                XDEF	MOVE
000DAD             2538   ;                XDEF	DRAW
000DAD             2539   ;                XDEF	PLOT
000DAD             2540   ;                XDEF	MODE
000DAD             2541   ;                XDEF	COLOUR
000DAD             2542   ;                XDEF	GCOL
000DAD             2543   ;                XDEF	ADVAL
000DAD             2544   ;                XDEF	SOUND
000DAD             2545   ;                XDEF	ENVEL
000DAD             2546   ;                XDEF	POINT
000DAD             2547   ;
000DAD             2548   ;                XDEF	CIRCLE
000DAD             2549   ;                XDEF	ELLIPS
000DAD             2550   ;                XDEF	FILL
000DAD             2551   ;                XDEF	MOUSE
000DAD             2552   ;                XDEF	ORIGIN
000DAD             2553   ;                XDEF	RECTAN
000DAD             2554   ;                XDEF	LINE
000DAD             2555   ;                XDEF	TINT
000DAD             2556   ;                XDEF	WAIT
000DAD             2557   ;                XDEF	SYS
000DAD             2558   ;                XDEF	CSRON
000DAD             2559   ;                XDEF	CSROFF
000DAD             2560   ;
000DAD             2561   ;                XDEF	PUTIMS
000DAD             2562   ;                XDEF	GETIMS
000DAD             2563   ;                XDEF	TINTFN
000DAD             2564   ;                XDEF	MODEFN
000DAD             2565   ;                XDEF	WIDFN
000DAD             2566   ;
000DAD             2567   ;GETIME	- Read elapsed-time clock.
000DAD             2568   ;  	  Outputs:  DEHL = elapsed time (centiseconds)
000DAD             2569   ; 	  Destroys: A,D,E,H,L,F
000DAD             2570   ;
000DAD 3E 01       2571   GETIME:         LD	A,1
000DAF 21 08 52    2572                   LD	HL,SCRAP
000DB2 CD 6D 08    2573                   CALL	OSWORD
000DB5 21 08 52    2574                   LD	HL,SCRAP
000DB8 5E          2575                   LD	E,(HL)
000DB9 23          2576                   INC	HL
000DBA 56          2577                   LD	D,(HL)
000DBB 23          2578                   INC	HL
000DBC 7E          2579                   LD	A,(HL)
000DBD 23          2580                   INC	HL
000DBE 66          2581                   LD	H,(HL)
000DBF 6F          2582                   LD	L,A
000DC0 EB          2583                   EX	DE,HL
000DC1 C9          2584                   RET
000DC2             2585   ;
000DC2             2586   ;GETIMS	- Read real-time clock as string.
000DC2             2587   ;  	  Outputs:  TIME$ in string accumulator
000DC2             2588   ;                   E = string length (25)
000DC2             2589   ; 	  Destroys: A,B,C,D,E,H,L,F
000DC2             2590   ;
000DC2 3E 0E       2591   GETIMS:         LD	A,14
000DC4 21 08 52    2592                   LD	HL,SCRAP
000DC7 36 00       2593                   LD	(HL),0
000DC9 CD 6D 08    2594                   CALL	OSWORD
000DCC 21 08 52    2595                   LD	HL,SCRAP
000DCF 11 00 53    2596                   LD	DE,ACCS
000DD2 7E          2597                   LD	A,(HL)
000DD3 BB          2598                   CP	E
000DD4 C8          2599                   RET	Z
000DD5 01 19 00    2600                   LD	BC,25
000DD8 ED B0       2601                   LDIR
000DDA C9          2602                   RET
000DDB             2603   ;
000DDB             2604   ;
000DDB             2605   ;PUTIME	- Load elapsed-time clock.
000DDB             2606   ;   	  Inputs:   DEHL = time to load (centiseconds)
000DDB             2607   ; 	  Destroys: A,D,E,H,L,F
000DDB             2608   ;
000DDB DD E5       2609   PUTIME:         PUSH	IX
000DDD DD 21 08 52 2610                   LD	IX,SCRAP
000DE1 DD 75 00    2611                   LD	(IX+0),L
000DE4 DD 74 01    2612                   LD	(IX+1),H
000DE7 DD 73 02    2613                   LD	(IX+2),E
000DEA DD 72 03    2614                   LD	(IX+3),D
000DED 3E 02       2615                   LD	A,2
000DEF 21 08 52    2616                   LD	HL,SCRAP
000DF2 CD 6D 08    2617                   CALL	OSWORD
000DF5 DD E1       2618                   POP	IX
000DF7 C9          2619                   RET
000DF8             2620   ;
000DF8             2621   ;PUTIMS	- Wtite real-time clock as string.
000DF8             2622   ;  	  Inputs:   string in string accumulator
000DF8             2623   ;                   E = string length
000DF8             2624   ; 	  Destroys: A,B,C,D,E,H,L,F
000DF8             2625   ;
000DF8 7B          2626   PUTIMS:         LD	A,E		;Length
000DF9 FE 1A       2627                   CP	26
000DFB D0          2628                   RET	NC
000DFC 06 00       2629                   LD	B,0
000DFE 4F          2630                   LD	C,A
000DFF 11 09 52    2631                   LD	DE,SCRAP+1
000E02 21 00 53    2632                   LD	HL,ACCS
000E05 ED B0       2633                   LDIR
000E07 21 08 52    2634                   LD	HL,SCRAP
000E0A 77          2635                   LD	(HL),A
000E0B 3E 0F       2636                   LD	A,15
000E0D C3 6D 08    2637                   JP	OSWORD
000E10             2638   ;
000E10             2639   ;
000E10             2640   ;CLRSCN	- Clear screen.
000E10             2641   ; 	  Destroys: A,D,E,H,L,F
000E10             2642   ;
000E10 3E 0C       2643   CLRSCN:         LD	A,0CH
000E12 C3 97 05    2644                   JP	OSWRCH
000E15             2645   ;
000E15             2646   ;
000E15             2647   ;OSKEY	- Sample keyboard with specified wait.
000E15             2648   ;   	  Inputs:   HL = Time to wait (centiseconds)
000E15             2649   ;  	  Outputs:  Carry reset indicates time-out.
000E15             2650   ;                   If carry set, A = character typed.
000E15             2651   ; 	  Destroys: A,D,E,H,L,F
000E15             2652   ;
000E15 3E 81       2653   OSKEY:          LD	A,129
000E17 CD D1 08    2654                   CALL	OSBYTE
000E1A 7C          2655                   LD	A,H
000E1B B7          2656                   OR	A
000E1C C0          2657                   RET	NZ		;TIME-OUT, CARRY RESET
000E1D 7D          2658                   LD	A,L
000E1E 37          2659                   SCF
000E1F C9          2660                   RET			;NORMAL, CARRY SET
000E20             2661   ;
000E20             2662   ;PUTCSR	- Move cursor to specified position.
000E20             2663   ;   	  Inputs:   DE = horizontal position (LHS=0)
000E20             2664   ;                   HL = vertical position (TOP=0)
000E20             2665   ; 	  Destroys: A,D,E,H,L,F
000E20             2666   ;
000E20 3E 1F       2667   PUTCSR:         LD	A,1FH
000E22 CD 97 05    2668                   CALL	OSWRCH
000E25 7B          2669                   LD	A,E
000E26 CD 97 05    2670                   CALL	OSWRCH
000E29 7D          2671                   LD	A,L
000E2A C3 97 05    2672                   JP	OSWRCH
000E2D             2673   ;
000E2D             2674   ;GETCSR	- Return cursor coordinates.
000E2D             2675   ;   	  Outputs:  DE = X coordinate (POS)
000E2D             2676   ;                   HL = Y coordinate (VPOS)
000E2D             2677   ;  	  Destroys: A,D,E,H,L,F
000E2D             2678   ;
000E2D 3E 86       2679   GETCSR:         LD	A,134
000E2F CD D1 08    2680                   CALL	OSBYTE
000E32 5D          2681                   LD	E,L
000E33 6C          2682                   LD	L,H
000E34 16 00       2683                   LD	D,0
000E36 62          2684                   LD	H,D
000E37 C9          2685                   RET
000E38             2686   ;
000E38             2687   ;POINT - var=POINT(x,y)
000E38             2688   ;
000E38 CD B7 18    2689   POINT:          CALL	EXPRI
000E3B D9          2690                   EXX
000E3C E5          2691                   PUSH	HL
000E3D CD 75 11    2692                   CALL	CEXPRI
000E40 D9          2693                   EXX
000E41 D1          2694                   POP	DE
000E42 CD 39 21    2695                   CALL	BRAKET
000E45 DD 21 08 52 2696                   LD	IX,SCRAP
000E49 DD 73 00    2697                   LD	(IX+0),E
000E4C DD 72 01    2698                   LD	(IX+1),D
000E4F DD 75 02    2699                   LD	(IX+2),L
000E52 DD 74 03    2700                   LD	(IX+3),H
000E55 21 08 52    2701                   LD	HL,SCRAP
000E58 3E 09       2702                   LD	A,9
000E5A CD 6D 08    2703                   CALL	OSWORD
000E5D DD 7E 04    2704                   LD	A,(IX+4)
000E60 6F          2705                   LD	L,A
000E61 C6 01       2706                   ADD	A,1
000E63 9F          2707                   SBC	A,A
000E64 67          2708                   LD	H,A
000E65 D9          2709   RETEXX:         EXX
000E66 67          2710                   LD	H,A
000E67 6F          2711                   LD	L,A
000E68 AF          2712                   XOR	A
000E69 4F          2713                   LD	C,A
000E6A C9          2714                   RET
000E6B             2715   ;
000E6B             2716   ;ADVAL - var=ADVAL(n)
000E6B             2717   ;
000E6B CD E4 18    2718   ADVAL:          CALL	ITEMI
000E6E D9          2719                   EXX
000E6F 3E 80       2720                   LD	A,128
000E71 CD D1 08    2721                   CALL	OSBYTE
000E74 AF          2722                   XOR	A
000E75 18 EE       2723                   JR	RETEXX
000E77             2724   ;
000E77             2725   ;MODEFN - var=MODE
000E77             2726   ;
000E77 3E 87       2727   MODEFN:         LD	A,135
000E79 CD D1 08    2728                   CALL	OSBYTE
000E7C 6C          2729                   LD	L,H
000E7D AF          2730   RETU8:          XOR	A
000E7E 67          2731                   LD	H,A
000E7F 18 E4       2732                   JR	RETEXX
000E81             2733   ;
000E81             2734   ;WIDFN - var=WIDTH
000E81             2735   ;
000E81 3A FC 55    2736   WIDFN:          LD	A,(WIDTH)
000E84 6F          2737                   LD	L,A
000E85 18 F6       2738                   JR	RETU8
000E87             2739   ;
000E87             2740   ;ENVEL - ENVELOPE var,var,var,var,var,var,var,
000E87             2741   ;                 var,var,var,var,var,var,var
000E87             2742   ;
000E87 06 00       2743   ENVEL:          LD	B,0
000E89 DD 21 08 52 2744                   LD	IX,SCRAP
000E8D C5          2745                   PUSH	BC
000E8E DD E5       2746                   PUSH	IX
000E90 CD B7 18    2747   ENVEL1:         CALL	EXPRI
000E93 D9          2748                   EXX
000E94 DD E1       2749                   POP	IX
000E96 C1          2750                   POP	BC
000E97 DD 75 00    2751                   LD	(IX),L
000E9A 78          2752                   LD	A,B
000E9B FE 0D       2753                   CP	13
000E9D 28 0B       2754                   JR	Z,ENVEL2
000E9F 04          2755                   INC	B
000EA0 DD 23       2756                   INC	IX
000EA2 C5          2757                   PUSH	BC
000EA3 DD E5       2758                   PUSH	IX
000EA5 CD 2D 21    2759                   CALL	COMMA
000EA8 18 E6       2760                   JR	ENVEL1
000EAA 21 08 52    2761   ENVEL2:         LD	HL,SCRAP
000EAD 3E 08       2762                   LD	A,8
000EAF CD 6D 08    2763                   CALL	OSWORD
000EB2 C3 24 25    2764                   JP	XEQ
000EB5             2765   ;
000EB5             2766   ;SOUND - SOUND var,var,var,var
000EB5             2767   ;
000EB5 06 00       2768   SOUND:          LD	B,0
000EB7 DD 21 08 52 2769                   LD	IX,SCRAP
000EBB C5          2770                   PUSH	BC
000EBC DD E5       2771                   PUSH	IX
000EBE CD B7 18    2772   SOUND1:         CALL	EXPRI
000EC1 D9          2773                   EXX
000EC2 DD E1       2774                   POP	IX
000EC4 C1          2775                   POP	BC
000EC5 DD 75 00    2776                   LD	(IX+0),L
000EC8 DD 74 01    2777                   LD	(IX+1),H
000ECB DD 23       2778                   INC	IX
000ECD DD 23       2779                   INC	IX
000ECF 04          2780                   INC	B
000ED0 04          2781                   INC	B
000ED1 78          2782                   LD	A,B
000ED2 FE 08       2783                   CP	8
000ED4 28 08       2784                   JR	Z,SOUND2
000ED6 C5          2785                   PUSH	BC
000ED7 DD E5       2786                   PUSH	IX
000ED9 CD 2D 21    2787                   CALL	COMMA
000EDC 18 E0       2788                   JR	SOUND1
000EDE 21 08 52    2789   SOUND2:         LD	HL,SCRAP
000EE1 3E 07       2790                   LD	A,7
000EE3 CD 6D 08    2791                   CALL	OSWORD
000EE6 C3 24 25    2792                   JP	XEQ
000EE9             2793   ;
000EE9             2794   ;MODE - MODE n
000EE9             2795   ;
000EE9 CD B7 18    2796   MODE:           CALL	EXPRI
000EEC AF          2797                   XOR	A
000EED 32 FB 55    2798                   LD	(COUNT),A
000EF0 D9          2799                   EXX
000EF1 65          2800                   LD	H,L
000EF2 2E 16       2801                   LD	L,22
000EF4 CD 5C 11    2802                   CALL	WRCH2
000EF7 18 72       2803                   JR	XEQGO1
000EF9             2804   ;
000EF9             2805   ;CLG
000EF9             2806   ;
000EF9 3E 10       2807   CLG:            LD	A,16
000EFB CD 97 05    2808                   CALL	OSWRCH
000EFE 18 6B       2809                   JR	XEQGO1
000F00             2810   ;
000F00             2811   ;ORIGIN x,y
000F00             2812   ;
000F00 CD B7 18    2813   ORIGIN:         CALL    EXPRI
000F03 D9          2814                   EXX
000F04 E5          2815                   PUSH	HL
000F05 CD 75 11    2816                   CALL    CEXPRI
000F08 D9          2817                   EXX
000F09 D1          2818                   POP	DE
000F0A 0E 1D       2819                   LD	C,29
000F0C CD 50 11    2820                   CALL	WRCH5
000F0F 18 5A       2821                   JR	XEQGO1
000F11             2822   ;
000F11             2823   ;COLOUR n
000F11             2824   ;COLOUR n,p
000F11             2825   ;COLOUR n,r,g,b
000F11             2826   ;
000F11 CD B7 18    2827   COLOUR:         CALL	EXPRI		;n
000F14 D9          2828                   EXX
000F15 FD 7E 00    2829                   LD	A,(IY)
000F18 FE 2C       2830                   CP	','
000F1A 28 08       2831                   JR      Z,PALCOL
000F1C 65          2832                   LD	H,L
000F1D 2E 11       2833                   LD	L,17
000F1F CD 5C 11    2834                   CALL	WRCH2
000F22 18 47       2835                   JR	XEQGO1
000F24             2836   ;
000F24 E5          2837   PALCOL:         PUSH	HL
000F25 CD 75 11    2838                   CALL	CEXPRI		;p or r
000F28 D9          2839                   EXX
000F29 EB          2840                   EX	DE,HL
000F2A 21 00 00    2841                   LD	HL,0
000F2D FD 7E 00    2842                   LD	A,(IY)
000F30 FE 2C       2843                   CP	','
000F32 20 15       2844                   JR	NZ,PALET1
000F34 D5          2845                   PUSH	DE
000F35 CD 75 11    2846                   CALL	CEXPRI		;g
000F38 D9          2847                   EXX
000F39 E5          2848                   PUSH	HL
000F3A CD 75 11    2849                   CALL	CEXPRI		;b
000F3D D9          2850                   EXX
000F3E D1          2851                   POP	DE
000F3F C1          2852                   POP	BC
000F40 7D          2853                   LD	A,L
000F41 E1          2854                   POP	HL
000F42 51          2855                   LD	D,C		;r
000F43 4D          2856                   LD	C,L		;n
000F44 6B          2857                   LD	L,E		;g
000F45 67          2858                   LD	H,A		;b
000F46 1E 10       2859                   LD	E,16
000F48 C5          2860                   PUSH	BC
000F49 C1          2861   PALET1:         POP	BC
000F4A 06 13       2862                   LD	B,19
000F4C CD 4C 11    2863                   CALL	WRCH6
000F4F 18 1A       2864                   JR	XEQGO1
000F51             2865   ;
000F51             2866   ;GCOL [a,]b
000F51             2867   ;
000F51 CD B7 18    2868   GCOL:           CALL	EXPRI
000F54 D9          2869                   EXX
000F55 1E 00       2870                   LD	E,0
000F57 FD 7E 00    2871                   LD	A,(IY)
000F5A FE 2C       2872                   CP	','
000F5C 20 06       2873                   JR	NZ,GCOL0
000F5E E5          2874                   PUSH	HL
000F5F CD 75 11    2875                   CALL	CEXPRI
000F62 D9          2876                   EXX
000F63 D1          2877                   POP	DE
000F64 65          2878   GCOL0:          LD	H,L
000F65 6B          2879                   LD	L,E
000F66 16 12       2880                   LD	D,18
000F68 CD 58 11    2881                   CALL	WRCH3		;DLH
000F6B C3 24 25    2882   XEQGO1:         JP	XEQ
000F6E             2883   ;
000F6E             2884   ;CSRON  - Turn caret on
000F6E             2885   ;CSROFF - Turn caret off
000F6E             2886   ;
000F6E 0E 01       2887   CSRON:          LD	C,1
000F70 18 02       2888                   JR	CSRGO
000F72             2889   ;
000F72 0E 00       2890   CSROFF:         LD	C,0
000F74 3E 17       2891   CSRGO:          LD	A,23
000F76 CD 97 05    2892                   CALL	OSWRCH
000F79 3E 01       2893                   LD	A,1
000F7B CD 97 05    2894                   CALL	OSWRCH
000F7E 79          2895                   LD	A,C
000F7F 06 08       2896                   LD	B,8
000F81 CD 97 05    2897   CSRGO1:         CALL	OSWRCH
000F84 AF          2898                   XOR	A
000F85 10 FA       2899                   DJNZ	CSRGO1
000F87 18 E2       2900                   JR	XEQGO1
000F89             2901   ;
000F89             2902   ;LINE x1,y1,x2,y2
000F89             2903   ;
000F89 CD B7 18    2904   LINE:           CALL	EXPRI
000F8C D9          2905                   EXX
000F8D E5          2906                   PUSH	HL
000F8E CD 64 11    2907                   CALL	EXPR3
000F91 E3          2908                   EX	(SP),HL		;HL <- x1, (SP) <- y2
000F92 C5          2909                   PUSH	BC
000F93 EB          2910                   EX	DE,HL
000F94 0E 04       2911                   LD	C,4
000F96 CD 4A 11    2912                   CALL	VDU25
000F99 D1          2913                   POP	DE
000F9A E1          2914                   POP	HL
000F9B 0E 05       2915                   LD	C,5
000F9D 18 2A       2916                   JR	PLOT4A
000F9F             2917   ;
000F9F             2918   ;CIRCLE [FILL] x,y,r
000F9F             2919   ;
000F9F FE 03       2920   CIRCLE:         CP	TFILL
000FA1 F5          2921                   PUSH	AF
000FA2 20 02       2922                   JR	NZ,CIRCL0
000FA4 FD 23       2923                   INC	IY
000FA6 CD B7 18    2924   CIRCL0:         CALL	EXPRI
000FA9 D9          2925                   EXX
000FAA E5          2926                   PUSH	HL
000FAB CD 75 11    2927                   CALL	CEXPRI
000FAE D9          2928                   EXX
000FAF E5          2929                   PUSH	HL
000FB0 CD 75 11    2930                   CALL	CEXPRI
000FB3 D9          2931                   EXX
000FB4 C1          2932                   POP	BC		;y
000FB5 D1          2933                   POP	DE		;x
000FB6 E5          2934                   PUSH	HL
000FB7 69          2935                   LD	L,C
000FB8 60          2936                   LD	H,B
000FB9 0E 04       2937                   LD	C,4		; PLOT 4 = MOVE
000FBB CD 4A 11    2938                   CALL	VDU25
000FBE D1          2939                   POP	DE		;r
000FBF 21 00 00    2940                   LD	HL,0
000FC2 F1          2941                   POP	AF
000FC3 0E 91       2942                   LD	C,145		; PLOT 145 = outline circle
000FC5 20 02       2943                   JR	NZ,PLOT4A
000FC7 0E 99       2944                   LD	C,153		; PLOT 153 = filled circle
000FC9 18 6C       2945   PLOT4A:         JR	PLOT4
000FCB             2946   ;
000FCB             2947   ;ELLIPSE [FILL] x,y,a,b
000FCB             2948   ;
000FCB FE 03       2949   ELLIPS:         CP	TFILL
000FCD F5          2950                   PUSH	AF
000FCE 20 02       2951                   JR	NZ,ELLIP0
000FD0 FD 23       2952                   INC	IY
000FD2 CD B7 18    2953   ELLIP0:         CALL	EXPRI
000FD5 D9          2954                   EXX
000FD6 E5          2955                   PUSH	HL
000FD7 CD 64 11    2956                   CALL	EXPR3
000FDA E3          2957                   EX	(SP),HL		;HL <- x, (SP) <- b
000FDB C5          2958                   PUSH	BC
000FDC EB          2959                   EX	DE,HL
000FDD 0E 04       2960                   LD	C,4		; PLOT 4 = Move absolute
000FDF CD 4A 11    2961                   CALL	VDU25
000FE2 D1          2962                   POP	DE		;a
000FE3 D5          2963                   PUSH	DE
000FE4 21 00 00    2964                   LD	HL,0
000FE7 4D          2965                   LD	C,L		; PLOT 0 - Move relative
000FE8 CD 4A 11    2966                   CALL	VDU25
000FEB D1          2967                   POP	DE		;a
000FEC AF          2968                   XOR	A
000FED 6F          2969                   LD	L,A
000FEE 67          2970                   LD	H,A
000FEF ED 52       2971                   SBC	HL,DE
000FF1 EB          2972                   EX	DE,HL
000FF2 E1          2973                   POP	HL		;b
000FF3 F1          2974                   POP	AF
000FF4 0E C1       2975                   LD	C,193		; PLOT 193 = outline ellipse
000FF6 20 3F       2976                   JR	NZ,PLOT4
000FF8 0E C9       2977                   LD	C,201		; PLOT 201 = filled ellipse
000FFA 18 3B       2978                   JR	PLOT4
000FFC             2979   ;
000FFC             2980   ;MOVE [BY} x,y
000FFC             2981   ;DRAW [BY] x,y
000FFC             2982   ;PLOT [BY] [n,]x,y
000FFC             2983   ;FILL [BY] x,y
000FFC             2984   ;
000FFC 0E 04       2985   MOVE:           LD	C,4
000FFE 18 23       2986                   JR	PLOT1
001000             2987   ;
001000 0E 05       2988   DRAW:           LD	C,5
001002 18 1F       2989                   JR	PLOT1
001004             2990   ;
001004 0E 85       2991   FILL:           LD	C,133
001006 18 1B       2992                   JR	PLOT1
001008             2993   ;
001008 0E 45       2994   PLOT:           LD	C,69
00100A FE 0F       2995                   CP	TBY
00100C 28 15       2996                   JR	Z,PLOT1
00100E CD B7 18    2997                   CALL	EXPRI
001011 D9          2998                   EXX
001012 E5          2999                   PUSH	HL
001013 CD 75 11    3000                   CALL	CEXPRI
001016 D9          3001                   EXX
001017 FD 7E 00    3002                   LD	A,(IY)
00101A FE 2C       3003                   CP	','
00101C 28 12       3004                   JR	Z,PLOT3
00101E D1          3005                   POP	DE
00101F 0E 45       3006                   LD	C,69
001021 18 14       3007                   JR	PLOT4
001023             3008   ;
001023 FE 0F       3009   PLOT1:          CP	TBY
001025 20 04       3010                   JR	NZ,PLOT2
001027 FD 23       3011                   INC	IY
001029 CB 91       3012                   RES	2,C		;Change absolute to relative
00102B C5          3013   PLOT2:          PUSH	BC
00102C CD B7 18    3014                   CALL	EXPRI
00102F D9          3015                   EXX
001030 E5          3016   PLOT3:          PUSH	HL
001031 CD 75 11    3017                   CALL	CEXPRI
001034 D9          3018                   EXX
001035 D1          3019                   POP	DE
001036 C1          3020                   POP	BC
001037 CD 4A 11    3021   PLOT4:          CALL	VDU25
00103A C3 24 25    3022                   JP	XEQ
00103D             3023   ;
00103D             3024   ;RECTANGLE [FILL] x,y,w[,h] [TO xnew,ynew]
00103D             3025   ;
00103D FE 03       3026   RECTAN:         CP	TFILL
00103F F5          3027                   PUSH	AF
001040 20 02       3028                   JR	NZ,RECT0
001042 FD 23       3029                   INC	IY
001044 CD B7 18    3030   RECT0:          CALL	EXPRI
001047 D9          3031                   EXX
001048 E5          3032                   PUSH	HL
001049 CD 75 11    3033                   CALL	CEXPRI
00104C D9          3034                   EXX
00104D E5          3035                   PUSH	HL
00104E CD 75 11    3036                   CALL	CEXPRI
001051 D9          3037                   EXX
001052 E5          3038                   PUSH	HL
001053 FD 7E 00    3039                   LD	A,(IY)
001056 FE 2C       3040                   CP	','
001058 20 04       3041                   JR	NZ,RECT1
00105A CD 75 11    3042                   CALL	CEXPRI
00105D D9          3043                   EXX
00105E C1          3044   RECT1:          POP	BC		;w
00105F D1          3045                   POP	DE		;y
001060 E3          3046                   EX	(SP),HL		;HL <- x, (SP) <- h
001061 C5          3047                   PUSH	BC
001062 EB          3048                   EX	DE,HL
001063 0E 04       3049                   LD	C,4
001065 CD 4A 11    3050                   CALL	VDU25
001068 FD 7E 00    3051                   LD	A,(IY)
00106B FE B8       3052                   CP	TTO
00106D 28 09       3053                   JR	Z,RECTTO
00106F D1          3054                   POP	DE		;w
001070 E1          3055                   POP	HL		;h
001071 F1          3056                   POP	AF
001072 20 22       3057                   JR	NZ,OUTLIN
001074 0E 61       3058                   LD	C,97
001076 18 BF       3059                   JR	PLOT4
001078             3060   ;
001078             3061   ;Block copy / move:
001078             3062   ;
001078 FD 23       3063   RECTTO:         INC	IY		; Bump over TO
00107A CD B7 18    3064                   CALL	EXPRI
00107D D9          3065                   EXX
00107E E5          3066                   PUSH	HL
00107F CD 75 11    3067                   CALL	CEXPRI
001082 D9          3068                   EXX
001083 C1          3069                   POP	BC		;newx
001084 D1          3070                   POP	DE		;w
001085 E3          3071                   EX	(SP),HL		;HL <- h, (SP) <- newy
001086 C5          3072                   PUSH	BC
001087 0E 00       3073                   LD	C,0
001089 CD 4A 11    3074                   CALL	VDU25
00108C D1          3075                   POP	DE		;newx
00108D E1          3076                   POP	HL		;newy
00108E F1          3077                   POP	AF
00108F 0E BE       3078                   LD	C,190		; PLOT 190 - Block copy
001091 20 01       3079                   JR	NZ,PLOT4B
001093 0D          3080                   DEC	C		; PLOT 189 - Block move
001094 18 A1       3081   PLOT4B:         JR	PLOT4
001096             3082   ;
001096             3083   ;Outline rectangle:
001096             3084   ;
001096 0E 09       3085   OUTLIN:         LD	C,9		; PLOT 9 - draw relative
001098 E5          3086                   PUSH	HL
001099 21 00 00    3087                   LD	HL,0
00109C CD 4A 11    3088                   CALL	VDU25		; side 1
00109F E1          3089                   POP	HL
0010A0 D5          3090                   PUSH	DE
0010A1 11 00 00    3091                   LD	DE,0
0010A4 CD 4A 11    3092                   CALL	VDU25		; side 2
0010A7 D1          3093                   POP	DE
0010A8 E5          3094                   PUSH	HL
0010A9 AF          3095                   XOR	A
0010AA 6F          3096                   LD	L,A
0010AB 67          3097                   LD	H,A
0010AC ED 52       3098                   SBC	HL,DE
0010AE EB          3099                   EX	DE,HL
0010AF 6F          3100                   LD	L,A
0010B0 67          3101                   LD	H,A
0010B1 CD 4A 11    3102                   CALL 	VDU25		; side 3
0010B4 D1          3103                   POP	DE
0010B5 AF          3104                   XOR	A
0010B6 6F          3105                   LD	L,A
0010B7 67          3106                   LD	H,A
0010B8 ED 52       3107                   SBC	HL,DE
0010BA 5F          3108                   LD	E,A
0010BB 57          3109                   LD	D,A
0010BC 18 D6       3110                   JR	PLOT4B
0010BE             3111   ;
0010BE             3112   ;MOUSE x, y, b
0010BE             3113   ;
0010BE 3E 80       3114   MOUSE:          LD	A,128
0010C0 21 09 00    3115                   LD	HL,9
0010C3 CD D1 08    3116                   CALL	OSBYTE
0010C6 E5          3117                   PUSH	HL
0010C7 3E 80       3118                   LD	A,128
0010C9 21 08 00    3119                   LD	HL,8
0010CC CD D1 08    3120                   CALL	OSBYTE
0010CF E5          3121                   PUSH	HL
0010D0 3E 80       3122                   LD	A,128
0010D2 21 07 00    3123                   LD	HL,7
0010D5 CD D1 08    3124                   CALL	OSBYTE
0010D8 E5          3125                   PUSH	HL
0010D9 CD 60 26    3126                   CALL	VAR_
0010DC E1          3127                   POP	HL
0010DD CD 7B 11    3128                   CALL	STOREI
0010E0 CD 2D 21    3129                   CALL	COMMA
0010E3 CD 97 45    3130                   CALL	NXT
0010E6 CD 60 26    3131                   CALL	VAR_
0010E9 E1          3132                   POP	HL
0010EA CD 7B 11    3133                   CALL	STOREI
0010ED CD 2D 21    3134                   CALL	COMMA
0010F0 CD 97 45    3135                   CALL	NXT
0010F3 CD 60 26    3136                   CALL	VAR_
0010F6 E1          3137                   POP	HL
0010F7 CD 7B 11    3138                   CALL	STOREI
0010FA C3 24 25    3139   XEQGO2:         JP	XEQ
0010FD             3140   ;
0010FD             3141   ;WAIT [n]
0010FD             3142   ;
0010FD CD C2 35    3143   WAIT:           CALL	TERMQ
001100 28 F8       3144                   JR	Z,XEQGO2
001102 CD B7 18    3145                   CALL	EXPRI
001105 D9          3146                   EXX
001106 44          3147                   LD	B,H
001107 4D          3148                   LD	C,L
001108 CD AD 0D    3149                   CALL	GETIME
00110B 09          3150                   ADD	HL,BC
00110C 01 00 00    3151                   LD	BC,0
00110F EB          3152                   EX	DE,HL
001110 ED 4A       3153                   ADC	HL,BC
001112 EB          3154                   EX	DE,HL
001113 CD 35 06    3155   WAIT1:          CALL	TRAP
001116 D5          3156                   PUSH	DE
001117 E5          3157                   PUSH	HL
001118 CD AD 0D    3158                   CALL	GETIME
00111B C1          3159                   POP	BC
00111C B7          3160                   OR	A
00111D ED 42       3161                   SBC	HL,BC
00111F 60          3162                   LD	H,B
001120 69          3163                   LD	L,C
001121 EB          3164                   EX	DE,HL
001122 C1          3165                   POP	BC
001123 ED 42       3166                   SBC	HL,BC
001125 30 D3       3167                   JR	NC,XEQGO2
001127 EB          3168                   EX	DE,HL
001128 50          3169                   LD	D,B
001129 59          3170                   LD	E,C
00112A 18 E7       3171                   JR	WAIT1
00112C             3172   ;
00112C             3173   ;OSCALL - Trap call to FFxx
00112C             3174   ;
00112C E1          3175   OSCALL:         POP	HL		;DITCH RETURN ADDRESS
00112D 21 3F 11    3176                   LD	HL,OSRET
001130 E5          3177                   PUSH	HL		;NEW RETURN ADDRESS
001131 DD 7E 04    3178                   LD	A,(IX+4)	;A%
001134 DD 5E 14    3179                   LD	E,(IX+20)	;E%
001137 DD 66 64    3180                   LD	H,(IX+100)	;Y%
00113A DD 6E 60    3181                   LD	L,(IX+96)	;X%
00113D FD E9       3182                   JP	(IY)
00113F F5          3183   OSRET:          PUSH	AF
001140 7D          3184                   LD	A,L		;F  H  L  A
001141 6C          3185                   LD	L,H		;|  |  |  |
001142 D9          3186                   EXX			;|  |  |  |
001143 C1          3187                   POP	BC		;|  |  |  |
001144 67          3188                   LD	H,A		;|  |  |  |
001145 68          3189                   LD	L,B		;H  L  H' L'
001146 79          3190                   LD	A,C
001147 D9          3191                   EXX
001148 67          3192                   LD	H,A
001149 C9          3193                   RET
00114A             3194   ;
00114A 06 19       3195   VDU25:          LD	B,25
00114C 78          3196   WRCH6:          LD	A,B
00114D CD 97 05    3197                   CALL	OSWRCH
001150 79          3198   WRCH5:          LD	A,C
001151 CD 97 05    3199                   CALL	OSWRCH
001154 7B          3200   WRCH4:          LD	A,E
001155 CD 97 05    3201                   CALL	OSWRCH
001158 7A          3202   WRCH3:          LD	A,D
001159 CD 97 05    3203                   CALL	OSWRCH
00115C 7D          3204   WRCH2:          LD	A,L
00115D CD 97 05    3205                   CALL	OSWRCH
001160 7C          3206                   LD	A,H
001161 C3 97 05    3207                   JP	OSWRCH
001164             3208   ;
001164 CD 75 11    3209   EXPR3:          CALL	CEXPRI
001167 D9          3210                   EXX
001168 E5          3211                   PUSH	HL
001169 CD 75 11    3212                   CALL	CEXPRI
00116C D9          3213                   EXX
00116D E5          3214                   PUSH	HL
00116E CD 75 11    3215                   CALL	CEXPRI
001171 D9          3216                   EXX
001172 C1          3217                   POP	BC		;x2
001173 D1          3218                   POP	DE		;y1
001174 C9          3219                   RET
001175             3220   ;
001175 CD 2D 21    3221   CEXPRI:         CALL	COMMA
001178 C3 B7 18    3222                   JP	EXPRI
00117B             3223   ;
00117B CB 7F       3224   STOREI:         BIT	7,A
00117D 20 0C       3225                   JR	NZ,EEK
00117F CB 77       3226                   BIT	6,A
001181 20 08       3227                   JR	NZ,EEK
001183 D9          3228                   EXX
001184 21 00 00    3229                   LD	HL,0
001187 4D          3230                   LD	C,L
001188 C3 78 32    3231                   JP	STOREN
00118B             3232   ;
00118B 3E 32       3233   EEK:            LD	A,50
00118D CD E1 3F    3234                   CALL	EXTERR
001190 13          3235                   DB	13H		;'Bad '
001191 04          3236                   DB	04H		;'MOUSE'
001192 20          3237                   DB	20H
001193 15          3238                   DB	15H		;'variable'
001194 00          3239                   DB	0
001195             3240   ;
001195             3241   TINT:
001195             3242   TINTFN:
001195             3243   SYS:
001195 AF          3244                   XOR	A
001196 CD E1 3F    3245                   CALL	EXTERR
001199 53 6F 72 72 3246                   DB	"Sorry"
       79          
00119E 00          3247                   DB	0
00119F             3248   ;
00119F             3249   ;                END
00119F             3250   ; --- End acorn.asm ---
00119F             3251   
00119F             3252   ; --- Begin asmb.asm ---
00119F             3253   ;
00119F             3254   ;Automatically created from original source on 2024-12-15 15:29:12
00119F             3255   ;
00119F             3256                   .ASSUME ADL = 0
00119F             3257   ;	.ORG 0x0000
00119F             3258   ;                SEGMENT CODE
00119F             3259   ;
00119F             3260   ;BBC BASIC INTERPRETER - Z80 VERSION
00119F             3261   ;Z80 CPU ASSEMBLER MODULE - "ASMB"
00119F             3262   ;(C) COPYRIGHT R.T.RUSSELL 1981-2024
00119F             3263   ;
00119F             3264   ;THE NAME BBC BASIC IS USED WITH THE PERMISSION
00119F             3265   ;OF THE BRITISH BROADCASTING CORPORATION AND IS
00119F             3266   ;NOT TRANSFERRABLE TO A FORKED OR DERIVED WORK.
00119F             3267   ;
00119F             3268   ;VERSION 5.0, 14-05-2024
00119F             3269   ;
00119F             3270   ;                XDEF	ASSEM
00119F             3271   ;
00119F             3272   ;                XREF	TABIT
00119F             3273   ;                XREF	CRLF
00119F             3274   ;                XREF	OUT
00119F             3275   ;                XREF	VAR_
00119F             3276   ;                XREF	ZERO
00119F             3277   ;                XREF	STOREN
00119F             3278   ;                XREF	ERROR_
00119F             3279   ;                XREF	EXPRI
00119F             3280   ;                XREF	EXPRS
00119F             3281   ;
00119F             3282   ;                XREF	LISTON
00119F             3283   ;                XREF	COUNT
00119F             3284   ;                XREF	ACCS
00119F             3285   ;                XREF	OC
00119F             3286   ;                XREF	PC
00119F             3287   ;
00119F             3288   ; CR             EQU	0DH	; in equs.inc
00119F             3289   TAND:           EQU	80H
00119F             3290   TOR:            EQU	84H
00119F             3291   ; TERROR:         EQU	85H	; in exec.asm
00119F             3292   TCALL:          EQU	0D6H
00119F             3293   TDEF:           EQU	0DDH
00119F             3294   ;
00119F             3295   ;ASSEMBLER:
00119F             3296   ;LANGUAGE-INDEPENDENT CONTROL SECTION:
00119F             3297   ; Outputs: A=delimiter, carry set if syntax error.
00119F             3298   ;
00119F CD 27 15    3299   ASSEM:          CALL	SKIP
0011A2 FD 23       3300                   INC	IY
0011A4 FE 3A       3301                   CP	':'
0011A6 28 F7       3302                   JR	Z,ASSEM
0011A8 FE 5D       3303                   CP	']'
0011AA C8          3304                   RET	Z
0011AB FE 0D       3305                   CP	CR
0011AD C8          3306                   RET	Z
0011AE FD 2B       3307                   DEC	IY
0011B0 DD 2A 40 55 3308                   LD	IX,(PC)		;PROGRAM COUNTER
0011B4 21 FE 55    3309                   LD	HL,LISTON
0011B7 CB 76       3310                   BIT	6,(HL)
0011B9 28 04       3311                   JR	Z,ASSEM0
0011BB DD 2A 3C 55 3312                   LD	IX,(OC)		;ORIGIN of CODE
0011BF DD E5       3313   ASSEM0:         PUSH	IX
0011C1 FD E5       3314                   PUSH	IY
0011C3 CD 53 12    3315                   CALL	ASMB
0011C6 C1          3316                   POP	BC
0011C7 D1          3317                   POP	DE
0011C8 D8          3318                   RET	C
0011C9 CD 27 15    3319                   CALL	SKIP
0011CC 37          3320                   SCF
0011CD C0          3321                   RET	NZ
0011CE FD 2B       3322                   DEC	IY
0011D0 FD 23       3323   ASSEM3:         INC	IY
0011D2 FD 7E 00    3324                   LD	A,(IY)
0011D5 CD 4B 15    3325                   CALL	TERM0
0011D8 20 F6       3326                   JR	NZ,ASSEM3
0011DA 3A FE 55    3327                   LD	A,(LISTON)
0011DD DD E5       3328                   PUSH	IX
0011DF E1          3329                   POP	HL
0011E0 B7          3330                   OR	A
0011E1 ED 52       3331                   SBC	HL,DE
0011E3 EB          3332                   EX	DE,HL		;DE= NO. OF BYTES
0011E4 E5          3333                   PUSH	HL
0011E5 2A 40 55    3334                   LD	HL,(PC)
0011E8 E5          3335                   PUSH	HL
0011E9 19          3336                   ADD	HL,DE
0011EA 22 40 55    3337                   LD	(PC),HL		;UPDATE PC
0011ED CB 77       3338                   BIT	6,A
0011EF 28 07       3339                   JR	Z,ASSEM5
0011F1 2A 3C 55    3340                   LD	HL,(OC)
0011F4 19          3341                   ADD	HL,DE
0011F5 22 3C 55    3342                   LD	(OC),HL		;UPDATE OC
0011F8 E1          3343   ASSEM5:         POP	HL		;OLD PC
0011F9 DD E1       3344                   POP	IX		;CODE HERE
0011FB CB 67       3345                   BIT	4,A
0011FD 28 A0       3346                   JR	Z,ASSEM
0011FF 7C          3347                   LD	A,H
001200 CD 3F 12    3348                   CALL	HEX
001203 7D          3349                   LD	A,L
001204 CD 38 12    3350                   CALL	HEXSP
001207 AF          3351                   XOR	A
001208 BB          3352                   CP	E
001209 28 15       3353                   JR	Z,ASSEM2
00120B 3A FB 55    3354   ASSEM1:         LD	A,(COUNT)
00120E FE 11       3355                   CP	17
001210 3E 05       3356                   LD	A,5
001212 D4 09 36    3357                   CALL	NC,TABIT	;NEXT LINE
001215 DD 7E 00    3358                   LD	A,(IX)
001218 CD 38 12    3359                   CALL	HEXSP
00121B DD 23       3360                   INC	IX
00121D 1D          3361                   DEC	E
00121E 20 EB       3362                   JR	NZ,ASSEM1
001220 3E 12       3363   ASSEM2:         LD	A,18
001222 CD 09 36    3364                   CALL	TABIT
001225 FD E5       3365                   PUSH	IY
001227 E1          3366                   POP	HL
001228 ED 42       3367                   SBC	HL,BC
00122A 0A          3368   ASSEM4:         LD	A,(BC)
00122B CD A7 41    3369                   CALL	OUT
00122E 03          3370                   INC	BC
00122F 2D          3371                   DEC	L
001230 20 F8       3372                   JR	NZ,ASSEM4
001232 CD 87 41    3373                   CALL	CRLF
001235 C3 9F 11    3374                   JP	ASSEM
001238             3375   ;
001238 CD 3F 12    3376   HEXSP:          CALL	HEX
00123B 3E 20       3377                   LD	A,' '
00123D 18 11       3378                   JR	OUTCH1
00123F F5          3379   HEX:            PUSH	AF
001240 0F          3380                   RRCA
001241 0F          3381                   RRCA
001242 0F          3382                   RRCA
001243 0F          3383                   RRCA
001244 CD 48 12    3384                   CALL	HEXOUT
001247 F1          3385                   POP	AF
001248 E6 0F       3386   HEXOUT:         AND	0FH
00124A C6 90       3387                   ADD	A,90H
00124C 27          3388                   DAA
00124D CE 40       3389                   ADC	A,40H
00124F 27          3390                   DAA
001250 C3 A7 41    3391   OUTCH1:         JP	OUT
001253             3392   ;
001253             3393   ;PROCESSOR-SPECIFIC TRANSLATION SECTION:
001253             3394   ;
001253             3395   ;REGISTER USAGE: B - TYPE OF MOST RECENT OPERAND
001253             3396   ;                C - OPCODE BEING BUILT
001253             3397   ;                D - (IX) OR (IY) FLAG
001253             3398   ;                E - OFFSET FROM IX OR IY
001253             3399   ;               HL - NUMERIC OPERAND VALUE
001253             3400   ;               IX - CODE DESTINATION
001253             3401   ;               IY - SOURCE TEXT POINTER
001253             3402   ;   Inputs: A = initial character
001253             3403   ;  Outputs: Carry set if syntax error.
001253             3404   ;
001253 FE 2E       3405   ASMB:           CP	'.'
001255 20 28       3406                   JR	NZ,ASMB1
001257 FD 23       3407                   INC	IY
001259 DD E5       3408                   PUSH	IX
00125B CD 60 26    3409                   CALL	VAR_
00125E F5          3410                   PUSH	AF
00125F CD 83 20    3411                   CALL	ZERO
001262 D9          3412                   EXX
001263 2A 40 55    3413                   LD	HL,(PC)
001266 D9          3414                   EXX
001267 3A FE 55    3415                   LD	A,(LISTON)
00126A E6 20       3416                   AND	20H
00126C 20 0B       3417                   JR	NZ,ASMB0
00126E DD 7E 00    3418                   LD	A,(IX)
001271 DD B6 01    3419                   OR	(IX+1)
001274 3E 03       3420                   LD	A,3
001276 C2 D0 3F    3421                   JP	NZ,ERROR_	;Multiple label
001279 F1          3422   ASMB0:          POP	AF
00127A CD 78 32    3423                   CALL	STOREN
00127D DD E1       3424                   POP	IX
00127F CD 27 15    3425   ASMB1:          CALL	SKIP
001282 C8          3426                   RET	Z
001283 FE D6       3427                   CP	TCALL
001285 0E C4       3428                   LD	C,0C4H
001287 FD 23       3429                   INC	IY
001289 CA 76 13    3430                   JP	Z,GRPC
00128C FD 2B       3431                   DEC	IY
00128E 21 51 15    3432                   LD	HL,OPCODS
001291 CD DE 14    3433                   CALL	FIND
001294 D8          3434                   RET	C
001295 48          3435                   LD	C,B	;ROOT OPCODE
001296 16 00       3436                   LD	D,0	;CLEAR IX/IY FLAG
001298             3437   ;
001298             3438   ;GROUP 0 - TRIVIAL CASES REQUIRING NO COMPUTATION
001298             3439   ;GROUP 1 - AS GROUP 0 BUT WITH "ED" PREFIX
001298             3440   ;
001298 D6 27       3441                   SUB	39
00129A 30 07       3442                   JR	NC,GROUP2
00129C FE E8       3443                   CP	15-39
00129E D4 44 14    3444                   CALL	NC,ED
0012A1 18 68       3445                   JR	BYTE0
0012A3             3446   ;
0012A3             3447   ;GROUP 2 - BIT, RES, SET
0012A3             3448   ;GROUP 3 - RLC, RRC, RL, RR, SLA, SRA, SRL
0012A3             3449   ;
0012A3 D6 0A       3450   GROUP2:         SUB	10
0012A5 30 0F       3451                   JR	NC,GROUP4
0012A7 FE F9       3452                   CP	3-10
0012A9 DC CE 14    3453                   CALL	C,BIT
0012AC D8          3454                   RET	C
0012AD CD A3 14    3455                   CALL	REGLO
0012B0 D8          3456                   RET	C
0012B1 CD 48 14    3457                   CALL	CB
0012B4 18 55       3458                   JR	BYTE0
0012B6             3459   ;
0012B6             3460   ;GROUP 4 - PUSH, POP, EX (SP)
0012B6             3461   ;
0012B6 D6 03       3462   GROUP4:         SUB	3
0012B8 30 06       3463                   JR	NC,GROUP5
0012BA CD C2 14    3464   G4:             CALL	PAIRasm
0012BD D8          3465                   RET	C
0012BE 18 4B       3466                   JR	BYTE0
0012C0             3467   ;
0012C0             3468   ;GROUP 5 - SUB, AND, XOR, OR, CP
0012C0             3469   ;GROUP 6 - ADD, ADC, SBC
0012C0             3470   ;
0012C0 D6 0A       3471   GROUP5:         SUB	8+2
0012C2 30 32       3472                   JR	NC,GROUP7
0012C4 FE FD       3473                   CP	5-8
0012C6 06 07       3474                   LD	B,7
0012C8 D4 56 14    3475                   CALL	NC,OPND
0012CB 78          3476                   LD	A,B
0012CC FE 07       3477                   CP	7
0012CE 20 10       3478                   JR	NZ,G6HL
0012D0 CD A3 14    3479   G6:             CALL	REGLO
0012D3 79          3480                   LD	A,C
0012D4 30 28       3481                   JR	NC,BIND1
0012D6 EE 46       3482                   XOR	46H
0012D8 CD 4A 14    3483                   CALL	BIND
0012DB CD 86 14    3484   DB:             CALL	NUMBER
0012DE 18 78       3485                   JR	VAL8
0012E0             3486   ;
0012E0 E6 3F       3487   G6HL:           AND	3FH
0012E2 FE 0C       3488                   CP	12
0012E4 37          3489                   SCF
0012E5 C0          3490                   RET	NZ
0012E6 79          3491                   LD	A,C
0012E7 FE 80       3492                   CP	80H
0012E9 0E 09       3493                   LD	C,9
0012EB 28 CD       3494                   JR	Z,G4
0012ED EE 1C       3495                   XOR	1CH
0012EF 0F          3496                   RRCA
0012F0 4F          3497                   LD	C,A
0012F1 CD 44 14    3498                   CALL	ED
0012F4 18 C4       3499                   JR	G4
0012F6             3500   ;
0012F6             3501   ;GROUP 7 - INC, DEC
0012F6             3502   ;
0012F6 D6 02       3503   GROUP7:         SUB	2
0012F8 30 14       3504                   JR	NC,GROUP8
0012FA CD A9 14    3505                   CALL	REGHI
0012FD 79          3506                   LD	A,C
0012FE D2 4A 14    3507   BIND1:          JP	NC,BIND
001301 EE 64       3508                   XOR	64H
001303 07          3509                   RLCA
001304 07          3510                   RLCA
001305 07          3511                   RLCA
001306 4F          3512                   LD	C,A
001307 CD C6 14    3513                   CALL	PAIR1asm
00130A D8          3514                   RET	C
00130B 79          3515   BYTE0:          LD	A,C
00130C 18 7F       3516                   JR	BYTE2
00130E             3517   ;
00130E             3518   ;GROUP 8 - IN
00130E             3519   ;GROUP 9 - OUT
00130E             3520   ;
00130E D6 02       3521   GROUP8:         SUB	2
001310 30 21       3522                   JR	NC,GROUPA
001312 FE FF       3523                   CP	1-2
001314 CC 39 14    3524                   CALL	Z,CORN
001317 08          3525                   EX	AF,AF'
001318 CD A9 14    3526                   CALL	REGHI
00131B D8          3527                   RET	C
00131C 08          3528                   EX	AF,AF'
00131D DC 39 14    3529                   CALL	C,CORN
001320 24          3530                   INC	H
001321 28 E8       3531                   JR	Z,BYTE0
001323 78          3532                   LD	A,B
001324 FE 07       3533                   CP	7
001326 37          3534                   SCF
001327 C0          3535                   RET	NZ
001328 79          3536                   LD	A,C
001329 EE 03       3537                   XOR	3
00132B 07          3538                   RLCA
00132C 07          3539                   RLCA
00132D 07          3540                   RLCA
00132E CD 76 14    3541                   CALL	BYTE
001331 18 25       3542                   JR	VAL8
001333             3543   ;
001333             3544   ;GROUP 10 - JR, DJNZ
001333             3545   ;
001333 D6 02       3546   GROUPA:         SUB	2
001335 30 24       3547                   JR	NC,GROUPB
001337 FE FF       3548                   CP	1-2
001339 C4 AF 14    3549                   CALL	NZ,COND_
00133C 79          3550                   LD	A,C
00133D 30 02       3551                   JR	NC,GRPA
00133F 3E 18       3552                   LD	A,18H
001341 CD 76 14    3553   GRPA:           CALL	BYTE
001344 CD 86 14    3554                   CALL	NUMBER
001347 ED 5B 40 55 3555                   LD	DE,(PC)
00134B 13          3556                   INC	DE
00134C 37          3557                   SCF
00134D ED 52       3558                   SBC	HL,DE
00134F 7D          3559                   LD	A,L
001350 17          3560                   RLA
001351 9F          3561                   SBC	A,A
001352 BC          3562                   CP	H
001353 3E 01       3563   TOOFAR:         LD	A,1
001355 C2 D0 3F    3564                   JP	NZ,ERROR_	;"Out of range"
001358 7D          3565   VAL8:           LD	A,L
001359 18 32       3566                   JR	BYTE2
00135B             3567   ;
00135B             3568   ;GROUP 11 - JP
00135B             3569   ;
00135B 47          3570   GROUPB:         LD	B,A
00135C 20 16       3571                   JR	NZ,GROUPC
00135E CD AF 14    3572                   CALL	COND_
001361 79          3573                   LD	A,C
001362 30 0B       3574                   JR	NC,GRPB
001364 78          3575                   LD	A,B
001365 E6 3F       3576                   AND	3FH
001367 FE 06       3577                   CP	6
001369 3E E9       3578                   LD	A,0E9H
00136B 28 20       3579                   JR	Z,BYTE2
00136D 3E C3       3580                   LD	A,0C3H
00136F CD 76 14    3581   GRPB:           CALL	BYTE
001372 18 05       3582                   JR	ADDR_
001374             3583   ;
001374             3584   ;GROUP 12 - CALL
001374             3585   ;
001374 10 0C       3586   GROUPC:         DJNZ	GROUPD
001376 CD 91 13    3587   GRPC:           CALL	GRPE
001379 CD 86 14    3588   ADDR_:          CALL	NUMBER
00137C CD 58 13    3589   VAL16:          CALL	VAL8
00137F 7C          3590                   LD	A,H
001380 18 0B       3591                   JR	BYTE2
001382             3592   ;
001382             3593   ;GROUP 13 - RST
001382             3594   ;
001382 10 0B       3595   GROUPD:         DJNZ	GROUPE
001384 CD 86 14    3596                   CALL	NUMBER
001387 A1          3597                   AND	C
001388 B4          3598                   OR	H
001389 20 C8       3599                   JR	NZ,TOOFAR
00138B 7D          3600                   LD	A,L
00138C B1          3601                   OR	C
00138D 18 78       3602   BYTE2:          JR	BYTE1
00138F             3603   ;
00138F             3604   ;GROUP 14 - RET
00138F             3605   ;
00138F 10 0A       3606   GROUPE:         DJNZ	GROUPF
001391 CD AF 14    3607   GRPE:           CALL	COND_
001394 79          3608                   LD	A,C
001395 30 70       3609                   JR	NC,BYTE1
001397 F6 09       3610                   OR	9
001399 18 6C       3611                   JR	BYTE1
00139B             3612   ;
00139B             3613   ;GROUP 15 - LD
00139B             3614   ;
00139B 10 6C       3615   GROUPF:         DJNZ	MISC
00139D CD DB 14    3616                   CALL	LDOP
0013A0 30 5F       3617                   JR	NC,LDA
0013A2 CD A9 14    3618                   CALL	REGHI
0013A5 08          3619                   EX	AF,AF'
0013A6 CD 27 15    3620                   CALL	SKIP
0013A9 FE 28       3621                   CP	'('
0013AB 28 1D       3622                   JR	Z,LDIN
0013AD 08          3623                   EX	AF,AF'
0013AE D2 D0 12    3624                   JP	NC,G6
0013B1 0E 01       3625                   LD	C,1
0013B3 CD C6 14    3626                   CALL	PAIR1asm
0013B6 D8          3627                   RET	C
0013B7 3E 0E       3628                   LD	A,14
0013B9 B8          3629                   CP	B
0013BA 47          3630                   LD	B,A
0013BB CC C2 14    3631                   CALL	Z,PAIRasm
0013BE 78          3632                   LD	A,B
0013BF E6 3F       3633                   AND	3FH
0013C1 FE 0C       3634                   CP	12
0013C3 79          3635                   LD	A,C
0013C4 20 A9       3636                   JR	NZ,GRPB
0013C6 3E F9       3637                   LD	A,0F9H
0013C8 18 3D       3638                   JR	BYTE1
0013CA             3639   ;
0013CA 08          3640   LDIN:           EX	AF,AF'
0013CB C5          3641                   PUSH	BC
0013CC D4 A3 14    3642                   CALL	NC,REGLO
0013CF 79          3643                   LD	A,C
0013D0 C1          3644                   POP	BC
0013D1 30 77       3645                   JR	NC,BIND
0013D3 0E 0A       3646                   LD	C,0AH
0013D5 CD C6 14    3647                   CALL	PAIR1asm
0013D8 CD 20 14    3648                   CALL	LD16
0013DB 30 92       3649                   JR	NC,GRPB
0013DD CD 86 14    3650                   CALL	NUMBER
0013E0 0E 02       3651                   LD	C,2
0013E2 CD C2 14    3652                   CALL	PAIRasm
0013E5 CD 20 14    3653                   CALL	LD16
0013E8 D8          3654                   RET	C
0013E9 CD 76 14    3655                   CALL	BYTE
0013EC 18 8E       3656                   JR	VAL16
0013EE             3657   ;
0013EE             3658   ;OPT - SET OPTION
0013EE             3659   ;
0013EE 05          3660   OPT:            DEC	B
0013EF CA DB 12    3661                   JP	Z,DB
0013F2 10 85       3662                   DJNZ	ADDR_
0013F4 CD 86 14    3663                   CALL	NUMBER
0013F7 21 FE 55    3664                   LD	HL,LISTON
0013FA 4F          3665                   LD	C,A
0013FB ED 6F       3666                   RLD
0013FD 79          3667                   LD	A,C
0013FE ED 67       3668                   RRD
001400 C9          3669                   RET
001401             3670   ;
001401 FE 04       3671   LDA:            CP	4
001403 DC 44 14    3672                   CALL	C,ED
001406 78          3673                   LD	A,B
001407 18 6D       3674   BYTE1:          JR	BYTE
001409             3675   ;
001409             3676   ;MISC - DEFB, DEFW, DEFM
001409             3677   ;
001409 10 E3       3678   MISC:           DJNZ	OPT
00140B DD E5       3679                   PUSH	IX
00140D CD C0 18    3680                   CALL	EXPRS
001410 DD E1       3681                   POP	IX
001412 21 00 53    3682                   LD	HL,ACCS
001415 AF          3683   DEFM1:          XOR	A
001416 BB          3684                   CP	E
001417 C8          3685                   RET	Z
001418 7E          3686                   LD	A,(HL)
001419 23          3687                   INC	HL
00141A CD 76 14    3688                   CALL	BYTE
00141D 1D          3689                   DEC	E
00141E 18 F5       3690                   JR	DEFM1
001420             3691   ;
001420             3692   ;SUBROUTINES:
001420             3693   ;
001420 78          3694   LD16:           LD	A,B
001421 38 0E       3695                   JR	C,LD8
001423 78          3696                   LD	A,B
001424 E6 3F       3697                   AND	3FH
001426 FE 0C       3698                   CP	12
001428 79          3699                   LD	A,C
001429 C8          3700                   RET	Z
00142A CD 44 14    3701                   CALL	ED
00142D 79          3702                   LD	A,C
00142E F6 43       3703                   OR	43H
001430 C9          3704                   RET
001431             3705   ;
001431 FE 07       3706   LD8:            CP	7
001433 37          3707                   SCF
001434 C0          3708                   RET	NZ
001435 79          3709                   LD	A,C
001436 F6 30       3710                   OR	30H
001438 C9          3711                   RET
001439             3712   ;
001439 C5          3713   CORN:           PUSH	BC
00143A CD 56 14    3714                   CALL	OPND
00143D CB 68       3715                   BIT	5,B
00143F C1          3716                   POP	BC
001440 28 44       3717                   JR	Z,NUMBER
001442 26 FF       3718                   LD	H,-1
001444 3E ED       3719   ED:             LD	A,0EDH
001446 18 2E       3720                   JR	BYTE
001448             3721   ;
001448 3E CB       3722   CB:             LD	A,0CBH
00144A FE 76       3723   BIND:           CP	76H
00144C 37          3724                   SCF
00144D C8          3725                   RET	Z		;REJECT LD (HL),(HL)
00144E CD 76 14    3726                   CALL	BYTE
001451 14          3727                   INC	D
001452 F0          3728                   RET	P
001453 7B          3729                   LD	A,E
001454 18 20       3730                   JR	BYTE
001456             3731   ;
001456 E5          3732   OPND:           PUSH	HL
001457 21 98 16    3733                   LD	HL,OPRNDS
00145A CD DE 14    3734                   CALL	FIND
00145D E1          3735                   POP	HL
00145E D8          3736                   RET	C
00145F CB 78       3737                   BIT	7,B
001461 C8          3738                   RET	Z
001462 CB 58       3739                   BIT	3,B
001464 E5          3740                   PUSH	HL
001465 CC 7D 14    3741                   CALL	Z,OFFSETasm
001468 5D          3742                   LD	E,L
001469 E1          3743                   POP	HL
00146A 3E DD       3744                   LD	A,0DDH
00146C CB 70       3745                   BIT	6,B
00146E 28 02       3746                   JR	Z,OP1
001470 3E FD       3747                   LD	A,0FDH
001472 B7          3748   OP1:            OR	A
001473 14          3749                   INC	D
001474 57          3750                   LD	D,A
001475 F8          3751                   RET	M
001476 DD 77 00    3752   BYTE:           LD	(IX),A
001479 DD 23       3753                   INC	IX
00147B B7          3754                   OR	A
00147C C9          3755                   RET
00147D             3756   ;
00147D FD 7E 00    3757   OFFSETasm:         LD	A,(IY)
001480 FE 29       3758                   CP	')'
001482 21 00 00    3759                   LD	HL,0
001485 C8          3760                   RET	Z
001486 CD 27 15    3761   NUMBER:         CALL	SKIP
001489 C5          3762                   PUSH	BC
00148A D5          3763                   PUSH	DE
00148B DD E5       3764                   PUSH	IX
00148D CD B7 18    3765                   CALL	EXPRI
001490 DD E1       3766                   POP	IX
001492 D9          3767                   EXX
001493 D1          3768                   POP	DE
001494 C1          3769                   POP	BC
001495 7D          3770                   LD	A,L
001496 B7          3771                   OR	A
001497 C9          3772                   RET
001498             3773   ;
001498 CD 56 14    3774   REG:            CALL	OPND
00149B D8          3775                   RET	C
00149C 78          3776                   LD	A,B
00149D E6 3F       3777                   AND	3FH
00149F FE 08       3778                   CP	8
0014A1 3F          3779                   CCF
0014A2 C9          3780                   RET
0014A3             3781   ;
0014A3 CD 98 14    3782   REGLO:          CALL	REG
0014A6 D8          3783                   RET	C
0014A7 18 2F       3784                   JR	ORC
0014A9             3785   ;
0014A9 CD 98 14    3786   REGHI:          CALL	REG
0014AC D8          3787                   RET	C
0014AD 18 26       3788                   JR	SHL3
0014AF             3789   ;
0014AF CD 56 14    3790   COND_:          CALL	OPND
0014B2 D8          3791                   RET	C
0014B3 78          3792                   LD	A,B
0014B4 E6 1F       3793                   AND	1FH
0014B6 D6 10       3794                   SUB	16
0014B8 30 1B       3795                   JR	NC,SHL3
0014BA FE F1       3796                   CP	-15
0014BC 37          3797                   SCF
0014BD C0          3798                   RET	NZ
0014BE 3E 03       3799                   LD	A,3
0014C0 18 13       3800                   JR	SHL3
0014C2             3801   ;
0014C2 CD 56 14    3802   PAIRasm:           CALL	OPND
0014C5 D8          3803                   RET	C
0014C6 78          3804   PAIR1asm:          LD	A,B
0014C7 E6 0F       3805                   AND	0FH
0014C9 D6 08       3806                   SUB	8
0014CB D8          3807                   RET	C
0014CC 18 07       3808                   JR	SHL3
0014CE             3809   ;
0014CE CD 86 14    3810   BIT:            CALL	NUMBER
0014D1 FE 08       3811                   CP	8
0014D3 3F          3812                   CCF
0014D4 D8          3813                   RET	C
0014D5 07          3814   SHL3:           RLCA
0014D6 07          3815                   RLCA
0014D7 07          3816                   RLCA
0014D8 B1          3817   ORC:            OR	C
0014D9 4F          3818                   LD	C,A
0014DA C9          3819                   RET
0014DB             3820   ;
0014DB 21 DD 16    3821   LDOP:           LD	HL,LDOPS
0014DE CD 27 15    3822   FIND:           CALL	SKIP
0014E1 06 00       3823   EXIT:           LD	B,0
0014E3 37          3824                   SCF
0014E4 C8          3825                   RET	Z
0014E5 FE DD       3826                   CP	TDEF
0014E7 28 04       3827                   JR	Z,FIND0
0014E9 FE 85       3828                   CP	TOR+1
0014EB 3F          3829                   CCF
0014EC D8          3830                   RET	C
0014ED 7E          3831   FIND0:          LD	A,(HL)
0014EE B7          3832                   OR	A
0014EF 28 F0       3833                   JR	Z,EXIT
0014F1 FD AE 00    3834                   XOR	(IY)
0014F4 E6 5F       3835                   AND	01011111B
0014F6 28 09       3836                   JR	Z,FIND2
0014F8 CB 7E       3837   FIND1:          BIT	7,(HL)
0014FA 23          3838                   INC	HL
0014FB 28 FB       3839                   JR	Z,FIND1
0014FD 23          3840                   INC	HL
0014FE 04          3841                   INC	B
0014FF 18 EC       3842                   JR	FIND0
001501             3843   ;
001501 FD E5       3844   FIND2:          PUSH	IY
001503 CB 7E       3845   FIND3:          BIT	7,(HL)
001505 FD 23       3846                   INC	IY
001507 23          3847                   INC	HL
001508 20 10       3848                   JR	NZ,FIND5
00150A BE          3849                   CP	(HL)
00150B CC 26 15    3850                   CALL	Z,SKIP0
00150E 7E          3851                   LD	A,(HL)
00150F FD AE 00    3852                   XOR	(IY)
001512 E6 5F       3853                   AND	01011111B
001514 28 ED       3854                   JR	Z,FIND3
001516 FD E1       3855   FIND4:          POP	IY
001518 18 DE       3856                   JR	FIND1
00151A             3857   ;
00151A CD 39 15    3858   FIND5:          CALL	DELIM
00151D C4 33 15    3859                   CALL	NZ,SIGN
001520 20 F4       3860                   JR	NZ,FIND4
001522 78          3861   FIND6:          LD	A,B
001523 46          3862                   LD	B,(HL)
001524 E1          3863                   POP	HL
001525 C9          3864                   RET
001526             3865   ;
001526 23          3866   SKIP0:          INC	HL
001527 CD 39 15    3867   SKIP:           CALL	DELIM
00152A C0          3868                   RET	NZ
00152B CD 45 15    3869                   CALL	TERM
00152E C8          3870                   RET	Z
00152F FD 23       3871                   INC	IY
001531 18 F4       3872                   JR	SKIP
001533             3873   ;
001533 FE 2B       3874   SIGN:           CP	'+'
001535 C8          3875                   RET	Z
001536 FE 2D       3876                   CP	'-'
001538 C9          3877                   RET
001539             3878   ;
001539 FD 7E 00    3879   DELIM:          LD	A,(IY)		;ASSEMBLER DELIMITER
00153C FE 20       3880                   CP	' '
00153E C8          3881                   RET	Z
00153F FE 2C       3882                   CP	','
001541 C8          3883                   RET	Z
001542 FE 29       3884                   CP	')'
001544 C8          3885                   RET	Z
001545 FE 3B       3886   TERM:           CP	';'		;ASSEMBLER TERMINATOR
001547 C8          3887                   RET	Z
001548 FE 5C       3888                   CP	'\'
00154A C8          3889                   RET	Z
00154B FE 3A       3890   TERM0:          CP	':'		;ASSEMBLER SEPARATOR
00154D D0          3891                   RET	NC
00154E FE 0D       3892                   CP	CR
001550 C9          3893                   RET
001551             3894   ;
001551 4E 4F       3895   OPCODS:         DB	"NO"
001553 D0          3896                   DB	'P'+80H
001554 00          3897                   DB	0
001555 52 4C 43    3898                   DB	"RLC"
001558 C1          3899                   DB	'A'+80H
001559 07          3900                   DB	7
00155A 45 58       3901                   DB	"EX"
00155C 00          3902                   DB	0
00155D 41 46       3903                   DB	"AF"
00155F 00          3904                   DB	0
001560 41 46       3905                   DB	"AF"
001562 A7          3906                   DB	27H+80H ; APOSTROPHE
001563 08          3907                   DB	8
001564 52 52 43    3908                   DB	"RRC"
001567 C1          3909                   DB	'A'+80H
001568 0F          3910                   DB	0FH
001569 52 4C       3911                   DB	"RL"
00156B C1          3912                   DB	'A'+80H
00156C 17          3913                   DB	17H
00156D 52 52       3914                   DB	"RR"
00156F C1          3915                   DB	'A'+80H
001570 1F          3916                   DB	1FH
001571 44 41       3917                   DB	"DA"
001573 C1          3918                   DB	'A'+80H
001574 27          3919                   DB	27H
001575 43 50       3920                   DB	"CP"
001577 CC          3921                   DB	'L'+80H
001578 2F          3922                   DB	2FH
001579 53 43       3923                   DB	"SC"
00157B C6          3924                   DB	'F'+80H
00157C 37          3925                   DB	37H
00157D 43 43       3926                   DB	"CC"
00157F C6          3927                   DB	'F'+80H
001580 3F          3928                   DB	3FH
001581 48 41 4C    3929                   DB	"HAL"
001584 D4          3930                   DB	'T'+80H
001585 76          3931                   DB	76H
001586 45 58       3932                   DB	"EX"
001588 D8          3933                   DB	'X'+80H
001589 D9          3934                   DB	0D9H
00158A 45 58       3935                   DB	"EX"
00158C 00          3936                   DB	0
00158D 44 45       3937                   DB	"DE"
00158F 00          3938                   DB	0
001590 48          3939                   DB	'H'
001591 CC          3940                   DB	'L'+80H
001592 EB          3941                   DB	0EBH
001593 44          3942                   DB	'D'
001594 C9          3943                   DB	'I'+80H
001595 F3          3944                   DB	0F3H
001596 45          3945                   DB	'E'
001597 C9          3946                   DB	'I'+80H
001598 FB          3947                   DB	0FBH
001599             3948   ;
001599 4E 45       3949                   DB	"NE"
00159B C7          3950                   DB	'G'+80H
00159C 44          3951                   DB	44H
00159D 49 4D       3952                   DB	"IM"
00159F 00          3953                   DB	0
0015A0 B0          3954                   DB	'0'+80H
0015A1 46          3955                   DB	46H
0015A2 52 45 54    3956                   DB	"RET"
0015A5 CE          3957                   DB	'N'+80H
0015A6 45          3958                   DB	45H
0015A7 52 45 54    3959                   DB	"RET"
0015AA C9          3960                   DB	'I'+80H
0015AB 4D          3961                   DB	4DH
0015AC 49 4D       3962                   DB	"IM"
0015AE 00          3963                   DB	0
0015AF B1          3964                   DB	'1'+80H
0015B0 56          3965                   DB	56H
0015B1 49 4D       3966                   DB	"IM"
0015B3 00          3967                   DB	0
0015B4 B2          3968                   DB	'2'+80H
0015B5 5E          3969                   DB	5EH
0015B6 52 52       3970                   DB	"RR"
0015B8 C4          3971                   DB	'D'+80H
0015B9 67          3972                   DB	67H
0015BA 52 4C       3973                   DB	"RL"
0015BC C4          3974                   DB	'D'+80H
0015BD 6F          3975                   DB	6FH
0015BE 4C 44       3976                   DB	"LD"
0015C0 C9          3977                   DB	'I'+80H
0015C1 A0          3978                   DB	0A0H
0015C2 43 50       3979                   DB	"CP"
0015C4 C9          3980                   DB	'I'+80H
0015C5 A1          3981                   DB	0A1H
0015C6 49 4E       3982                   DB	"IN"
0015C8 C9          3983                   DB	'I'+80H
0015C9 A2          3984                   DB	0A2H
0015CA 4F 55 54    3985                   DB	"OUT"
0015CD C9          3986                   DB	'I'+80H
0015CE A3          3987                   DB	0A3H
0015CF 4C 44       3988                   DB	"LD"
0015D1 C4          3989                   DB	'D'+80H
0015D2 A8          3990                   DB	0A8H
0015D3 43 50       3991                   DB	"CP"
0015D5 C4          3992                   DB	'D'+80H
0015D6 A9          3993                   DB	0A9H
0015D7 49 4E       3994                   DB	"IN"
0015D9 C4          3995                   DB	'D'+80H
0015DA AA          3996                   DB	0AAH
0015DB 4F 55 54    3997                   DB	"OUT"
0015DE C4          3998                   DB	'D'+80H
0015DF AB          3999                   DB	0ABH
0015E0 4C 44 49    4000                   DB	"LDI"
0015E3 D2          4001                   DB	'R'+80H
0015E4 B0          4002                   DB	0B0H
0015E5 43 50 49    4003                   DB	"CPI"
0015E8 D2          4004                   DB	'R'+80H
0015E9 B1          4005                   DB	0B1H
0015EA 49 4E 49    4006                   DB	"INI"
0015ED D2          4007                   DB	'R'+80H
0015EE B2          4008                   DB	0B2H
0015EF 4F 54 49    4009                   DB	"OTI"
0015F2 D2          4010                   DB	'R'+80H
0015F3 B3          4011                   DB	0B3H
0015F4 4C 44 44    4012                   DB	"LDD"
0015F7 D2          4013                   DB	'R'+80H
0015F8 B8          4014                   DB	0B8H
0015F9 43 50 44    4015                   DB	"CPD"
0015FC D2          4016                   DB	'R'+80H
0015FD B9          4017                   DB	0B9H
0015FE 49 4E 44    4018                   DB	"IND"
001601 D2          4019                   DB	'R'+80H
001602 BA          4020                   DB	0BAH
001603 4F 54 44    4021                   DB	"OTD"
001606 D2          4022                   DB	'R'+80H
001607 BB          4023                   DB	0BBH
001608             4024   ;
001608 42 49       4025                   DB	"BI"
00160A D4          4026                   DB	'T'+80H
00160B 40          4027                   DB	40H
00160C 52 45       4028                   DB	"RE"
00160E D3          4029                   DB	'S'+80H
00160F 80          4030                   DB	80H
001610 53 45       4031                   DB	"SE"
001612 D4          4032                   DB	'T'+80H
001613 C0          4033                   DB	0C0H
001614             4034   ;
001614 52 4C       4035                   DB	"RL"
001616 C3          4036                   DB	'C'+80H
001617 00          4037                   DB	0
001618 52 52       4038                   DB	"RR"
00161A C3          4039                   DB	'C'+80H
00161B 08          4040                   DB	8
00161C 52          4041                   DB	'R'
00161D CC          4042                   DB	'L'+80H
00161E 10          4043                   DB	10H
00161F 52          4044                   DB	'R'
001620 D2          4045                   DB	'R'+80H
001621 18          4046                   DB	18H
001622 53 4C       4047                   DB	"SL"
001624 C1          4048                   DB	'A'+80H
001625 20          4049                   DB	20H
001626 53 52       4050                   DB	"SR"
001628 C1          4051                   DB	'A'+80H
001629 28          4052                   DB	28H
00162A 53 52       4053                   DB	"SR"
00162C CC          4054                   DB	'L'+80H
00162D 38          4055                   DB	38H
00162E             4056   ;
00162E 50 4F       4057                   DB	"PO"
001630 D0          4058                   DB	'P'+80H
001631 C1          4059                   DB	0C1H
001632 50 55 53    4060                   DB	"PUS"
001635 C8          4061                   DB	'H'+80H
001636 C5          4062                   DB	0C5H
001637 45 58       4063                   DB	"EX"
001639 00          4064                   DB	0
00163A 28 53       4065                   DB	"(S"
00163C D0          4066                   DB	'P'+80H
00163D E3          4067                   DB	0E3H
00163E             4068   ;
00163E 53 55       4069                   DB	"SU"
001640 C2          4070                   DB	'B'+80H
001641 90          4071                   DB	90H
001642 41 4E       4072                   DB	"AN"
001644 C4          4073                   DB	'D'+80H
001645 A0          4074                   DB	0A0H
001646 58 4F       4075                   DB	"XO"
001648 D2          4076                   DB	'R'+80H
001649 A8          4077                   DB	0A8H
00164A 4F          4078                   DB	'O'
00164B D2          4079                   DB	'R'+80H
00164C B0          4080                   DB	0B0H
00164D 43          4081                   DB	'C'
00164E D0          4082                   DB	'P'+80H
00164F B8          4083                   DB	0B8H
001650 80          4084                   DB	TAND
001651 A0          4085                   DB	0A0H
001652 84          4086                   DB	TOR
001653 B0          4087                   DB	0B0H
001654             4088   ;
001654 41 44       4089                   DB	"AD"
001656 C4          4090                   DB	'D'+80H
001657 80          4091                   DB	80H
001658 41 44       4092                   DB	"AD"
00165A C3          4093                   DB	'C'+80H
00165B 88          4094                   DB	88H
00165C 53 42       4095                   DB	"SB"
00165E C3          4096                   DB	'C'+80H
00165F 98          4097                   DB	98H
001660             4098   ;
001660 49 4E       4099                   DB	"IN"
001662 C3          4100                   DB	'C'+80H
001663 04          4101                   DB	4
001664 44 45       4102                   DB	"DE"
001666 C3          4103                   DB	'C'+80H
001667 05          4104                   DB	5
001668             4105   ;
001668 49          4106                   DB	'I'
001669 CE          4107                   DB	'N'+80H
00166A 40          4108                   DB	40H
00166B 4F 55       4109                   DB	"OU"
00166D D4          4110                   DB	'T'+80H
00166E 41          4111                   DB	41H
00166F             4112   ;
00166F 4A          4113                   DB	'J'
001670 D2          4114                   DB	'R'+80H
001671 20          4115                   DB	20H
001672 44 4A 4E    4116                   DB	"DJN"
001675 DA          4117                   DB	'Z'+80H
001676 10          4118                   DB	10H
001677             4119   ;
001677 4A          4120                   DB	'J'
001678 D0          4121                   DB	'P'+80H
001679 C2          4122                   DB	0C2H
00167A             4123   ;
00167A 43 41 4C    4124                   DB	"CAL"
00167D CC          4125                   DB	'L'+80H
00167E C4          4126                   DB	0C4H
00167F             4127   ;
00167F 52 53       4128                   DB	"RS"
001681 D4          4129                   DB	'T'+80H
001682 C7          4130                   DB	0C7H
001683             4131   ;
001683 52 45       4132                   DB	"RE"
001685 D4          4133                   DB	'T'+80H
001686 C0          4134                   DB	0C0H
001687             4135   ;
001687 4C          4136                   DB	'L'
001688 C4          4137                   DB	'D'+80H
001689 40          4138                   DB	40H
00168A             4139   ;
00168A 5D          4140                   DB	TDEF & 7FH
00168B CD          4141                   DB	'M'+80H
00168C 00          4142                   DB	0
00168D             4143   ;
00168D 5D          4144                   DB	TDEF & 7FH
00168E C2          4145                   DB	'B'+80H
00168F 00          4146                   DB	0
001690             4147   ;
001690 4F 50       4148                   DB	"OP"
001692 D4          4149                   DB	'T'+80H
001693 00          4150                   DB	0
001694             4151   ;
001694 5D          4152                   DB	TDEF & 7FH
001695 D7          4153                   DB	'W'+80H
001696 00          4154                   DB	0
001697             4155   ;
001697 00          4156                   DB	0
001698             4157   ;
001698 C2          4158   OPRNDS:         DB	'B'+80H
001699 00          4159                   DB	0
00169A C3          4160                   DB	'C'+80H
00169B 01          4161                   DB	1
00169C C4          4162                   DB	'D'+80H
00169D 02          4163                   DB	2
00169E C5          4164                   DB	'E'+80H
00169F 03          4165                   DB	3
0016A0 C8          4166                   DB	'H'+80H
0016A1 04          4167                   DB	4
0016A2 CC          4168                   DB	'L'+80H
0016A3 05          4169                   DB	5
0016A4 28 48       4170                   DB	"(H"
0016A6 CC          4171                   DB	'L'+80H
0016A7 06          4172                   DB	6
0016A8 C1          4173                   DB	'A'+80H
0016A9 07          4174                   DB	7
0016AA 28 49       4175                   DB	"(I"
0016AC D8          4176                   DB	'X'+80H
0016AD 86          4177                   DB	86H
0016AE 28 49       4178                   DB	"(I"
0016B0 D9          4179                   DB	'Y'+80H
0016B1 C6          4180                   DB	0C6H
0016B2             4181   ;
0016B2 42          4182                   DB	'B'
0016B3 C3          4183                   DB	'C'+80H
0016B4 08          4184                   DB	8
0016B5 44          4185                   DB	'D'
0016B6 C5          4186                   DB	'E'+80H
0016B7 0A          4187                   DB	10
0016B8 48          4188                   DB	'H'
0016B9 CC          4189                   DB	'L'+80H
0016BA 0C          4190                   DB	12
0016BB 49          4191                   DB	'I'
0016BC D8          4192                   DB	'X'+80H
0016BD 8C          4193                   DB	8CH
0016BE 49          4194                   DB	'I'
0016BF D9          4195                   DB	'Y'+80H
0016C0 CC          4196                   DB	0CCH
0016C1 41          4197                   DB	'A'
0016C2 C6          4198                   DB	'F'+80H
0016C3 0E          4199                   DB	14
0016C4 53          4200                   DB	'S'
0016C5 D0          4201                   DB	'P'+80H
0016C6 0E          4202                   DB	14
0016C7             4203   ;
0016C7 4E          4204                   DB	'N'
0016C8 DA          4205                   DB	'Z'+80H
0016C9 10          4206                   DB	16
0016CA DA          4207                   DB	'Z'+80H
0016CB 11          4208                   DB	17
0016CC 4E          4209                   DB	'N'
0016CD C3          4210                   DB	'C'+80H
0016CE 12          4211                   DB	18
0016CF 50          4212                   DB	'P'
0016D0 CF          4213                   DB	'O'+80H
0016D1 14          4214                   DB	20
0016D2 50          4215                   DB	'P'
0016D3 C5          4216                   DB	'E'+80H
0016D4 15          4217                   DB	21
0016D5 D0          4218                   DB	'P'+80H
0016D6 16          4219                   DB	22
0016D7 CD          4220                   DB	'M'+80H
0016D8 17          4221                   DB	23
0016D9             4222   ;
0016D9 28          4223                   DB	'('
0016DA C3          4224                   DB	'C'+80H
0016DB 20          4225                   DB	20H
0016DC             4226   ;
0016DC 00          4227                   DB	0
0016DD             4228   ;
0016DD 49          4229   LDOPS:          DB	'I'
0016DE 00          4230                   DB	0
0016DF C1          4231                   DB	'A'+80H
0016E0 47          4232                   DB	47H
0016E1 52          4233                   DB	'R'
0016E2 00          4234                   DB	0
0016E3 C1          4235                   DB	'A'+80H
0016E4 4F          4236                   DB	4FH
0016E5 41          4237                   DB	'A'
0016E6 00          4238                   DB	0
0016E7 C9          4239                   DB	'I'+80H
0016E8 57          4240                   DB	57H
0016E9 41          4241                   DB	'A'
0016EA 00          4242                   DB	0
0016EB D2          4243                   DB	'R'+80H
0016EC 5F          4244                   DB	5FH
0016ED 28 42 43    4245                   DB	"(BC"
0016F0 00          4246                   DB	0
0016F1 C1          4247                   DB	'A'+80H
0016F2 02          4248                   DB	2
0016F3 28 44 45    4249                   DB	"(DE"
0016F6 00          4250                   DB	0
0016F7 C1          4251                   DB	'A'+80H
0016F8 12          4252                   DB	12H
0016F9 41          4253                   DB	'A'
0016FA 00          4254                   DB	0
0016FB 28 42       4255                   DB	"(B"
0016FD C3          4256                   DB	'C'+80H
0016FE 0A          4257                   DB	0AH
0016FF 41          4258                   DB	'A'
001700 00          4259                   DB	0
001701 28 44       4260                   DB	"(D"
001703 C5          4261                   DB	'E'+80H
001704 1A          4262                   DB	1AH
001705             4263   ;
001705 00          4264                   DB	0
001706             4265   ;
001706             4266   FIN:            ; END
001706             4267   ; --- End asmb.asm ---
001706             4268   
001706             4269   ; --- Begin eval.asm ---
001706             4270   ;
001706             4271   ;Automatically created from original source on 2024-12-20 19:08:22
001706             4272   ;
001706             4273                   .ASSUME ADL = 0
001706             4274   ;                SEGMENT CODE
001706             4275   ;
001706             4276   ;                XDEF	COUNT0
001706             4277   ;                XDEF	COUNT1
001706             4278   ;                XDEF	ZERO
001706             4279   ;                XDEF	TRUE
001706             4280   ;
001706             4281   ;BBC BASIC INTERPRETER - Z80 VERSION
001706             4282   ;EVALUATE EXPRESSION MODULE - "EVAL"
001706             4283   ;(C) COPYRIGHT R.T.RUSSELL 1981-2024
001706             4284   ;
001706             4285   ;THE NAME BBC BASIC IS USED WITH THE PERMISSION
001706             4286   ;OF THE BRITISH BROADCASTING CORPORATION AND IS
001706             4287   ;NOT TRANSFERRABLE TO A FORKED OR DERIVED WORK.
001706             4288   ;
001706             4289   ;VERSION 2.3, 07-05-1984
001706             4290   ;VERSION 3.0, 08-03-1987
001706             4291   ;VERSION 5.0, 31-05-2024
001706             4292   ;VERSION 5.1, 28-12-2024
001706             4293   ;VERSION 5.2, 11-01-2025
001706             4294   ;VERSION 5.3, 16-03-2025 (Shifts moved to new codes)
001706             4295   ;
001706             4296   ;BINARY FLOATING POINT REPRESENTATION:
001706             4297   ; 32 BIT SIGN-MAGNITUDE NORMALIZED MANTISSA
001706             4298   ; 8 BIT EXCESS-128 SIGNED EXPONENT
001706             4299   ; SIGN BIT REPLACES MANTISSA MSB (IMPLIED "1")
001706             4300   ; MANTISSA=0 & EXPONENT=0 IMPLIES VALUE IS ZERO.
001706             4301   ;
001706             4302   ;BINARY INTEGER REPRESENTATION:
001706             4303   ; 32 BIT 2'S-COMPLEMENT SIGNED INTEGER
001706             4304   ; "EXPONENT" BYTE = 0 (WHEN PRESENT)
001706             4305   ;
001706             4306   ;NORMAL REGISTER ALLOCATION: MANTISSA - HLH'L'
001706             4307   ;                            EXPONENT - C
001706             4308   ;
001706             4309   ;                XDEF	EXPR
001706             4310   ;                XDEF	EXPRN
001706             4311   ;                XDEF	EXPRI
001706             4312   ;                XDEF	EXPRS
001706             4313   ;                XDEF	ITEMI
001706             4314   ;                XDEF	CONS
001706             4315   ;                XDEF	LOADS
001706             4316   ;                XDEF	VAL0
001706             4317   ;                XDEF	SFIX
001706             4318   ;                XDEF	STR
001706             4319   ;                XDEF	HEXSTR
001706             4320   ;                XDEF	LOAD4
001706             4321   ;                XDEF	LOADN
001706             4322   ;                XDEF	DLOAD5
001706             4323   ;                XDEF	TEST
001706             4324   ;                XDEF	ZERO
001706             4325   ;                XDEF	COMMA
001706             4326   ;                XDEF	BRAKET
001706             4327   ;                XDEF	DECODE
001706             4328   ;                XDEF	PUSHS
001706             4329   ;                XDEF	POPS
001706             4330   ;                XDEF	SEARCH
001706             4331   ;                XDEF	SCP
001706             4332   ;                XDEF	LETARR
001706             4333   ;
001706             4334   ;                XREF	MUL16
001706             4335   ;                XREF	ERROR_
001706             4336   ;                XREF	SYNTAX
001706             4337   ;                XREF	CHANEL
001706             4338   ;                XREF	CHNL
001706             4339   ;                XREF	STOREN
001706             4340   ;                XREF	STORE4
001706             4341   ;                XREF	STORE5
001706             4342   ;                XREF	STACCS
001706             4343   ;                XREF	CHECK
001706             4344   ;                XREF	USR
001706             4345   ;                XREF	VAR_
001706             4346   ;                XREF	FN
001706             4347   ;                XREF	XEQ
001706             4348   ;                XREF	NXT
001706             4349   ;                XREF	X14OR5
001706             4350   ;                XREF	MODIFY
001706             4351   ;                XREF	MODIFS
001706             4352   ;                XREF	TERMQ
001706             4353   ;
001706             4354   ;                XREF	GETVAR
001706             4355   ;                XREF	LEXAN2
001706             4356   ;                XREF	RANGE
001706             4357   ;                XREF	GETTOP
001706             4358   ;
001706             4359   ;                XREF	STAVAR
001706             4360   ;                XREF	PAGE_
001706             4361   ;                XREF	LOMEM
001706             4362   ;                XREF	HIMEM
001706             4363   ;                XREF	RANDOM
001706             4364   ;                XREF	COUNT
001706             4365   ;                XREF	LISTON
001706             4366   ;                XREF	PC
001706             4367   ;                XREF	ERL
001706             4368   ;                XREF	ERR
001706             4369   ;                XREF	ACCS
001706             4370   ;                XREF	ERRTXT
001706             4371   ;                XREF	KEYWDS
001706             4372   ;                XREF	KEYWDL
001706             4373   ;                XREF	FREE
001706             4374   ;                XREF	BUFFER
001706             4375   ;
001706             4376   ;                XREF	OSRDCH
001706             4377   ;                XREF	OSOPEN
001706             4378   ;                XREF	OSBGET
001706             4379   ;                XREF	OSSTAT
001706             4380   ;                XREF	GETCSR
001706             4381   ;                XREF	GETIME
001706             4382   ;                XREF	GETIMS
001706             4383   ;                XREF	GETEXT
001706             4384   ;                XREF	GETPTR
001706             4385   ;                XREF	OSKEY
001706             4386   ;
001706             4387   ;                XREF	POINT
001706             4388   ;                XREF	ADVAL
001706             4389   ;                XREF	TINTFN
001706             4390   ;                XREF	MODEFN
001706             4391   ;                XREF	WIDFN
001706             4392   ;
001706             4393   ;                XREF	FPP
001706             4394   ;
001706             4395   FUNTOK:         EQU	8DH		;1st FUNCTION TOKEN
001706             4396   TMOD:           EQU	83H
001706             4397   TLEN:           EQU	0A9H
001706             4398   ; TTO:            EQU	0B8H	; IN main.asm
001706             4399   ; TDIM:           EQU	0DEH	; IN main.asm
001706             4400   TEND:           EQU	0E0H
001706             4401   TMODE:          EQU	0EBH
001706             4402   TREPORT:        EQU	0F6H
001706             4403   TWIDTH:         EQU	0FEH
001706             4404   TTINT:          EQU	0AH
001706             4405   ; TBY:            EQU	0FH	; IN acorn.asm
001706             4406   ;
001706             4407   ;TABLE OF ADDRESSES FOR FUNCTIONS:
001706             4408   ;
001706 EB 1F       4409   FUNTBL:         DW	DECODE		;Line number
001708 E3 1B       4410                   DW	OPENIN		;OPENIN
00170A 00 1C       4411                   DW	PTRev		;PTR
00170C B5 1B       4412                   DW	PAGEVev		;PAGE
00170E 08 1C       4413                   DW	TIMEVev		;TIME
001710 AB 1B       4414                   DW	LOMEMVev		;LOMEM
001712 B0 1B       4415                   DW	HIMEMVev		;HIMEM
001714 54 1C       4416                   DW	ABSev		;ABS
001716 90 1C       4417                   DW	ACSev		;ACS
001718 6B 0E       4418                   DW	ADVAL		;ADVAL
00171A 98 1B       4419                   DW	ASC		;ASC
00171C 88 1C       4420                   DW	ASNev		;ASN
00171E 8C 1C       4421                   DW	ATNev		;ATN
001720 74 1B       4422                   DW	BGET		;BGET
001722 74 1C       4423                   DW	COSev		;COS
001724 D3 1B       4424                   DW	COUNTV		;COUNT
001726 5C 1C       4425                   DW	DEGev		;DEG
001728 C9 1B       4426                   DW	ERLV		;ERL
00172A CE 1B       4427                   DW	ERRV		;ERR
00172C B4 1C       4428                   DW	EVAL_		;EVAL_
00172E 7C 1C       4429                   DW	EXPev		;EXP
001730 F8 1B       4430                   DW	EXTev		;EXT
001732 83 20       4431                   DW	ZERO		;FALSE
001734 6D 2A       4432                   DW	FN		;FN
001736 82 1B       4433                   DW	GET		;GET
001738 7D 1B       4434                   DW	INKEY		;INKEY
00173A 2D 1E       4435                   DW	INSTR		;INSTR(
00173C 68 1C       4436                   DW	INT_ev		;INT_
00173E A5 1B       4437                   DW	LEN		;LEN
001740 80 1C       4438                   DW	LNev		;LN
001742 84 1C       4439                   DW	LOGev		;LOG
001744 58 1C       4440                   DW	CPL_ev		;NOT
001746 E0 1B       4441                   DW	OPENUP		;OPENUP
001748 DE 1B       4442                   DW	OPENOT		;OPENOUT
00174A 50 1C       4443                   DW	PIev		;PI
00174C 38 0E       4444                   DW	POINT		;POINT(
00174E 5D 1B       4445                   DW	POS		;POS
001750 60 1C       4446                   DW	RADev		;RAD
001752 E1 1C       4447                   DW	RND		;RND
001754 64 1C       4448                   DW	SGNev		;SGN
001756 78 1C       4449                   DW	SINev		;SIN
001758 6C 1C       4450                   DW	SQRev		;SQR
00175A 70 1C       4451                   DW	TANev		;TAN
00175C BA 1B       4452                   DW	TOPV		;TO(P)
00175E 45 1C       4453                   DW	TRUEev		;TRUE
001760 C7 30       4454                   DW	USR		;USR
001762 A7 1C       4455                   DW	VALev		;VAL
001764 63 1B       4456                   DW	VPOS		;VPOS
001766 AE 1E       4457                   DW	CHRS		;CHR$
001768 B5 1E       4458                   DW	GETS		;GET$
00176A 19 1F       4459                   DW	INKEYS		;INKEY$
00176C 59 1F       4460                   DW	LEFTS		;LEFT$(
00176E 29 1F       4461                   DW	MIDS		;MID$(
001770 87 1F       4462                   DW	RIGHTS		;RIGHT$(
001772 43 20       4463                   DW	STRS		;STR$
001774 B1 1F       4464                   DW	STRING_		;STRING_$(
001776 68 1B       4465                   DW	EOF		;EOF
001778 71 1D       4466                   DW	SUM		;SUM
00177A             4467   ;
00177A             4468   FUNTBL_END:     EQU	$
00177A             4469   TCMDev:           EQU	FUNTOK+[[FUNTBL_END-FUNTBL]/2]
00177A             4470   ;
00177A             4471   ; CR             EQU	0DH
00177A             4472   ; LF             EQU	0AH
00177A             4473   AND_:           EQU	80H
00177A             4474   DIV_:           EQU	81H
00177A             4475   EOR:            EQU	82H
00177A             4476   MOD_:           EQU	83H
00177A             4477   OR_:            EQU	84H
00177A             4478   ;
00177A 33 1C       4479   SOPTBL:         DW	SLE		;<= (STRING)
00177C 3B 1C       4480                   DW	SNE		;<>
00177E 2D 1C       4481                   DW	SGE		;>=
001780 20 1C       4482                   DW	SLT		;<
001782 41 1C       4483                   DW	SEQ		;=
001784 26 1C       4484                   DW	SGT		;>
001786             4485   ;
001786             4486   ;EXPR - VARIABLE-TYPE EXPRESSION EVALUATION
001786             4487   ; Expression type is returned in A'F':
001786             4488   ; Numeric - A' bit 7=0, F' sign bit cleared.
001786             4489   ; String - A' bit 7=1, F' sign bit set.
001786             4490   ;Floating-point or integer result returned in HLH'L'C
001786             4491   ; Integer result denoted by C=0 and HLH'L' non-zero.
001786             4492   ;String result returned in string accumulator, DE set.
001786             4493   ;
001786             4494   ;Hierarchy is: (1) Variables, functions,
001786             4495   ; constants, bracketed expressions.
001786             4496   ; (2) ^
001786             4497   ; (3) * / MOD DIV
001786             4498   ; (4) + -
001786             4499   ; (5) = <> <= >= > <
001786             4500   ; (6) AND
001786             4501   ; (7) EOR OR
001786             4502   ;
001786 CD 9B 17    4503   EXPR:           CALL	EXPR1		;GET FIRST OPERAND
001789 FE 82       4504   EXPR0A:         CP	EOR		;CHECK OPERATOR
00178B 28 03       4505                   JR	Z,EXPR0B
00178D FE 84       4506                   CP	OR_
00178F C0          4507                   RET	NZ
001790 CD FE 20    4508   EXPR0B:         CALL	SAVEev		;SAVE FIRST OPERAND
001793 CD 9B 17    4509                   CALL	EXPR1		;GET SECOND OPERAND
001796 CD 0E 21    4510                   CALL	DOIT		;DO OPERATION
001799 18 EE       4511                   JR	EXPR0A		;CONTINUE
00179B             4512   ;
00179B CD AC 17    4513   EXPR1:          CALL	EXPR2
00179E FE 80       4514   EXPR1A:         CP	AND_
0017A0 C0          4515                   RET	NZ
0017A1 CD FE 20    4516                   CALL	SAVEev
0017A4 CD AC 17    4517                   CALL	EXPR2
0017A7 CD 0E 21    4518                   CALL	DOIT
0017AA 18 F2       4519                   JR	EXPR1A
0017AC             4520   ;
0017AC CD 24 18    4521   EXPR2:          CALL	EXPR3ev
0017AF CD F5 20    4522                   CALL	RELOPQ
0017B2 C0          4523                   RET	NZ
0017B3 47          4524                   LD	B,A
0017B4 FD 23       4525                   INC	IY		;BUMP OVER OPERATOR
0017B6 CD 97 45    4526                   CALL	NXT
0017B9 CD F5 20    4527                   CALL	RELOPQ		;COMPOUND OPERATOR?
0017BC 20 07       4528                   JR	NZ,EXPR2B
0017BE FD 23       4529                   INC	IY
0017C0 B8          4530                   CP	B
0017C1 28 1C       4531                   JR	Z,SHIFT		;SHIFT | ==
0017C3 80          4532                   ADD	A,B
0017C4 47          4533                   LD	B,A
0017C5 78          4534   EXPR2B:         LD	A,B
0017C6 08          4535                   EX	AF,AF'
0017C7 FA F7 17    4536                   JP	M,EXPR2S
0017CA 08          4537                   EX	AF,AF'
0017CB D6 04       4538                   SUB	4
0017CD FE 3A       4539                   CP	'>'-4
0017CF 20 02       4540                   JR	NZ,EXPR2C
0017D1 C6 02       4541                   ADD	A,2
0017D3 E6 0F       4542   EXPR2C:         AND	0FH
0017D5 CD 02 21    4543   EXPR2D:         CALL	SAVE1
0017D8 CD 24 18    4544                   CALL	EXPR3ev
0017DB CD 0E 21    4545                   CALL	DOIT		;Must NOT be "JP DOIT"
0017DE C9          4546                   RET
0017DF             4547   ;
0017DF FE 3D       4548   SHIFT:          CP	'='
0017E1 28 E2       4549                   JR	Z,EXPR2B	;==
0017E3 CD 97 45    4550                   CALL	NXT
0017E6 CD F5 20    4551                   CALL	RELOPQ
0017E9 20 07       4552                   JR	NZ,SHIFT1
0017EB B8          4553                   CP	B
0017EC C2 6A 26    4554                   JP	NZ,SYNTAX
0017EF FD 23       4555                   INC	IY
0017F1 04          4556                   INC	B
0017F2 78          4557   SHIFT1:         LD	A,B
0017F3 D6 10       4558                   SUB	16
0017F5 18 DE       4559                   JR	EXPR2D
0017F7             4560   ;
0017F7 08          4561   EXPR2S:         EX	AF,AF'
0017F8 3D          4562                   DEC	A
0017F9 E6 07       4563                   AND	7
0017FB CD A4 20    4564                   CALL	PUSHS		;SAVE STRING ON STACK
0017FE F5          4565                   PUSH	AF		;SAVE OPERATOR
0017FF CD 24 18    4566                   CALL	EXPR3ev		;SECOND STRING
001802 08          4567                   EX	AF,AF'
001803 F2 F2 18    4568                   JP	P,MISMATev
001806 F1          4569                   POP	AF
001807 4B          4570                   LD	C,E		;LENGTH OF STRING #2
001808 D1          4571                   POP	DE
001809 21 00 00    4572                   LD	HL,0
00180C 39          4573                   ADD	HL,SP
00180D 43          4574                   LD	B,E		;LENGTH OF STRING #1
00180E D5          4575                   PUSH	DE
00180F 11 00 53    4576                   LD	DE,ACCS
001812 EB          4577                   EX	DE,HL
001813 CD 46 21    4578                   CALL	DISPT2
001816 D1          4579                   POP	DE
001817 EB          4580                   EX	DE,HL
001818 26 00       4581                   LD	H,0
00181A 39          4582                   ADD	HL,SP
00181B F9          4583                   LD	SP,HL
00181C EB          4584                   EX	DE,HL
00181D AF          4585                   XOR	A		;NUMERIC MARKER
00181E 4F          4586                   LD	C,A		;INTEGER MARKER
00181F 08          4587                   EX	AF,AF'
001820 FD 7E 00    4588                   LD	A,(IY)
001823 C9          4589                   RET
001824             4590   ;
001824 CD 72 18    4591   EXPR3ev:          CALL	EXPR4
001827 FE 2D       4592   EXPR3A:         CP	'-'
001829 28 08       4593                   JR	Z,EXPR3B
00182B FE 2B       4594                   CP	'+'
00182D C0          4595                   RET	NZ
00182E 08          4596                   EX	AF,AF'
00182F FA 3E 18    4597                   JP	M,EXPR3S
001832 08          4598                   EX	AF,AF'
001833 CD FE 20    4599   EXPR3B:         CALL	SAVEev
001836 CD 72 18    4600                   CALL	EXPR4
001839 CD 0E 21    4601                   CALL	DOIT
00183C 18 E9       4602                   JR	EXPR3A
00183E             4603   ;
00183E 08          4604   EXPR3S:         EX	AF,AF'
00183F FD 23       4605                   INC	IY		;BUMP PAST '+'
001841 CD A4 20    4606                   CALL	PUSHS		;SAVE STRING ON STACK
001844 CD 72 18    4607                   CALL	EXPR4		;SECOND STRING
001847 08          4608                   EX	AF,AF'
001848 F2 F2 18    4609                   JP	P,MISMATev
00184B 4B          4610                   LD	C,E		;C=LENGTH
00184C D1          4611                   POP	DE
00184D D5          4612                   PUSH	DE
00184E 21 00 53    4613                   LD	HL,ACCS
001851 54          4614                   LD	D,H
001852 79          4615                   LD	A,C
001853 B7          4616                   OR	A
001854 28 0E       4617                   JR	Z,EXP3S3
001856 45          4618                   LD	B,L
001857 6F          4619                   LD	L,A		;SOURCE
001858 83          4620                   ADD	A,E
001859 5F          4621                   LD	E,A		;DESTINATION
00185A 3E 13       4622                   LD	A,19
00185C 38 6B       4623                   JR	C,ERROR2ev	;"String too long"
00185E D5          4624                   PUSH	DE
00185F 1D          4625                   DEC	E
001860 2D          4626                   DEC	L
001861 ED B8       4627                   LDDR			;COPY
001863 D1          4628                   POP	DE
001864 D9          4629   EXP3S3:         EXX
001865 C1          4630                   POP	BC
001866 CD C2 20    4631                   CALL	POPS		;RESTORE FROM STACK
001869 D9          4632                   EXX
00186A F6 80       4633                   OR	80H		;FLAG STRING
00186C 08          4634                   EX	AF,AF'
00186D FD 7E 00    4635                   LD	A,(IY)
001870 18 B5       4636                   JR	EXPR3A
001872             4637   ;
001872 CD 98 18    4638   EXPR4:          CALL	EXPR5
001875 FE 2A       4639   EXPR4A:         CP	'*'
001877 28 0B       4640                   JR	Z,EXPR4B
001879 FE 2F       4641                   CP	'/'
00187B 28 07       4642                   JR	Z,EXPR4B
00187D FE 83       4643                   CP	MOD_
00187F 28 03       4644                   JR	Z,EXPR4B
001881 FE 81       4645                   CP	DIV_
001883 C0          4646                   RET	NZ
001884 CD FE 20    4647   EXPR4B:         CALL	SAVEev
001887 CD 98 18    4648                   CALL	EXPR5
00188A CD 0E 21    4649                   CALL	DOIT
00188D 18 E6       4650                   JR	EXPR4A
00188F             4651   ;
00188F 7B          4652   EXPR45:         LD	A,E
001890 FE 2B       4653                   CP	'+'
001892 28 DE       4654                   JR	Z,EXPR4
001894 FE 2D       4655                   CP	'-'
001896 28 DA       4656                   JR	Z,EXPR4
001898 CD 54 19    4657   EXPR5:          CALL	ITEM
00189B B7          4658                   OR	A		;TEST TYPE
00189C 08          4659                   EX	AF,AF'		;SAVE TYPE
00189D CD 97 45    4660   EXPR5A:         CALL	NXT
0018A0 FE 5E       4661                   CP	'^'
0018A2 C0          4662                   RET	NZ
0018A3 CD FE 20    4663                   CALL	SAVEev
0018A6 CD 54 19    4664                   CALL	ITEM
0018A9 B7          4665                   OR	A
0018AA 08          4666                   EX	AF,AF'
0018AB CD 0E 21    4667                   CALL	DOIT
0018AE 18 ED       4668                   JR	EXPR5A
0018B0             4669   ;
0018B0 CD 86 17    4670   EXPRN:          CALL	EXPR
0018B3 08          4671                   EX	AF,AF'
0018B4 F0          4672                   RET	P
0018B5 18 3B       4673                   JR	MISMATev
0018B7             4674   ;
0018B7 CD 86 17    4675   EXPRI:          CALL	EXPR
0018BA 08          4676                   EX	AF,AF'
0018BB F2 9F 1C    4677                   JP	P,SFIX
0018BE 18 32       4678                   JR	MISMATev
0018C0             4679   ;
0018C0 CD 86 17    4680   EXPRS:          CALL	EXPR
0018C3 08          4681                   EX	AF,AF'
0018C4 F8          4682                   RET	M
0018C5 18 2B       4683                   JR	MISMATev
0018C7             4684   ;
0018C7 3E 1C       4685   BADHEX:         LD	A,28
0018C9 C3 D0 3F    4686   ERROR2ev:         JP	ERROR_		;"Bad HEX or binary"
0018CC             4687   ;
0018CC D9          4688   NEGATEev:         EXX
0018CD 7C          4689                   LD	A,H
0018CE 2F          4690                   CPL
0018CF 67          4691                   LD	H,A
0018D0 7D          4692                   LD	A,L
0018D1 2F          4693                   CPL
0018D2 6F          4694                   LD	L,A
0018D3 D9          4695                   EXX
0018D4 7C          4696                   LD	A,H
0018D5 2F          4697                   CPL
0018D6 67          4698                   LD	H,A
0018D7 7D          4699                   LD	A,L
0018D8 2F          4700                   CPL
0018D9 6F          4701                   LD	L,A
0018DA D9          4702   ADD1ev:           EXX
0018DB 23          4703                   INC	HL
0018DC 7C          4704                   LD	A,H
0018DD B5          4705                   OR	L
0018DE D9          4706                   EXX
0018DF 3E 00       4707                   LD	A,0		;NUMERIC MARKER
0018E1 C0          4708                   RET	NZ
0018E2 23          4709                   INC	HL
0018E3 C9          4710                   RET
0018E4             4711   ;
0018E4 CD 54 19    4712   ITEMI:          CALL	ITEM
0018E7 B7          4713                   OR	A
0018E8 F2 9F 1C    4714                   JP	P,SFIX
0018EB 18 05       4715                   JR	MISMATev
0018ED             4716   ;
0018ED CD 54 19    4717   ITEMS:          CALL	ITEM
0018F0 B7          4718                   OR	A
0018F1 F8          4719                   RET	M
0018F2 3E 06       4720   MISMATev:         LD	A,6
0018F4 18 D3       4721                   JR	ERROR2ev		;"Type mismatch"
0018F6             4722   ;
0018F6 CD 86 17    4723   ITEM1:          CALL	EXPR		;BRACKETED EXPR
0018F9 CD 39 21    4724                   CALL	BRAKET
0018FC 08          4725                   EX	AF,AF'
0018FD C9          4726                   RET
0018FE             4727   ;
0018FE CD 54 19    4728   ITEMN:          CALL	ITEM
001901 B7          4729                   OR	A
001902 F0          4730                   RET	P
001903 18 ED       4731                   JR	MISMATev
001905             4732   ;
001905             4733   ;HEX - Get hexadecimal constant.
001905             4734   ;   Inputs: ASCII string at (IY)
001905             4735   ;  Outputs: Integer result in H'L'HL, C=0, A7=0.
001905             4736   ;           IY updated (points to delimiter)
001905             4737   ;
001905 CD 83 20    4738   HEXev:            CALL	ZERO
001908 CD E2 20    4739                   CALL	HEXDIG
00190B 38 BA       4740                   JR	C,BADHEX
00190D FD 23       4741   HEX1:           INC	IY
00190F E6 0F       4742                   AND	0FH
001911 06 04       4743                   LD	B,4
001913 D9          4744   HEX2:           EXX
001914 29          4745                   ADD	HL,HL
001915 D9          4746                   EXX
001916 ED 6A       4747                   ADC	HL,HL
001918 10 F9       4748                   DJNZ	HEX2
00191A D9          4749                   EXX
00191B B5          4750                   OR	L
00191C 6F          4751                   LD	L,A
00191D D9          4752                   EXX
00191E CD E2 20    4753                   CALL	HEXDIG
001921 30 EA       4754                   JR	NC,HEX1
001923 AF          4755                   XOR	A
001924 C9          4756                   RET
001925             4757   ;
001925             4758   ;BIN - Get binary constant.
001925             4759   ;   Inputs: ASCII string at (IY)
001925             4760   ;  Outputs: Integer result in H'L'HL, C=0, A=0.
001925             4761   ;           IY updated (points to delimiter)
001925             4762   ;
001925 CD 83 20    4763   BIN:            CALL	ZERO
001928 CD D5 20    4764                   CALL	BINDIG
00192B 38 9A       4765                   JR	C,BADHEX
00192D FD 23       4766   BIN1:           INC	IY
00192F CB 1F       4767                   RR	A
001931 D9          4768                   EXX
001932 ED 6A       4769                   ADC	HL,HL
001934 D9          4770                   EXX
001935 ED 6A       4771                   ADC	HL,HL
001937 CD D5 20    4772                   CALL	BINDIG
00193A 30 F1       4773                   JR	NC,BIN1
00193C AF          4774                   XOR	A
00193D C9          4775                   RET
00193E             4776   ;
00193E             4777   ;MINUS - Unary minus.
00193E             4778   ;   Inputs: IY = text pointer
00193E             4779   ;  Outputs: Numeric result, same type as argument.
00193E             4780   ;           Result in H'L'HLC
00193E             4781   ;
00193E CD FE 18    4782   MINUS:          CALL	ITEMN
001941 0D          4783   MINUS0:         DEC	C
001942 0C          4784                   INC	C
001943 28 87       4785                   JR	Z,NEGATEev	;ZERO/INTEGER
001945 7C          4786                   LD	A,H
001946 EE 80       4787                   XOR	80H		;CHANGE SIGN (FP)
001948 67          4788                   LD	H,A
001949 AF          4789                   XOR	A		;NUMERIC MARKER
00194A C9          4790                   RET
00194B             4791   ;
00194B CD 60 26    4792   ADDROF:         CALL	VAR_
00194E E5          4793                   PUSH	HL
00194F D9          4794                   EXX
001950 E1          4795                   POP	HL
001951 C3 D8 1B    4796                   JP	COUNT1
001954             4797   ;
001954             4798   ;ITEM - VARIABLE TYPE NUMERIC OR STRING ITEM.
001954             4799   ;Item type is returned in A: Bit 7=0 numeric.
001954             4800   ; Bit 7=1 string.
001954             4801   ;Numeric item returned in HLH'L'C.
001954             4802   ;String item returned in string accumulator,
001954             4803   ; DE addresses byte after last (E=length).
001954             4804   ;
001954 CD 12 33    4805   ITEM:           CALL	CHECK
001957 CD 97 45    4806                   CALL	NXT
00195A FD 23       4807                   INC	IY
00195C FE 8D       4808                   CP	FUNTOK
00195E 38 08       4809                   JR	C,ITEM0
001960 FE C7       4810                   CP	TCMDev
001962 DA 4C 21    4811                   JP	C,DISPATev	;FUNCTIONS
001965 C3 B8 1A    4812                   JP	EXTRASev		;DIM, END, MODE, REPORT$, WIDTH
001968             4813   ;
001968 FE 3A       4814   ITEM0:          CP	':'
00196A 30 25       4815                   JR	NC,ITEM2	;VARIABLES
00196C FE 30       4816                   CP	'0'
00196E 30 7B       4817                   JR	NC,CONev		;NUMERIC CONSTANT
001970 FE 28       4818                   CP	'('
001972 28 82       4819                   JR	Z,ITEM1		;EXPRESSION
001974 FE 2D       4820                   CP	'-'
001976 28 C6       4821                   JR	Z,MINUS		;UNARY MINUS
001978 FE 2B       4822                   CP	'+'
00197A 28 82       4823                   JR	Z,ITEMN		;UNARY PLUS
00197C FE 2E       4824                   CP	'.'
00197E 28 6B       4825                   JR	Z,CONev		;NUMERIC CONSTANT
001980 FE 26       4826                   CP	'&'
001982 28 81       4827                   JR	Z,HEXev		;HEX CONSTANT
001984 FE 25       4828                   CP	'%'
001986 28 9D       4829                   JR	Z,BIN		;BINARY CONSTANT
001988 FE 22       4830                   CP	'"'
00198A 28 72       4831                   JR	Z,CONS		;STRING CONSTANT
00198C FE 0A       4832                   CP	TTINT
00198E CA 58 1B    4833                   JP	Z,TINTev		;TINT FUNCTION
001991 FE 83       4834   ITEM2:          CP	TMOD
001993 CA D5 1D    4835                   JP	Z,MODFUN	;MOD
001996 FE 5E       4836                   CP	'^'
001998 28 B1       4837                   JR	Z,ADDROF	;^ OPERATOR
00199A FD 2B       4838                   DEC	IY
00199C CD 6F 42    4839                   CALL	GETVAR		;VARIABLE
00199F 20 2F       4840                   JR	NZ,NOSUCHev
0019A1 CB 77       4841                   BIT	6,A
0019A3 20 7E       4842                   JR	NZ,ARRAYev
0019A5 B7          4843                   OR	A
0019A6 FA 91 1A    4844                   JP	M,LOADS		;STRING VARIABLE
0019A9 CB 57       4845   LOADN:          BIT	2,A
0019AB 0E 00       4846                   LD	C,0
0019AD 28 16       4847                   JR	Z,LOAD1		;BYTE VARIABLE
0019AF CB 47       4848                   BIT	0,A
0019B1 28 03       4849                   JR	Z,LOAD4		;INTEGER VARIABLE
0019B3 DD 4E 04    4850   LOAD5:          LD	C,(IX+4)
0019B6 D9          4851   LOAD4:          EXX
0019B7 DD 6E 00    4852                   LD	L,(IX+0)
0019BA DD 66 01    4853                   LD	H,(IX+1)
0019BD D9          4854                   EXX
0019BE DD 6E 02    4855                   LD	L,(IX+2)
0019C1 DD 66 03    4856                   LD	H,(IX+3)
0019C4 C9          4857                   RET
0019C5             4858   ;
0019C5 21 00 00    4859   LOAD1:          LD	HL,0
0019C8 D9          4860                   EXX
0019C9 26 00       4861                   LD	H,0
0019CB DD 6E 00    4862                   LD	L,(IX+0)
0019CE D9          4863                   EXX
0019CF C9          4864                   RET
0019D0             4865   ;
0019D0 DA 6A 26    4866   NOSUCHev:         JP	C,SYNTAX
0019D3 3A FE 55    4867                   LD	A,(LISTON)
0019D6 CB 6F       4868                   BIT	5,A
0019D8 3E 1A       4869                   LD	A,26
0019DA 20 36       4870                   JR	NZ,ERROR0ev	;"No such variable"
0019DC FD 23       4871   NOS1:           INC	IY
0019DE CD 7B 44    4872                   CALL	RANGE
0019E1 30 F9       4873                   JR	NC,NOS1
0019E3 DD 21 40 55 4874                   LD	IX,PC
0019E7 AF          4875                   XOR	A
0019E8 4F          4876                   LD	C,A
0019E9 18 CB       4877                   JR	LOAD4
0019EB             4878   ;
0019EB             4879   ;CON - Get unsigned numeric constant from ASCII string.
0019EB             4880   ;   Inputs: ASCII string at (IY-1)
0019EB             4881   ;  Outputs: Variable-type result in HLH'L'C
0019EB             4882   ;           IY updated (points to delimiter)
0019EB             4883   ;           A7 = 0 (numeric marker)
0019EB             4884   ;
0019EB FD 2B       4885   CONev:            DEC	IY
0019ED FD E5       4886                   PUSH	IY
0019EF DD E1       4887                   POP	IX
0019F1 3E 24       4888                   LD	A,36
0019F3 CD A1 45    4889                   CALL	FPP
0019F6 38 1A       4890                   JR	C,ERROR0ev
0019F8 DD E5       4891                   PUSH	IX
0019FA FD E1       4892                   POP	IY
0019FC AF          4893                   XOR	A
0019FD C9          4894                   RET
0019FE             4895   ;
0019FE             4896   ;CONS - Get string constant from ASCII string.
0019FE             4897   ;   Inputs: ASCII string at (IY)
0019FE             4898   ;  Outputs: Result in string accumulator.
0019FE             4899   ;           D = MS byte of ACCS, E = string length
0019FE             4900   ;           A7 = 1 (string marker)
0019FE             4901   ;           IY updated
0019FE             4902   ;
0019FE 11 00 53    4903   CONS:           LD	DE,ACCS
001A01 FD 7E 00    4904   CONS3:          LD	A,(IY)
001A04 FD 23       4905                   INC	IY
001A06 FE 22       4906                   CP	'"'
001A08 28 0B       4907                   JR	Z,CONS2
001A0A 12          4908   CONS1:          LD	(DE),A
001A0B 1C          4909                   INC	E
001A0C FE 0D       4910                   CP	CR
001A0E 20 F1       4911                   JR	NZ,CONS3
001A10 3E 09       4912                   LD	A,9
001A12 C3 D0 3F    4913   ERROR0ev:         JP	ERROR_		;"Missing """
001A15             4914   ;
001A15 FD 7E 00    4915   CONS2:          LD	A,(IY)
001A18 FE 22       4916                   CP	'"'
001A1A FD 23       4917                   INC	IY
001A1C 28 EC       4918                   JR	Z,CONS1
001A1E FD 2B       4919                   DEC	IY
001A20 3E 80       4920                   LD	A,80H		;STRING MARKER
001A22 C9          4921                   RET
001A23             4922   ;
001A23 3E 0E       4923   ARRAYev:          LD	A,14		;'Bad use of array'
001A25 18 EB       4924                   JR	ERROR0ev
001A27             4925   ;
001A27             4926   ; ARRLEN - Get start address and number of elements of an array
001A27             4927   ;   Inputs: HL addresses array descriptor
001A27             4928   ;  Outputs: HL = address of first element
001A27             4929   ;           DE = total number of elements
001A27             4930   ;           A = 0
001A27             4931   ; Destroys: A,B,C,D,E,H,L,flags
001A27             4932   ;
001A27 7E          4933   ARRLEN:         LD	A,(HL)		;Number of dimensions
001A28 23          4934                   INC	HL
001A29 B7          4935                   OR	A
001A2A 28 F7       4936                   JR	Z,ARRAYev
001A2C 11 01 00    4937                   LD	DE,1
001A2F 4E          4938   ARLOOP:         LD	C,(HL)
001A30 23          4939                   INC	HL
001A31 46          4940                   LD	B,(HL)		;BC = size of this dimension
001A32 23          4941                   INC	HL
001A33 EB          4942                   EX	DE,HL
001A34 F5          4943                   PUSH	AF
001A35 D5          4944                   PUSH	DE
001A36 CD 49 37    4945                   CALL	MUL16		;HL=HL*BC
001A39 D1          4946                   POP	DE
001A3A F1          4947                   POP	AF
001A3B EB          4948                   EX	DE,HL
001A3C 3D          4949                   DEC	A
001A3D 20 F0       4950                   JR	NZ,ARLOOP
001A3F C9          4951                   RET
001A40             4952   ;
001A40 CD 97 45    4953   GETARR:         CALL	NXT
001A43 CD 6F 42    4954                   CALL	GETVAR
001A46 20 88       4955                   JR	NZ,NOSUCHev
001A48 CB 77       4956                   BIT	6,A
001A4A 37          4957                   SCF
001A4B 28 83       4958                   JR	Z,NOSUCHev
001A4D E6 8F       4959                   AND	8FH
001A4F 47          4960                   LD	B,A		;Type + size
001A50 7E          4961   GETAR1:         LD	A,(HL)
001A51 23          4962                   INC	HL
001A52 66          4963                   LD	H,(HL)
001A53 6F          4964                   LD	L,A
001A54 E6 FE       4965                   AND	0FEH
001A56 B4          4966                   OR	H
001A57 28 CA       4967                   JR	Z,ARRAYev		;Bad use of array
001A59 C9          4968                   RET
001A5A             4969   ;
001A5A CD 97 45    4970   GETARB:         CALL	NXT
001A5D FE 28       4971                   CP	'('
001A5F 20 DF       4972                   JR	NZ,GETARR
001A61 FD 23       4973                   INC	IY
001A63 CD 40 1A    4974                   CALL	GETARR
001A66 CD 39 21    4975                   CALL	BRAKET
001A69 C9          4976                   RET
001A6A             4977   ;
001A6A CB 57       4978   DLOADN:         BIT	2,A
001A6C 06 00       4979                   LD	B,0
001A6E 28 16       4980                   JR	Z,DLOAD1	;BYTE VARIABLE
001A70 CB 47       4981                   BIT	0,A
001A72 28 03       4982                   JR	Z,DLOAD4	;INTEGER VARIABLE
001A74 DD 46 04    4983   DLOAD5:         LD	B,(IX+4)
001A77 D9          4984   DLOAD4:         EXX
001A78 DD 5E 00    4985                   LD	E,(IX+0)
001A7B DD 56 01    4986                   LD	D,(IX+1)
001A7E D9          4987                   EXX
001A7F DD 5E 02    4988                   LD	E,(IX+2)
001A82 DD 56 03    4989                   LD	D,(IX+3)
001A85 C9          4990                   RET
001A86             4991   ;
001A86 11 00 00    4992   DLOAD1:         LD	DE,0
001A89 D9          4993                   EXX
001A8A 16 00       4994                   LD	D,0
001A8C DD 5E 00    4995                   LD	E,(IX+0)
001A8F D9          4996                   EXX
001A90 C9          4997                   RET
001A91             4998   ;
001A91 11 00 53    4999   LOADS:          LD	DE,ACCS
001A94 1F          5000                   RRA
001A95 30 10       5001                   JR	NC,LOADS2	;FIXED STRING
001A97 CD B6 19    5002                   CALL	LOAD4
001A9A D9          5003                   EXX
001A9B 7D          5004                   LD	A,L
001A9C D9          5005                   EXX
001A9D B7          5006                   OR	A
001A9E 4F          5007                   LD	C,A
001A9F 3E 80       5008                   LD	A,80H		;STRING MARKER
001AA1 C8          5009                   RET	Z
001AA2 06 00       5010                   LD	B,0
001AA4 ED B0       5011                   LDIR
001AA6 C9          5012                   RET
001AA7             5013   ;
001AA7 DD E5       5014   LOADS2:         PUSH	IX
001AA9 E1          5015                   POP	HL
001AAA 7E          5016   LOADS3:         LD	A,(HL)
001AAB 12          5017                   LD	(DE),A
001AAC 23          5018                   INC	HL
001AAD FE 0D       5019                   CP	CR
001AAF 28 00       5020                   JR	Z,REPDUN
001AB1 3E 80       5021   REPDUN:         LD	A,80H		;STRING MARKER
001AB3 C8          5022                   RET	Z
001AB4 1C          5023                   INC	E
001AB5 20 F3       5024                   JR	NZ,LOADS3
001AB7 C9          5025                   RET			;RETURN NULL STRING
001AB8             5026   ;
001AB8             5027   ; Version 5 extensions:
001AB8             5028   ;
001AB8 FE EB       5029   EXTRASev:         CP	TMODE
001ABA CA 77 0E    5030                   JP	Z,MODEFN	;MODE
001ABD FE FE       5031                   CP	TWIDTH
001ABF CA 81 0E    5032                   JP	Z,WIDFN		;WIDTH
001AC2 FE F6       5033                   CP	TREPORT
001AC4 28 11       5034                   JR	Z,REPORS	;REPORT$
001AC6 FE E0       5035                   CP	TEND
001AC8 28 07       5036                   JR	Z,ENDFUN	;END
001ACA FE DE       5037                   CP	TDIM
001ACC 28 44       5038                   JR	Z,DIMFUN	;DIM
001ACE C3 6A 26    5039   SYNERR:         JP	SYNTAX		; 'Syntax error'
001AD1             5040   ;
001AD1             5041   ; END (function)
001AD1             5042   ;
001AD1 2A E0 55    5043   ENDFUN:         LD	HL,(FREE)
001AD4 C3 D8 1B    5044                   JP	COUNT1
001AD7             5045   ;
001AD7             5046   ; REPORT$
001AD7             5047   ;
001AD7 FD 7E 00    5048   REPORS:         LD	A,(IY)
001ADA FE 24       5049                   CP	'$'
001ADC 20 F0       5050                   JR	NZ,SYNERR
001ADE FD 23       5051                   INC	IY
001AE0 2A EE 55    5052                   LD	HL,(ERRTXT)
001AE3 11 00 53    5053                   LD	DE,ACCS
001AE6 7E          5054   REPCPY:         LD	A,(HL)
001AE7 B7          5055                   OR	A
001AE8 28 C7       5056                   JR	Z,REPDUN
001AEA ED A0       5057                   LDI
001AEC FE A0       5058                   CP	160
001AEE EA E6 1A    5059                   JP	PE,REPCPY
001AF1 FE 0A       5060                   CP	LF
001AF3 28 F1       5061                   JR	Z,REPCPY
001AF5 1D          5062                   DEC	E
001AF6 E5          5063                   PUSH	HL
001AF7 21 10 39    5064                   LD	HL,KEYWDS
001AFA 01 5B 03    5065                   LD	BC,KEYWDL
001AFD ED B1       5066                   CPIR
001AFF 06 A0       5067                   LD	B,160
001B01 FE 91       5068                   CP	145
001B03 EA 07 1B    5069                   JP	PE,REPTOK
001B06 04          5070                   INC	B
001B07 7E          5071   REPTOK:         LD	A,(HL)
001B08 ED A0       5072                   LDI
001B0A B8          5073                   CP	B
001B0B EA 07 1B    5074                   JP	PE,REPTOK
001B0E E1          5075                   POP	HL
001B0F 1D          5076                   DEC	E
001B10 18 D4       5077                   JR	REPCPY
001B12             5078   ;
001B12             5079   ; DIM(array()[,sub])
001B12             5080   ;
001B12 CD 97 45    5081   DIMFUN:         CALL	NXT
001B15 FE 28       5082                   CP	'('
001B17 20 09       5083                   JR	NZ,DIMF0
001B19 FD 23       5084                   INC	IY
001B1B CD 22 1B    5085                   CALL	DIMF0
001B1E CD 39 21    5086                   CALL	BRAKET
001B21 C9          5087                   RET
001B22             5088   ;
001B22 CD 40 1A    5089   DIMF0:          CALL	GETARR
001B25 E5          5090                   PUSH	HL
001B26 CD 97 45    5091                   CALL	NXT
001B29 1E 00       5092                   LD	E,0
001B2B FE 2C       5093                   CP	','
001B2D 20 0B       5094                   JR	NZ,DIMF1
001B2F FD 23       5095                   INC	IY
001B31 CD B7 18    5096                   CALL	EXPRI
001B34 D9          5097                   EXX
001B35 EB          5098                   EX	DE,HL
001B36 1C          5099                   INC	E
001B37 1D          5100                   DEC	E
001B38 28 19       5101                   JR	Z,BADSUB
001B3A E1          5102   DIMF1:          POP	HL
001B3B 7E          5103                   LD	A,(HL)
001B3C 23          5104                   INC	HL
001B3D BB          5105                   CP	E
001B3E 38 13       5106                   JR	C,BADSUB
001B40 1D          5107                   DEC	E
001B41 FA 4E 1B    5108                   JP	M,DIMF3
001B44 19          5109                   ADD	HL,DE
001B45 19          5110                   ADD	HL,DE
001B46 7E          5111                   LD	A,(HL)
001B47 23          5112                   INC	HL
001B48 66          5113                   LD	H,(HL)
001B49 6F          5114                   LD	L,A
001B4A 2B          5115                   DEC	HL
001B4B C3 D8 1B    5116   DIMF2:          JP	COUNT1
001B4E 6F          5117   DIMF3:          LD	L,A
001B4F 26 00       5118                   LD	H,0
001B51 18 F8       5119                   JR	DIMF2
001B53             5120   ;
001B53 3E 0F       5121   BADSUB:         LD	A,15
001B55 C3 D0 3F    5122                   JP	ERROR_			;"Bad subscript"
001B58             5123   ;
001B58             5124   ;VARIABLE-TYPE FUNCTIONS:
001B58             5125   ;
001B58             5126   ;Result returned in HLH'L'C (floating point)
001B58             5127   ;Result returned in HLH'L' (C=0) (integer)
001B58             5128   ;Result returned in string accumulator & DE (string)
001B58             5129   ;All registers destroyed.
001B58             5130   ;IY (text pointer) updated.
001B58             5131   ;Bit 7 of A indicates type: 0 = numeric, 1 = string.
001B58             5132   ;
001B58             5133   ;
001B58             5134   ;POS - horizontal cursor position.
001B58             5135   ;VPOS - vertical cursor position.
001B58             5136   ;EOF - return status of file.
001B58             5137   ;BGET - read byte from file.
001B58             5138   ;INKEY - as GET but wait only n centiseconds.
001B58             5139   ;GET - wait for keypress and return ASCII value.
001B58             5140   ;GET(n) - input from Z80 port n.
001B58             5141   ;ASC - ASCII value of string.
001B58             5142   ;LEN - length of string.
001B58             5143   ;LOMEM - location of dynamic variables.
001B58             5144   ;HIMEM - top of available RAM.
001B58             5145   ;PAGE - start of current text page.
001B58             5146   ;TOP - address of first free byte after program.
001B58             5147   ;ERL - line number where last error occurred.
001B58             5148   ;ERR - number of last error.
001B58             5149   ;COUNT - number of printing characters since CR.
001B58             5150   ;Results are integer numeric.
001B58             5151   ;
001B58 CD 95 11    5152   TINTev:           CALL	TINTFN
001B5B 18 7B       5153                   JR	COUNT1
001B5D CD 2D 0E    5154   POS:            CALL	GETCSR
001B60 EB          5155                   EX	DE,HL
001B61 18 75       5156                   JR	COUNT1
001B63 CD 2D 0E    5157   VPOS:           CALL	GETCSR
001B66 18 70       5158                   JR	COUNT1
001B68 CD 5D 37    5159   EOF:            CALL	CHANEL
001B6B CD 6E 06    5160                   CALL	OSSTAT
001B6E CA 45 1C    5161                   JP	Z,TRUEev
001B71 C3 83 20    5162                   JP	ZERO
001B74 CD 5D 37    5163   BGET:           CALL	CHANEL		;CHANNEL NUMBER
001B77 CD 5D 06    5164                   CALL	OSBGET
001B7A 6F          5165                   LD	L,A
001B7B 18 59       5166                   JR	COUNT0
001B7D CD 19 1F    5167   INKEY:          CALL	INKEYS
001B80 18 19       5168                   JR	ASC0
001B82 CD 97 45    5169   GET:            CALL	NXT
001B85 FE 28       5170                   CP	'('
001B87 20 0A       5171                   JR	NZ,GET0
001B89 CD E4 18    5172                   CALL	ITEMI		;PORT ADDRESS
001B8C D9          5173                   EXX
001B8D 44          5174                   LD	B,H
001B8E 4D          5175                   LD	C,L
001B8F ED 68       5176                   IN	L,(C)		;INPUT FROM PORT BC
001B91 18 43       5177                   JR	COUNT0
001B93 CD B5 1E    5178   GET0:           CALL	GETS
001B96 18 08       5179                   JR	ASC1
001B98 CD ED 18    5180   ASC:            CALL	ITEMS
001B9B AF          5181   ASC0:           XOR	A
001B9C BB          5182                   CP	E
001B9D CA 45 1C    5183                   JP	Z,TRUEev		;NULL STRING
001BA0 2A 00 53    5184   ASC1:           LD	HL,(ACCS)
001BA3 18 31       5185                   JR	COUNT0
001BA5 CD ED 18    5186   LEN:            CALL	ITEMS
001BA8 EB          5187                   EX	DE,HL
001BA9 18 2B       5188                   JR	COUNT0
001BAB 2A DE 55    5189   LOMEMVev:         LD	HL,(LOMEM)
001BAE 18 28       5190                   JR	COUNT1
001BB0 2A E2 55    5191   HIMEMVev:         LD	HL,(HIMEM)
001BB3 18 23       5192                   JR	COUNT1
001BB5 2A DC 55    5193   PAGEVev:          LD	HL,(PAGE_)
001BB8 18 1E       5194                   JR	COUNT1
001BBA FD 7E 00    5195   TOPV:           LD	A,(IY)
001BBD FD 23       5196                   INC	IY		;SKIP "P"
001BBF FE 50       5197                   CP	'P'
001BC1 C2 6A 26    5198                   JP	NZ,SYNTAX	;"Syntax Error"
001BC4 CD B1 40    5199                   CALL	GETTOP
001BC7 18 0F       5200                   JR	COUNT1
001BC9 2A F2 55    5201   ERLV:           LD	HL,(ERL)
001BCC 18 0A       5202                   JR	COUNT1
001BCE 2A FD 55    5203   ERRV:           LD	HL,(ERR)
001BD1 18 03       5204                   JR	COUNT0
001BD3 2A FB 55    5205   COUNTV:         LD	HL,(COUNT)
001BD6 26 00       5206   COUNT0:         LD	H,0
001BD8 D9          5207   COUNT1:         EXX
001BD9 AF          5208                   XOR	A
001BDA 4F          5209                   LD	C,A		;INTEGER MARKER
001BDB 67          5210                   LD	H,A
001BDC 6F          5211                   LD	L,A
001BDD C9          5212                   RET
001BDE             5213   ;
001BDE             5214   ;OPENIN - Open a file for reading.
001BDE             5215   ;OPENOUT - Open a file for writing.
001BDE             5216   ;OPENUP - Open a file for reading or writing.
001BDE             5217   ;Result is integer channel number (0 if error)
001BDE             5218   ;
001BDE AF          5219   OPENOT:         XOR	A
001BDF 21          5220                   DB	21H		;SKIP NEXT 2 BYTES
001BE0 3E 02       5221   OPENUP:         LD	A,2
001BE2 21          5222                   DB	21H		;SKIP NEXT 2 BYTES
001BE3 3E 01       5223   OPENIN:         LD	A,1
001BE5 F5          5224                   PUSH	AF		;SAVE OPEN TYPE
001BE6 CD ED 18    5225                   CALL	ITEMS		;FILENAME
001BE9 3E 0D       5226                   LD	A,CR
001BEB 12          5227                   LD	(DE),A
001BEC F1          5228                   POP	AF		;RESTORE OPEN TYPE
001BED C6 FF       5229                   ADD	A,-1		;AFFECT FLAGS
001BEF 21 00 53    5230                   LD	HL,ACCS
001BF2 CD 46 06    5231                   CALL	OSOPEN
001BF5 6F          5232                   LD	L,A
001BF6 18 DE       5233                   JR	COUNT0
001BF8             5234   ;
001BF8             5235   ;EXT - Return length of file.
001BF8             5236   ;PTR - Return current file pointer.
001BF8             5237   ;Results are integer numeric.
001BF8             5238   ;
001BF8 CD 5D 37    5239   EXTev:            CALL	CHANEL
001BFB CD AF 06    5240                   CALL	GETEXT
001BFE 18 12       5241                   JR	TIME0
001C00             5242   ;
001C00 CD 5D 37    5243   PTRev:            CALL	CHANEL
001C03 CD 78 06    5244                   CALL	GETPTR
001C06 18 0A       5245                   JR	TIME0
001C08             5246   ;
001C08             5247   ;TIME - Return current value of elapsed time.
001C08             5248   ;Result is integer numeric.
001C08             5249   ;
001C08 FD 7E 00    5250   TIMEVev:          LD	A,(IY)
001C0B FE 24       5251                   CP	'$'
001C0D 28 09       5252                   JR	Z,TIMEVSev
001C0F CD AD 0D    5253                   CALL	GETIME
001C12 D5          5254   TIME0:          PUSH	DE
001C13 D9          5255                   EXX
001C14 E1          5256                   POP	HL
001C15 AF          5257                   XOR	A
001C16 4F          5258                   LD	C,A
001C17 C9          5259                   RET
001C18             5260   ;
001C18             5261   ;TIME$ - Return date/time string.
001C18             5262   ;Result is string
001C18             5263   ;
001C18 FD 23       5264   TIMEVSev:         INC	IY		;SKIP $
001C1A CD C2 0D    5265                   CALL	GETIMS
001C1D 3E 80       5266                   LD	A,80H		;MARK STRING
001C1F C9          5267                   RET
001C20             5268   ;
001C20             5269   ;String comparison:
001C20             5270   ;
001C20 CD 80 20    5271   SLT:            CALL	SCP
001C23 D0          5272                   RET	NC
001C24 18 1F       5273                   JR	TRUEev
001C26             5274   ;
001C26 CD 80 20    5275   SGT:            CALL	SCP
001C29 C8          5276                   RET	Z
001C2A D8          5277                   RET	C
001C2B 18 18       5278                   JR	TRUEev
001C2D             5279   ;
001C2D CD 80 20    5280   SGE:            CALL	SCP
001C30 D8          5281                   RET	C
001C31 18 12       5282                   JR	TRUEev
001C33             5283   ;
001C33 CD 80 20    5284   SLE:            CALL	SCP
001C36 28 0D       5285                   JR	Z,TRUEev
001C38 D0          5286                   RET	NC
001C39 18 0A       5287                   JR	TRUEev
001C3B             5288   ;
001C3B CD 80 20    5289   SNE:            CALL	SCP
001C3E C8          5290                   RET	Z
001C3F 18 04       5291                   JR	TRUEev
001C41             5292   ;
001C41 CD 80 20    5293   SEQ:            CALL	SCP
001C44 C0          5294                   RET	NZ
001C45 3E FF       5295   TRUEev:           LD	A,-1
001C47 D9          5296                   EXX
001C48 67          5297                   LD	H,A
001C49 6F          5298                   LD	L,A
001C4A D9          5299                   EXX
001C4B 67          5300                   LD	H,A
001C4C 6F          5301                   LD	L,A
001C4D 3C          5302                   INC	A
001C4E 4F          5303                   LD	C,A
001C4F C9          5304                   RET
001C50             5305   ;
001C50             5306   ;PI - Return PI (3.141592654)
001C50             5307   ;Result is floating-point numeric.
001C50             5308   ;
001C50 3E 23       5309   PIev:             LD	A,35
001C52 18 43       5310                   JR	FPP1
001C54             5311   ;
001C54             5312   ;ABS - Absolute value
001C54             5313   ;Result is numeric, variable type.
001C54             5314   ;
001C54 3E 10       5315   ABSev:            LD	A,16
001C56 18 3A       5316                   JR	FPPN
001C58             5317   ;
001C58             5318   ;NOT - Complement integer.
001C58             5319   ;Result is integer numeric.
001C58             5320   ;
001C58 3E 1A       5321   CPL_ev:           LD	A,26
001C5A 18 36       5322                   JR	FPPN
001C5C             5323   ;
001C5C             5324   ;DEG - Convert radians to degrees
001C5C             5325   ;Result is floating-point numeric.
001C5C             5326   ;
001C5C 3E 15       5327   DEGev:            LD	A,21
001C5E 18 32       5328                   JR	FPPN
001C60             5329   ;
001C60             5330   ;RAD - Convert degrees to radians
001C60             5331   ;Result is floating-point numeric.
001C60             5332   ;
001C60 3E 1B       5333   RADev:            LD	A,27
001C62 18 2E       5334                   JR	FPPN
001C64             5335   ;
001C64             5336   ;SGN - Return -1, 0 or +1
001C64             5337   ;Result is integer numeric.
001C64             5338   ;
001C64 3E 1C       5339   SGNev:            LD	A,28
001C66 18 2A       5340                   JR	FPPN
001C68             5341   ;
001C68             5342   ;INT - Floor function
001C68             5343   ;Result is integer numeric.
001C68             5344   ;
001C68 3E 17       5345   INT_ev:           LD	A,23
001C6A 18 26       5346                   JR	FPPN
001C6C             5347   ;
001C6C             5348   ;SQR - square root
001C6C             5349   ;Result is floating-point numeric.
001C6C             5350   ;
001C6C 3E 1E       5351   SQRev:            LD	A,30
001C6E 18 22       5352                   JR	FPPN
001C70             5353   ;
001C70             5354   ;TAN - Tangent function
001C70             5355   ;Result is floating-point numeric.
001C70             5356   ;
001C70 3E 1F       5357   TANev:            LD	A,31
001C72 18 1E       5358                   JR	FPPN
001C74             5359   ;
001C74             5360   ;COS - Cosine function
001C74             5361   ;Result is floating-point numeric.
001C74             5362   ;
001C74 3E 14       5363   COSev:            LD	A,20
001C76 18 1A       5364                   JR	FPPN
001C78             5365   ;
001C78             5366   ;SIN - Sine function
001C78             5367   ;Result is floating-point numeric.
001C78             5368   ;
001C78 3E 1D       5369   SINev:            LD	A,29
001C7A 18 16       5370                   JR	FPPN
001C7C             5371   ;
001C7C             5372   ;EXP - Exponential function
001C7C             5373   ;Result is floating-point numeric.
001C7C             5374   ;
001C7C 3E 16       5375   EXPev:            LD	A,22
001C7E 18 12       5376                   JR	FPPN
001C80             5377   ;
001C80             5378   ;LN - Natural log.
001C80             5379   ;Result is floating-point numeric.
001C80             5380   ;
001C80 3E 18       5381   LNev:             LD	A,24
001C82 18 0E       5382                   JR	FPPN
001C84             5383   ;
001C84             5384   ;LOG - base-10 logarithm.
001C84             5385   ;Result is floating-point numeric.
001C84             5386   ;
001C84 3E 19       5387   LOGev:            LD	A,25
001C86 18 0A       5388                   JR	FPPN
001C88             5389   ;
001C88             5390   ;ASN - Arc-sine
001C88             5391   ;Result is floating-point numeric.
001C88             5392   ;
001C88 3E 12       5393   ASNev:            LD	A,18
001C8A 18 06       5394                   JR	FPPN
001C8C             5395   ;
001C8C             5396   ;ATN - arc-tangent
001C8C             5397   ;Result is floating-point numeric.
001C8C             5398   ;
001C8C 3E 13       5399   ATNev:            LD	A,19
001C8E 18 02       5400                   JR	FPPN
001C90             5401   ;
001C90             5402   ;ACS - arc-cosine
001C90             5403   ;Result is floating point numeric.
001C90             5404   ;
001C90 3E 11       5405   ACSev:            LD	A,17
001C92 F5          5406   FPPN:           PUSH	AF
001C93 CD FE 18    5407                   CALL	ITEMN
001C96 F1          5408                   POP	AF
001C97 CD A1 45    5409   FPP1:           CALL	FPP
001C9A DA D0 3F    5410                   JP	C,ERROR_
001C9D AF          5411                   XOR	A
001C9E C9          5412                   RET
001C9F             5413   ;
001C9F             5414   ;SFIX - Convert to fixed-point notation
001C9F             5415   ;
001C9F 3E 26       5416   SFIX:           LD	A,38
001CA1 18 F4       5417                   JR	FPP1
001CA3             5418   ;
001CA3             5419   ;SFLOAT - Convert to floating-point notation
001CA3             5420   ;
001CA3 3E 27       5421   SFLOATev:         LD	A,39
001CA5 18 F0       5422                   JR	FPP1
001CA7             5423   ;
001CA7             5424   ;VAL - Return numeric value of string.
001CA7             5425   ;Result is variable type numeric.
001CA7             5426   ;
001CA7 CD ED 18    5427   VALev:            CALL	ITEMS
001CAA AF          5428   VAL0:           XOR	A
001CAB 12          5429                   LD	(DE),A
001CAC DD 21 00 53 5430                   LD	IX,ACCS
001CB0 3E 24       5431                   LD	A,36
001CB2 18 E3       5432                   JR	FPP1
001CB4             5433   ;
001CB4             5434   ;EVAL - Pass string to expression evaluator.
001CB4             5435   ;Result is variable type (numeric or string).
001CB4             5436   ;
001CB4 CD ED 18    5437   EVAL_:          CALL	ITEMS
001CB7 3E 0D       5438                   LD	A,CR
001CB9 12          5439                   LD	(DE),A
001CBA FD E5       5440                   PUSH	IY
001CBC 11 00 53    5441                   LD	DE,ACCS
001CBF FD 21 00 53 5442                   LD	IY,ACCS
001CC3 0E 00       5443                   LD	C,0
001CC5 CD A4 44    5444                   CALL	LEXAN2		;TOKENISE
001CC8 12          5445                   LD	(DE),A
001CC9 13          5446                   INC	DE
001CCA AF          5447                   XOR	A
001CCB CD A4 20    5448                   CALL	PUSHS		;PUT ON STACK
001CCE FD 21 02 00 5449                   LD	IY,2
001CD2 FD 39       5450                   ADD	IY,SP
001CD4 CD 86 17    5451                   CALL	EXPR
001CD7 FD E1       5452                   POP	IY
001CD9 FD 39       5453                   ADD	IY,SP
001CDB FD F9       5454                   LD	SP,IY		;ADJUST STACK POINTER
001CDD FD E1       5455                   POP	IY
001CDF 08          5456                   EX	AF,AF'
001CE0 C9          5457                   RET
001CE1             5458   ;
001CE1             5459   ;RND - Random number function.
001CE1             5460   ; RND gives random integer 0-&FFFFFFFF
001CE1             5461   ; RND(-n) seeds random number & returns -n.
001CE1             5462   ; RND(0) returns last value in RND(1) form.
001CE1             5463   ; RND(1) returns floating-point 0-0.99999999.
001CE1             5464   ; RND(n) returns random integer 1-n.
001CE1             5465   ;
001CE1 DD 21 F6 55 5466   RND:            LD	IX,RANDOM
001CE5 CD 97 45    5467                   CALL	NXT
001CE8 FE 28       5468                   CP	'('
001CEA 28 1C       5469                   JR	Z,RND5		;ARGUMENT FOLLOWS
001CEC CD B3 19    5470                   CALL	LOAD5
001CEF CB 19       5471   RND1:           RR	C
001CF1 06 20       5472                   LD	B,32
001CF3 D9          5473   RND2:           EXX			;CALCULATE NEXT
001CF4 ED 6A       5474                   ADC	HL,HL
001CF6 D9          5475                   EXX
001CF7 ED 6A       5476                   ADC	HL,HL
001CF9 CB 5D       5477                   BIT	3,L
001CFB 28 01       5478                   JR	Z,RND3
001CFD 3F          5479                   CCF
001CFE 10 F3       5480   RND3:           DJNZ	RND2
001D00 CB 11       5481   RND4:           RL	C		;SAVE CARRY
001D02 CD 8E 32    5482                   CALL	STORE5		;STORE NEW NUMBER
001D05 AF          5483                   XOR	A
001D06 4F          5484                   LD	C,A
001D07 C9          5485                   RET
001D08 CD E4 18    5486   RND5:           CALL	ITEMI
001D0B DD 21 F6 55 5487                   LD	IX,RANDOM
001D0F CB 7C       5488                   BIT	7,H		;NEGATIVE?
001D11 37          5489                   SCF
001D12 20 EC       5490                   JR	NZ,RND4		;SEED
001D14 CD E4 1F    5491                   CALL	TEST
001D17 F5          5492                   PUSH	AF
001D18 41          5493                   LD	B,C
001D19 EB          5494                   EX	DE,HL
001D1A D9          5495                   EXX
001D1B EB          5496                   EX	DE,HL
001D1C CD B3 19    5497                   CALL	LOAD5
001D1F C4 EF 1C    5498                   CALL	NZ,RND1		;NEXT IF NON-ZERO
001D22 D9          5499                   EXX			;SCRAMBLE (CARE!)
001D23 0E 7F       5500                   LD	C,7FH
001D25 CB 7C       5501   RND6:           BIT	7,H		;FLOAT
001D27 20 08       5502                   JR	NZ,RND7
001D29 D9          5503                   EXX
001D2A 29          5504                   ADD	HL,HL
001D2B D9          5505                   EXX
001D2C ED 6A       5506                   ADC	HL,HL
001D2E 0D          5507                   DEC	C
001D2F 20 F4       5508                   JR	NZ,RND6
001D31 CB BC       5509   RND7:           RES	7,H		;POSITIVE 0-0.999999
001D33 F1          5510                   POP	AF
001D34 C8          5511                   RET	Z		;ZERO ARGUMENT
001D35 D9          5512                   EXX
001D36 7B          5513                   LD	A,E
001D37 3D          5514                   DEC	A
001D38 B2          5515                   OR	D
001D39 D9          5516                   EXX
001D3A B3          5517                   OR	E
001D3B B2          5518                   OR	D
001D3C C8          5519                   RET	Z		;ARGUMENT=1
001D3D 06 00       5520                   LD	B,0		;INTEGER MARKER
001D3F 3E 0A       5521                   LD	A,10
001D41 CD A1 45    5522                   CALL	FPP		;MULTIPLY
001D44 DA D0 3F    5523                   JP	C,ERROR_
001D47 CD 9F 1C    5524                   CALL	SFIX
001D4A C3 DA 18    5525                   JP	ADD1ev
001D4D             5526   ;
001D4D             5527   ;SUMLEN(array())
001D4D             5528   ;
001D4D FD 23       5529   SUMLEN:         INC	IY		;Skip LEN
001D4F CD 5A 1A    5530                   CALL	GETARB
001D52 CB 78       5531                   BIT	7,B
001D54 CA F2 18    5532                   JP	Z,MISMATev	;Type mismatch
001D57 CD 27 1A    5533                   CALL	ARRLEN
001D5A E5          5534                   PUSH	HL
001D5B DD E1       5535                   POP	IX		;IX addresses array
001D5D AF          5536                   XOR	A
001D5E 67          5537                   LD	H,A
001D5F 6F          5538                   LD	L,A
001D60 47          5539                   LD	B,A
001D61 DD 4E 00    5540   SUMLN1:         LD	C,(IX)
001D64 09          5541                   ADD	HL,BC
001D65 0E 04       5542                   LD	C,4
001D67 DD 09       5543                   ADD	IX,BC
001D69 1B          5544                   DEC	DE		;Count elements
001D6A 7A          5545                   LD	A,D
001D6B B3          5546                   OR	E
001D6C 20 F3       5547                   JR	NZ,SUMLN1
001D6E C3 D8 1B    5548                   JP	COUNT1
001D71             5549   ;
001D71             5550   ;SUM(array())
001D71             5551   ;
001D71 CD 97 45    5552   SUM:            CALL	NXT
001D74 FE A9       5553                   CP	TLEN
001D76 28 D5       5554                   JR	Z,SUMLEN
001D78 CD 5A 1A    5555                   CALL	GETARB
001D7B CB 78       5556                   BIT	7,B
001D7D 20 27       5557                   JR	NZ,SUMSTR
001D7F C5          5558                   PUSH	BC
001D80 CD 27 1A    5559                   CALL	ARRLEN
001D83 E5          5560                   PUSH	HL
001D84 DD E1       5561                   POP	IX		;IX addresses array
001D86 CD 83 20    5562                   CALL	ZERO
001D89 F1          5563                   POP	AF		;A = element size
001D8A D5          5564   SUMUP:          PUSH	DE
001D8B F5          5565                   PUSH	AF
001D8C CD 6A 1A    5566                   CALL	DLOADN
001D8F 3E 0B       5567                   LD	A,11
001D91 CD A1 45    5568                   CALL	FPP
001D94 DA D0 3F    5569                   JP	C,ERROR_
001D97 F1          5570                   POP	AF
001D98 16 00       5571                   LD	D,0
001D9A 5F          5572                   LD	E,A
001D9B DD 19       5573                   ADD	IX,DE		;Bump to next element
001D9D D1          5574                   POP	DE
001D9E 1B          5575                   DEC	DE		;Count elements
001D9F 47          5576                   LD	B,A
001DA0 7A          5577                   LD	A,D
001DA1 B3          5578                   OR	E
001DA2 78          5579                   LD	A,B
001DA3 20 E5       5580                   JR	NZ,SUMUP
001DA5 C9          5581                   RET
001DA6             5582   ;
001DA6             5583   ;SUM(string array)
001DA6             5584   ;
001DA6 CD 27 1A    5585   SUMSTR:         CALL	ARRLEN
001DA9 E5          5586                   PUSH	HL
001DAA DD E1       5587                   POP	IX		;IX addresses array
001DAC EB          5588                   EX	DE,HL
001DAD 11 00 53    5589                   LD	DE,ACCS
001DB0 06 00       5590                   LD	B,0
001DB2 E5          5591   SUMST1:         PUSH	HL
001DB3 DD 4E 00    5592                   LD	C,(IX)
001DB6 79          5593                   LD	A,C
001DB7 B7          5594                   OR	A
001DB8 28 0E       5595                   JR	Z,SUMST2
001DBA 83          5596                   ADD	A,E
001DBB 3E 13       5597                   LD	A,19
001DBD DA D0 3F    5598                   JP	C,ERROR_		;"String too long"
001DC0 DD 6E 02    5599                   LD	L,(IX+2)
001DC3 DD 66 03    5600                   LD	H,(IX+3)
001DC6 ED B0       5601                   LDIR
001DC8 E1          5602   SUMST2:         POP	HL
001DC9 0E 04       5603                   LD	C,4
001DCB DD 09       5604                   ADD	IX,BC
001DCD 2B          5605                   DEC	HL		;Count elements
001DCE 7C          5606                   LD	A,H
001DCF B5          5607                   OR	L
001DD0 20 E0       5608                   JR	NZ,SUMST1
001DD2 F6 80       5609                   OR	80H
001DD4 C9          5610                   RET
001DD5             5611   ;
001DD5             5612   ;MOD(array())
001DD5             5613   ;
001DD5 CD 5A 1A    5614   MODFUN:         CALL	GETARB
001DD8 CB 78       5615                   BIT	7,B
001DDA C2 F2 18    5616                   JP	NZ,MISMATev
001DDD C5          5617                   PUSH	BC
001DDE CD 27 1A    5618                   CALL	ARRLEN
001DE1 E5          5619                   PUSH	HL
001DE2 DD E1       5620                   POP	IX		;IX addresses array
001DE4 CD 83 20    5621                   CALL	ZERO
001DE7 F1          5622                   POP	AF		;A = element size
001DE8 D5          5623   MODUP:          PUSH	DE
001DE9 F5          5624                   PUSH	AF
001DEA C5          5625                   PUSH	BC
001DEB E5          5626                   PUSH	HL
001DEC D9          5627                   EXX
001DED E5          5628                   PUSH	HL
001DEE D9          5629                   EXX
001DEF CD A9 19    5630                   CALL	LOADN
001DF2 AF          5631                   XOR	A
001DF3 47          5632                   LD	B,A
001DF4 57          5633                   LD	D,A
001DF5 5F          5634                   LD	E,A
001DF6 D9          5635                   EXX
001DF7 57          5636                   LD	D,A
001DF8 1E 02       5637                   LD	E,2
001DFA D9          5638                   EXX
001DFB 3E 0E       5639                   LD	A,14
001DFD DD E5       5640                   PUSH	IX
001DFF CD A1 45    5641                   CALL	FPP		;Square
001E02 DD E1       5642                   POP	IX
001E04 DA D0 3F    5643                   JP	C,ERROR_
001E07 D9          5644                   EXX
001E08 EB          5645                   EX	DE,HL
001E09 E1          5646                   POP	HL
001E0A D9          5647                   EXX
001E0B EB          5648                   EX	DE,HL
001E0C E1          5649                   POP	HL
001E0D 79          5650                   LD	A,C
001E0E C1          5651                   POP	BC
001E0F 47          5652                   LD	B,A
001E10 3E 0B       5653                   LD	A,11
001E12 CD A1 45    5654                   CALL	FPP		;Accumulate
001E15 DA D0 3F    5655                   JP	C,ERROR_
001E18 F1          5656                   POP	AF
001E19 16 00       5657                   LD	D,0
001E1B 5F          5658                   LD	E,A
001E1C DD 19       5659                   ADD	IX,DE		;Bump to next element
001E1E D1          5660                   POP	DE
001E1F 1B          5661                   DEC	DE		;Count elements
001E20 47          5662                   LD	B,A
001E21 7A          5663                   LD	A,D
001E22 B3          5664                   OR	E
001E23 78          5665                   LD	A,B
001E24 20 C2       5666                   JR	NZ,MODUP
001E26 3E 1E       5667                   LD	A,30
001E28 CD A1 45    5668                   CALL	FPP		;Square root
001E2B AF          5669                   XOR	A
001E2C C9          5670                   RET
001E2D             5671   ;
001E2D             5672   ;INSTR - String search.
001E2D             5673   ;Result is integer numeric.
001E2D             5674   ;
001E2D CD C0 18    5675   INSTR:          CALL	EXPRS		;STRING TO SEARCH
001E30 CD 2D 21    5676                   CALL	COMMA
001E33 CD A4 20    5677                   CALL	PUSHS		;SAVE STRING ON STACK
001E36 CD C0 18    5678                   CALL	EXPRS		;SUB-STRING
001E39 C1          5679                   POP	BC
001E3A 21 00 00    5680                   LD	HL,0
001E3D 39          5681                   ADD	HL,SP		;HL ADDRESSES MAIN
001E3E C5          5682                   PUSH	BC		;C = MAIN STRING LENGTH
001E3F 43          5683                   LD	B,E		;B = SUB-STRING LENGTH
001E40 CD 97 45    5684                   CALL	NXT
001E43 FE 2C       5685                   CP	','
001E45 3E 00       5686                   LD	A,0
001E47 20 17       5687                   JR	NZ,INSTR1
001E49 FD 23       5688                   INC	IY		;SKIP COMMA
001E4B C5          5689                   PUSH	BC		;SAVE LENGTHS
001E4C E5          5690                   PUSH	HL		;SAVE MAIN ADDRESS
001E4D CD A4 20    5691                   CALL	PUSHS
001E50 CD B7 18    5692                   CALL	EXPRI
001E53 C1          5693                   POP	BC
001E54 CD C2 20    5694                   CALL	POPS
001E57 E1          5695                   POP	HL		;RESTORE MAIN ADDRESS
001E58 C1          5696                   POP	BC		;RESTORE LENGTHS
001E59 D9          5697                   EXX
001E5A 7D          5698                   LD	A,L
001E5B D9          5699                   EXX
001E5C B7          5700                   OR	A
001E5D 28 01       5701                   JR	Z,INSTR1
001E5F 3D          5702                   DEC	A
001E60 11 00 53    5703   INSTR1:         LD	DE,ACCS		;DE ADDRESSES SUB
001E63 CD 7A 1E    5704                   CALL	SEARCH
001E66 D1          5705                   POP	DE
001E67 28 03       5706                   JR	Z,INSTR2	;N.B. CARRY CLEARED
001E69 ED 62       5707                   SBC	HL,HL
001E6B 39          5708                   ADD	HL,SP
001E6C ED 72       5709   INSTR2:         SBC	HL,SP
001E6E EB          5710                   EX	DE,HL
001E6F 26 00       5711                   LD	H,0
001E71 39          5712                   ADD	HL,SP
001E72 F9          5713                   LD	SP,HL
001E73 EB          5714                   EX	DE,HL
001E74 CD 39 21    5715                   CALL	BRAKET
001E77 C3 D8 1B    5716                   JP	COUNT1
001E7A             5717   ;
001E7A             5718   ;SEARCH - Search string for sub-string
001E7A             5719   ;   Inputs: Main string at HL length C
001E7A             5720   ;           Sub-string at DE length B
001E7A             5721   ;           Starting offset A
001E7A             5722   ;  Outputs: NZ - not found
001E7A             5723   ;           Z - found at location HL-1
001E7A             5724   ;           Carry always cleared
001E7A             5725   ;
001E7A C5          5726   SEARCH:         PUSH	BC
001E7B 06 00       5727                   LD	B,0
001E7D 4F          5728                   LD	C,A
001E7E 09          5729                   ADD	HL,BC		;NEW START ADDRESS
001E7F C1          5730                   POP	BC
001E80 91          5731                   SUB	C
001E81 30 28       5732                   JR	NC,SRCH4
001E83 ED 44       5733                   NEG
001E85 4F          5734                   LD	C,A		;REMAINING LENGTH
001E86 1A          5735   SRCH1ev:          LD	A,(DE)
001E87 C5          5736                   PUSH	BC
001E88 06 00       5737                   LD	B,0
001E8A ED B1       5738                   CPIR			;FIND FIRST CHARACTER
001E8C 79          5739                   LD	A,C
001E8D C1          5740                   POP	BC
001E8E 20 1B       5741                   JR	NZ,SRCH4
001E90 4F          5742                   LD	C,A
001E91 05          5743                   DEC	B		;Bug fix
001E92 B8          5744                   CP	B		;Bug fix
001E93 04          5745                   INC	B		;Bug fix
001E94 38 15       5746                   JR	C,SRCH4		;Bug fix
001E96 C5          5747                   PUSH	BC
001E97 D5          5748                   PUSH	DE
001E98 E5          5749                   PUSH	HL
001E99 05          5750                   DEC	B
001E9A 28 08       5751                   JR	Z,SRCH3		;FOUND !
001E9C 13          5752   SRCH2ev:          INC	DE
001E9D 1A          5753                   LD	A,(DE)
001E9E BE          5754                   CP	(HL)
001E9F 20 03       5755                   JR	NZ,SRCH3
001EA1 23          5756                   INC	HL
001EA2 10 F8       5757                   DJNZ	SRCH2ev
001EA4 E1          5758   SRCH3:          POP	HL
001EA5 D1          5759                   POP	DE
001EA6 C1          5760                   POP	BC
001EA7 20 DD       5761                   JR	NZ,SRCH1ev
001EA9 AF          5762                   XOR	A		;Z, NC
001EAA C9          5763                   RET			;FOUND
001EAB             5764   ;
001EAB F6 FF       5765   SRCH4:          OR	0FFH		;NZ, NC
001EAD C9          5766                   RET			;NOT FOUND
001EAE             5767   ;
001EAE             5768   ;CHR$ - Return character with given ASCII value.
001EAE             5769   ;Result is string.
001EAE             5770   ;
001EAE CD E4 18    5771   CHRS:           CALL	ITEMI
001EB1 D9          5772                   EXX
001EB2 7D          5773                   LD	A,L
001EB3 18 0A       5774                   JR	GET1
001EB5             5775   ;
001EB5             5776   ;GET$ - Return key pressed as string, or read from file
001EB5             5777   ;Result is string.
001EB5             5778   ;
001EB5 CD 97 45    5779   GETS:           CALL	NXT
001EB8 FE 23       5780                   CP	'#'
001EBA 28 06       5781                   JR	Z,GET2
001EBC CD C4 05    5782                   CALL	OSRDCH
001EBF 37          5783   GET1:           SCF
001EC0 18 5E       5784                   JR	INKEY1
001EC2             5785   ;
001EC2 CD 67 37    5786   GET2:           CALL	CHNL		;File channel
001EC5 CD 97 45    5787                   CALL	NXT
001EC8 FE 0F       5788                   CP	TBY
001ECA 28 04       5789                   JR	Z,GET3
001ECC FE B8       5790                   CP	TTO
001ECE 20 0C       5791                   JR	NZ,GET4
001ED0 FD 23       5792   GET3:           INC	IY
001ED2 F5          5793                   PUSH	AF
001ED3 D5          5794                   PUSH	DE
001ED4 CD E4 18    5795                   CALL	ITEMI		;Get BY or TO qualifier
001ED7 D9          5796                   EXX
001ED8 44          5797                   LD	B,H
001ED9 4D          5798                   LD	C,L
001EDA D1          5799                   POP	DE
001EDB F1          5800                   POP	AF
001EDC 21 00 53    5801   GET4:           LD	HL,ACCS
001EDF FE B8       5802                   CP	TTO
001EE1 28 08       5803                   JR	Z,GET5
001EE3 51          5804                   LD	D,C		;Maximum count
001EE4 01 00 01    5805                   LD	BC,100H		;Default
001EE7 FE 0F       5806                   CP	TBY
001EE9 28 04       5807                   JR	Z,GET6
001EEB 16 00       5808   GET5:           LD	D,0
001EED CB C8       5809                   SET	1,B		;Flag no count
001EEF C5          5810   GET6:           PUSH	BC
001EF0 CD 5D 06    5811                   CALL	OSBGET
001EF3 C1          5812                   POP	BC
001EF4 CB 48       5813                   BIT	1,B
001EF6 28 16       5814                   JR	Z,GET10
001EF8 28 13       5815                   JR	Z,GET8
001EFA B9          5816                   CP	C
001EFB 28 18       5817                   JR	Z,GET9		;NUL (or supplied term)
001EFD CB 78       5818                   BIT	7,B
001EFF 20 08       5819                   JR	NZ,GET7
001F01 CB 40       5820                   BIT	0,B
001F03 28 08       5821                   JR	Z,GET8
001F05 FE 0A       5822                   CP	LF
001F07 28 0C       5823                   JR	Z,GET9		;LF
001F09 FE 0D       5824   GET7:           CP	CR
001F0B 28 08       5825                   JR	Z,GET9		;CR
001F0D B7          5826   GET8:           OR	A
001F0E 77          5827   GET10:          LD	(HL),A
001F0F 2C          5828                   INC	L
001F10 15          5829                   DEC	D
001F11 38 02       5830                   JR	C,GET9		;EOF
001F13 20 DA       5831                   JR	NZ,GET6
001F15 EB          5832   GET9:           EX	DE,HL
001F16 3E 80       5833                   LD	A,80H
001F18 C9          5834                   RET
001F19             5835   ;
001F19             5836   ;INKEY$ - Wait up to n centiseconds for keypress.
001F19             5837   ; Return key pressed as string or null
001F19             5838   ; string if time elapsed.
001F19             5839   ;Result is string.
001F19             5840   ;
001F19 CD E4 18    5841   INKEYS:         CALL	ITEMI
001F1C D9          5842                   EXX
001F1D CD 15 0E    5843                   CALL	OSKEY
001F20 11 00 53    5844   INKEY1:         LD	DE,ACCS
001F23 12          5845                   LD	(DE),A
001F24 3E 80       5846                   LD	A,80H
001F26 D0          5847                   RET	NC
001F27 1C          5848                   INC	E
001F28 C9          5849                   RET
001F29             5850   ;
001F29             5851   ;MID$ - Return sub-string.
001F29             5852   ;Result is string.
001F29             5853   ;
001F29 CD C0 18    5854   MIDS:           CALL	EXPRS
001F2C CD 2D 21    5855                   CALL	COMMA
001F2F CD A4 20    5856                   CALL	PUSHS		;SAVE STRING ON STACK
001F32 CD B7 18    5857                   CALL	EXPRI
001F35 C1          5858                   POP	BC
001F36 CD C2 20    5859                   CALL	POPS
001F39 D9          5860                   EXX
001F3A 7D          5861                   LD	A,L
001F3B D9          5862                   EXX
001F3C B7          5863                   OR	A
001F3D 28 0D       5864                   JR	Z,MIDS1
001F3F 3D          5865                   DEC	A
001F40 6F          5866                   LD	L,A
001F41 93          5867                   SUB	E
001F42 1E 00       5868                   LD	E,0
001F44 30 06       5869                   JR	NC,MIDS1
001F46 ED 44       5870                   NEG
001F48 4F          5871                   LD	C,A
001F49 CD A8 1F    5872                   CALL	RIGHT1
001F4C CD 97 45    5873   MIDS1:          CALL	NXT
001F4F FE 2C       5874                   CP	','
001F51 28 1A       5875                   JR	Z,LEFT1
001F53 CD 39 21    5876                   CALL	BRAKET
001F56 3E 80       5877                   LD	A,80H
001F58 C9          5878                   RET
001F59             5879   ;
001F59             5880   ;LEFT$ - Return left part of string.
001F59             5881   ;Carry cleared if entire string returned.
001F59             5882   ;Result is string.
001F59             5883   ;
001F59 CD C0 18    5884   LEFTS:          CALL	EXPRS
001F5C CD 97 45    5885                   CALL	NXT
001F5F FE 2C       5886                   CP	','
001F61 28 0A       5887                   JR	Z,LEFT1
001F63 CD 39 21    5888                   CALL	BRAKET
001F66 7B          5889                   LD	A,E
001F67 B7          5890                   OR	A
001F68 28 1A       5891                   JR	Z,LEFT3
001F6A 1D          5892                   DEC	E
001F6B 18 17       5893                   JR	LEFT3
001F6D             5894   ;
001F6D FD 23       5895   LEFT1:          INC	IY
001F6F CD A4 20    5896                   CALL	PUSHS		;SAVE STRING ON STACK
001F72 CD B7 18    5897                   CALL	EXPRI
001F75 C1          5898                   POP	BC
001F76 CD C2 20    5899                   CALL	POPS
001F79 CD 39 21    5900                   CALL	BRAKET
001F7C D9          5901                   EXX
001F7D 7D          5902                   LD	A,L
001F7E D9          5903                   EXX
001F7F BB          5904                   CP	E
001F80 30 02       5905                   JR	NC,LEFT3
001F82 6B          5906                   LD	L,E		;FOR RIGHT$
001F83 5F          5907   LEFT2:          LD	E,A
001F84 3E 80       5908   LEFT3:          LD	A,80H		;STRING MARKER
001F86 C9          5909                   RET
001F87             5910   ;
001F87             5911   ;RIGHT$ - Return right part of string.
001F87             5912   ;Result is string.
001F87             5913   ;
001F87 CD C0 18    5914   RIGHTS:         CALL	EXPRS
001F8A CD 97 45    5915                   CALL	NXT
001F8D FE 2C       5916                   CP	','
001F8F 28 0C       5917                   JR	Z,RIGHT0
001F91 CD 39 21    5918                   CALL	BRAKET
001F94 7B          5919                   LD	A,E
001F95 B7          5920                   OR	A
001F96 28 EC       5921                   JR	Z,LEFT3
001F98 3D          5922                   DEC	A
001F99 0E 01       5923                   LD	C,1
001F9B 18 0A       5924                   JR	RIGHT2
001F9D             5925   ;
001F9D CD 6D 1F    5926   RIGHT0:         CALL	LEFT1
001FA0 D0          5927                   RET	NC
001FA1 1C          5928                   INC	E
001FA2 1D          5929                   DEC	E
001FA3 C8          5930                   RET	Z
001FA4 4B          5931                   LD	C,E
001FA5 7D          5932                   LD	A,L
001FA6 93          5933                   SUB	E
001FA7 6F          5934   RIGHT2:         LD	L,A
001FA8 06 00       5935   RIGHT1:         LD	B,0
001FAA 62          5936                   LD	H,D
001FAB 58          5937                   LD	E,B
001FAC ED B0       5938                   LDIR			;MOVE
001FAE 3E 80       5939                   LD	A,80H
001FB0 C9          5940                   RET
001FB1             5941   ;
001FB1             5942   ;STRING$ - Return n concatenations of a string.
001FB1             5943   ;Result is string.
001FB1             5944   ;
001FB1 CD B7 18    5945   STRING_:        CALL	EXPRI
001FB4 CD 2D 21    5946                   CALL	COMMA
001FB7 D9          5947                   EXX
001FB8 7D          5948                   LD	A,L
001FB9 D9          5949                   EXX
001FBA F5          5950                   PUSH	AF
001FBB CD C0 18    5951                   CALL	EXPRS
001FBE CD 39 21    5952                   CALL	BRAKET
001FC1 F1          5953                   POP	AF
001FC2 B7          5954                   OR	A
001FC3 28 BE       5955                   JR	Z,LEFT2		;N=0
001FC5 3D          5956                   DEC	A
001FC6 4F          5957                   LD	C,A
001FC7 3E 80       5958                   LD	A,80H		;STRING MARKER
001FC9 C8          5959                   RET	Z
001FCA 1C          5960                   INC	E
001FCB 1D          5961                   DEC	E
001FCC C8          5962                   RET	Z		;NULL STRING
001FCD 43          5963                   LD	B,E
001FCE 62          5964                   LD	H,D
001FCF 2E 00       5965                   LD	L,0
001FD1 C5          5966   STRIN1:         PUSH	BC
001FD2 7E          5967   STRIN2:         LD	A,(HL)
001FD3 23          5968                   INC	HL
001FD4 12          5969                   LD	(DE),A
001FD5 1C          5970                   INC	E
001FD6 3E 13       5971                   LD	A,19
001FD8 CA D0 3F    5972                   JP	Z,ERROR_		;"String too long"
001FDB 10 F5       5973                   DJNZ	STRIN2
001FDD C1          5974                   POP	BC
001FDE 0D          5975                   DEC	C
001FDF 20 F0       5976                   JR	NZ,STRIN1
001FE1 3E 80       5977                   LD	A,80H
001FE3 C9          5978                   RET
001FE4             5979   ;
001FE4             5980   ;SUBROUTINES
001FE4             5981   ;
001FE4             5982   ;TEST - Test HLH'L' for zero
001FE4             5983   ;  Outputs: Z-flag set & A=0 if zero
001FE4             5984   ; Destroys: A,F
001FE4             5985   ;
001FE4 7C          5986   TEST:           LD	A,H
001FE5 B5          5987                   OR	L
001FE6 D9          5988                   EXX
001FE7 B4          5989                   OR	H
001FE8 B5          5990                   OR	L
001FE9 D9          5991                   EXX
001FEA C9          5992                   RET
001FEB             5993   ;
001FEB             5994   ;DECODE - Decode line number in pseudo-binary.
001FEB             5995   ;   Inputs: IY = Text pointer.
001FEB             5996   ;  Outputs: HL=0, H'L'=line number, C=0.
001FEB             5997   ; Destroys: A,C,H,L,H',L',IY,F
001FEB             5998   ;
001FEB D9          5999   DECODE:         EXX
001FEC FD 7E 00    6000                   LD	A,(IY)
001FEF FD 23       6001                   INC	IY
001FF1 17          6002                   RLA
001FF2 17          6003                   RLA
001FF3 67          6004                   LD	H,A
001FF4 E6 C0       6005                   AND	0C0H
001FF6 FD AE 00    6006                   XOR	(IY)
001FF9 FD 23       6007                   INC	IY
001FFB 6F          6008                   LD	L,A
001FFC 7C          6009                   LD	A,H
001FFD 17          6010                   RLA
001FFE 17          6011                   RLA
001FFF E6 C0       6012                   AND	0C0H
002001 FD AE 00    6013                   XOR	(IY)
002004 FD 23       6014                   INC	IY
002006 67          6015                   LD	H,A
002007 D9          6016                   EXX
002008 AF          6017                   XOR	A
002009 4F          6018                   LD	C,A
00200A 67          6019                   LD	H,A
00200B 6F          6020                   LD	L,A
00200C C9          6021                   RET
00200D             6022   ;
00200D             6023   ;HEXSTR - convert numeric value to HEX string.
00200D             6024   ;   Inputs: HLH'L'C = integer or floating-point number
00200D             6025   ;  Outputs: String in string accumulator.
00200D             6026   ;           E = string length. D = ACCS/256
00200D             6027   ;
00200D FD 23       6028   HEXSTS:         INC	IY		;SKIP TILDE
00200F CD FE 18    6029                   CALL	ITEMN
002012 CD 18 20    6030                   CALL	HEXSTR
002015 3E 80       6031                   LD	A,80H
002017 C9          6032                   RET
002018             6033   ;
002018 CD 9F 1C    6034   HEXSTR:         CALL	SFIX
00201B 01 08 00    6035                   LD	BC,8
00201E 11 00 53    6036                   LD	DE,ACCS
002021 C5          6037   HEXST1:         PUSH	BC
002022 06 04       6038                   LD	B,4
002024 AF          6039                   XOR	A
002025 D9          6040   HEXST2:         EXX
002026 29          6041                   ADD	HL,HL
002027 D9          6042                   EXX
002028 ED 6A       6043                   ADC	HL,HL
00202A 17          6044                   RLA
00202B 10 F8       6045                   DJNZ	HEXST2
00202D C1          6046                   POP	BC
00202E 0D          6047                   DEC	C
00202F F8          6048                   RET	M
002030 28 06       6049                   JR	Z,HEXST3
002032 B7          6050                   OR	A
002033 20 03       6051                   JR	NZ,HEXST3
002035 B8          6052                   CP	B
002036 28 E9       6053                   JR	Z,HEXST1
002038 C6 90       6054   HEXST3:         ADD	A,90H
00203A 27          6055                   DAA
00203B CE 40       6056                   ADC	A,40H
00203D 27          6057                   DAA
00203E 12          6058                   LD	(DE),A
00203F 13          6059                   INC	DE
002040 47          6060                   LD	B,A
002041 18 DE       6061                   JR	HEXST1
002043             6062   ;
002043             6063   ;Function STR - convert numeric value to ASCII string.
002043             6064   ;   Inputs: HLH'L'C = integer or floating-point number.
002043             6065   ;  Outputs: String in string accumulator.
002043             6066   ;           E = length, D = ACCS/256
002043             6067   ;           A = 80H (type=string)
002043             6068   ;
002043             6069   ;First normalise for decimal output:
002043             6070   ;
002043 CD 97 45    6071   STRS:           CALL	NXT
002046 FE 7E       6072                   CP	'~'
002048 28 C3       6073                   JR	Z,HEXSTS
00204A CD FE 18    6074                   CALL	ITEMN
00204D DD 21 00 55 6075                   LD	IX,STAVAR
002051 DD 7E 03    6076                   LD	A,(IX+3)
002054 B7          6077                   OR	A
002055 DD 21 7D 20 6078                   LD	IX,G9-1		;G9 FORMAT
002059 28 04       6079                   JR	Z,STR0
00205B DD 21 00 55 6080   STR:            LD	IX,STAVAR
00205F 11 00 53    6081   STR0:           LD	DE,ACCS
002062 3E 25       6082                   LD	A,37
002064 CD A1 45    6083                   CALL	FPP
002067 DA D0 3F    6084                   JP	C,ERROR_
00206A DD CB 02 46 6085                   BIT	0,(IX+2)
00206E 3E 80       6086   STR1:           LD	A,80H		;STRING MARKER
002070 C8          6087                   RET	Z
002071 79          6088                   LD	A,C
002072 C6 04       6089                   ADD	A,4
002074 BB          6090   STR2:           CP	E
002075 28 F7       6091                   JR	Z,STR1
002077 EB          6092                   EX	DE,HL
002078 36 20       6093                   LD	(HL),' '	;TRAILING SPACE
00207A 23          6094                   INC	HL
00207B EB          6095                   EX	DE,HL
00207C 18 F6       6096                   JR	STR2
00207E             6097   ;
00207E 09 00       6098   G9:             DW	9
002080             6099   ;
002080             6100   ;STRING COMPARE
002080             6101   ;Compare string (DE) length B with string (HL) length C.
002080             6102   ;Result preset to false.
002080             6103   ;
002080 CD 8D 20    6104   SCP:            CALL	SCP0
002083 3E 00       6105   ZERO:           LD	A,0
002085 D9          6106                   EXX
002086 67          6107                   LD	H,A
002087 6F          6108                   LD	L,A
002088 D9          6109                   EXX
002089 67          6110                   LD	H,A
00208A 6F          6111                   LD	L,A
00208B 4F          6112                   LD	C,A
00208C C9          6113                   RET
00208D             6114   ;
00208D 04          6115   SCP0:           INC	B
00208E 0C          6116                   INC	C
00208F 05          6117   SCP1:           DEC	B
002090 28 0A       6118                   JR	Z,SCP2
002092 0D          6119                   DEC	C
002093 28 0C       6120                   JR	Z,SCP3
002095 1A          6121                   LD	A,(DE)
002096 BE          6122                   CP	(HL)
002097 C0          6123                   RET	NZ
002098 13          6124                   INC	DE
002099 23          6125                   INC	HL
00209A 18 F3       6126                   JR	SCP1
00209C B7          6127   SCP2:           OR	A
00209D 0D          6128                   DEC	C
00209E C8          6129                   RET	Z
00209F 37          6130                   SCF
0020A0 C9          6131                   RET
0020A1 B7          6132   SCP3:           OR	A
0020A2 0C          6133                   INC	C
0020A3 C9          6134                   RET
0020A4             6135   ;
0020A4             6136   ;PUSH$ - SAVE STRING ON STACK.
0020A4             6137   ;   Inputs: String in string accumulator.
0020A4             6138   ;           E = string length.
0020A4             6139   ;           A - saved on stack.
0020A4             6140   ; Destroys: B,C,D,E,H,L,IX,SP,F
0020A4             6141   ;
0020A4 21 00 53    6142   PUSHS:          LD	HL,ACCS
0020A7 CD 12 33    6143                   CALL	CHECK
0020AA DD E1       6144                   POP	IX		;RETURN ADDRESS
0020AC B7          6145                   OR	A		;CLEAR CARRY
0020AD 54          6146                   LD	D,H
0020AE 4B          6147                   LD	C,E
0020AF ED 52       6148                   SBC	HL,DE
0020B1 39          6149                   ADD	HL,SP
0020B2 F9          6150                   LD	SP,HL
0020B3 47          6151                   LD	B,A
0020B4 C5          6152                   PUSH	BC
0020B5 28 09       6153                   JR	Z,PUSHS1	;ZERO LENGTH
0020B7 EB          6154                   EX	DE,HL
0020B8 06 00       6155                   LD	B,0
0020BA 68          6156                   LD	L,B		;L=0
0020BB ED B0       6157                   LDIR			;COPY TO STACK
0020BD CD 12 33    6158                   CALL	CHECK
0020C0 DD E9       6159   PUSHS1:         JP	(IX)		;"RETURN"
0020C2             6160   ;
0020C2             6161   ;POP$ - RESTORE STRING FROM STACK.
0020C2             6162   ;   Inputs: C = string length.
0020C2             6163   ;  Outputs: String in string accumulator.
0020C2             6164   ;           E = string length.
0020C2             6165   ; Destroys: B,C,D,E,H,L,IX,SP,F
0020C2             6166   ;
0020C2 DD E1       6167   POPS:           POP	IX		;RETURN ADDRESS
0020C4 21 00 00    6168                   LD	HL,0
0020C7 44          6169                   LD	B,H		;B=0
0020C8 39          6170                   ADD	HL,SP
0020C9 11 00 53    6171                   LD	DE,ACCS
0020CC 0C          6172                   INC	C
0020CD 0D          6173                   DEC	C
0020CE 28 02       6174                   JR	Z,POPS1		;ZERO LENGTH
0020D0 ED B0       6175                   LDIR			;COPY FROM STACK
0020D2 F9          6176   POPS1:          LD	SP,HL
0020D3 DD E9       6177                   JP	(IX)		;"RETURN"
0020D5             6178   ;
0020D5 FD 7E 00    6179   BINDIG:         LD	A,(IY)
0020D8 FE 30       6180                   CP	'0'
0020DA D8          6181                   RET	C
0020DB FE 32       6182                   CP	'1'+1
0020DD 3F          6183                   CCF
0020DE D8          6184                   RET	C
0020DF D6 30       6185                   SUB	'0'
0020E1 C9          6186                   RET
0020E2             6187   ;
0020E2 FD 7E 00    6188   HEXDIG:         LD	A,(IY)
0020E5 FE 30       6189                   CP	'0'
0020E7 D8          6190                   RET	C
0020E8 FE 3A       6191                   CP	'9'+1
0020EA 3F          6192                   CCF
0020EB D0          6193                   RET	NC
0020EC FE 41       6194                   CP	'A'
0020EE D8          6195                   RET	C
0020EF D6 37       6196                   SUB	'A'-10
0020F1 FE 10       6197                   CP	16
0020F3 3F          6198                   CCF
0020F4 C9          6199                   RET
0020F5             6200   ;
0020F5 FE 3E       6201   RELOPQ:         CP	'>'
0020F7 D0          6202                   RET	NC
0020F8 FE 3D       6203                   CP	'='
0020FA D0          6204                   RET	NC
0020FB FE 3C       6205                   CP	'<'
0020FD C9          6206                   RET
0020FE             6207   ;
0020FE FD 23       6208   SAVEev:           INC	IY
002100 E6 0F       6209                   AND	0FH
002102 08          6210   SAVE1:          EX	AF,AF'
002103 FA F2 18    6211                   JP	M,MISMATev
002106 08          6212                   EX	AF,AF'
002107 E3          6213                   EX	(SP),HL
002108 D9          6214                   EXX
002109 E5          6215                   PUSH	HL
00210A D9          6216                   EXX
00210B F5          6217                   PUSH	AF
00210C C5          6218                   PUSH	BC
00210D E9          6219                   JP	(HL)
00210E             6220   ;
00210E 08          6221   DOIT:           EX	AF,AF'
00210F FA F2 18    6222                   JP	M,MISMATev
002112 D9          6223                   EXX
002113 C1          6224                   POP	BC		;RETURN ADDRESS
002114 D9          6225                   EXX
002115 79          6226                   LD	A,C
002116 C1          6227                   POP	BC
002117 47          6228                   LD	B,A
002118 F1          6229                   POP	AF		;OPERATOR
002119 D9          6230                   EXX
00211A EB          6231                   EX	DE,HL
00211B E1          6232                   POP	HL
00211C D9          6233                   EXX
00211D EB          6234                   EX	DE,HL
00211E E1          6235                   POP	HL
00211F D9          6236                   EXX
002120 C5          6237                   PUSH	BC
002121 D9          6238                   EXX
002122 CD A1 45    6239                   CALL	FPP
002125 38 1C       6240                   JR	C,ERROR1ev
002127 AF          6241                   XOR	A
002128 08          6242                   EX	AF,AF'		;TYPE
002129 FD 7E 00    6243                   LD	A,(IY)
00212C C9          6244                   RET
00212D             6245   ;
00212D CD 97 45    6246   COMMA:          CALL	NXT
002130 FD 23       6247                   INC	IY
002132 FE 2C       6248                   CP	','
002134 C8          6249                   RET	Z
002135 3E 05       6250                   LD	A,5
002137 18 0A       6251                   JR	ERROR1ev		;"Missing ,"
002139             6252   ;
002139 CD 97 45    6253   BRAKET:         CALL	NXT
00213C FD 23       6254                   INC	IY
00213E FE 29       6255                   CP	')'
002140 C8          6256                   RET	Z
002141 3E 1B       6257                   LD	A,27
002143 C3 D0 3F    6258   ERROR1ev:         JP	ERROR_		;"Missing )"
002146             6259   ;
002146 E5          6260   DISPT2:         PUSH	HL
002147 21 7A 17    6261                   LD	HL,SOPTBL
00214A 18 06       6262                   JR	DISPT0
00214C             6263   ;
00214C E5          6264   DISPATev:         PUSH	HL
00214D D6 8D       6265                   SUB	FUNTOK
00214F 21 06 17    6266                   LD	HL,FUNTBL
002152 C5          6267   DISPT0:         PUSH	BC
002153 87          6268                   ADD	A,A
002154 4F          6269                   LD	C,A
002155 06 00       6270                   LD	B,0
002157 09          6271                   ADD	HL,BC
002158 7E          6272                   LD	A,(HL)
002159 23          6273                   INC	HL
00215A 66          6274                   LD	H,(HL)
00215B 6F          6275                   LD	L,A
00215C C1          6276                   POP	BC
00215D E3          6277                   EX	(SP),HL
00215E C9          6278                   RET			;OFF TO ROUTINE
00215F             6279   ;
00215F 7A          6280   STOREA:         LD	A,D
002160 D5          6281                   PUSH	DE
002161 E5          6282                   PUSH	HL
002162 DD E3       6283                   EX	(SP),IX
002164 B7          6284                   OR	A
002165 FA 76 21    6285                   JP	M,STORA1
002168 CD A9 19    6286                   CALL	LOADN
00216B DD E3       6287                   EX	(SP),IX
00216D CD 56 32    6288                   CALL	MODIFY
002170 E1          6289                   POP	HL
002171 D1          6290                   POP	DE
002172 4A          6291                   LD	C,D
002173 06 00       6292                   LD	B,0
002175 C9          6293                   RET
002176             6294   ;
002176 D5          6295   STORA1:         PUSH	DE
002177 CD 91 1A    6296                   CALL	LOADS
00217A E1          6297                   POP	HL
00217B DD E3       6298                   EX	(SP),IX
00217D CD A0 32    6299                   CALL	MODIFS
002180 E1          6300                   POP	HL
002181 D1          6301                   POP	DE
002182 01 04 00    6302                   LD	BC,4
002185 C9          6303                   RET
002186             6304   ;
002186             6305   ; Assign to whole array:
002186             6306   ; array1() = array expression
002186             6307   ; array1() = n1,n2,n3,n4...
002186             6308   ; array1() = n (n copied into all elements)
002186             6309   ;
002186             6310   ; Inputs: D = type (65, 68, 69, 193)
002186             6311   ;         E = opcode ('=' for store, '+','-' etc. for modify)
002186             6312   ;         HL = IX = VARPTR
002186             6313   ;         IY = text pointer
002186             6314   ;
002186 CB B2       6315   LETARR:         RES	6,D		;Lose array marker
002188 D5          6316                   PUSH	DE		;Save type & opcode
002189 CD 50 1A    6317                   CALL	GETAR1		;Get and check indirect link
00218C CD 27 1A    6318                   CALL	ARRLEN		;DE = elements, HL addresses first
00218F C1          6319                   POP	BC
002190 78          6320                   LD	A,B		;A = type
002191 D5          6321                   PUSH	DE
002192 C5          6322                   PUSH	BC
002193 E5          6323                   PUSH	HL
002194 CD 39 37    6324                   CALL	X14OR5		;DE = size in bytes
002197 42          6325                   LD	B,D
002198 4B          6326                   LD	C,E
002199 DD E1       6327                   POP	IX
00219B D1          6328                   POP	DE
00219C             6329   ;
00219C             6330   ; (SP) = number of elements
00219C             6331   ; BC = size in bytes
00219C             6332   ; DE = type & opcode
00219C             6333   ; IX = address of first element
00219C             6334   ;
00219C             6335   ; allocate space on stack and zero it:
00219C             6336   ;
00219C AF          6337                   XOR	A		;Clear carry and zero error code
00219D ED 62       6338                   SBC	HL,HL
00219F 39          6339                   ADD	HL,SP		;HL = SP
0021A0 ED 42       6340                   SBC	HL,BC
0021A2 38 9F       6341                   JR	C,ERROR1ev	;'No room'
0021A4 C5          6342                   PUSH	BC
0021A5 ED 4B E0 55 6343                   LD	BC,(FREE)
0021A9 04          6344                   INC	B		;Safety margin
0021AA ED 42       6345                   SBC	HL,BC
0021AC 09          6346                   ADD	HL,BC
0021AD C1          6347                   POP	BC
0021AE 38 93       6348                   JR	C,ERROR1ev	;'No room'
0021B0 F9          6349                   LD	SP,HL
0021B1 36 00       6350   LETA0:          LD	(HL),0
0021B3 23          6351                   INC	HL
0021B4 0B          6352                   DEC	BC
0021B5 78          6353                   LD	A,B
0021B6 B1          6354                   OR	C
0021B7 20 F8       6355                   JR	NZ,LETA0	;Clear allocated stack
0021B9 4E          6356                   LD	C,(HL)
0021BA 23          6357                   INC	HL
0021BB 46          6358                   LD	B,(HL)
0021BC 67          6359                   LD	H,A
0021BD 6F          6360                   LD	L,A
0021BE 39          6361                   ADD	HL,SP
0021BF             6362   ;
0021BF             6363   ;	CALL	NXT
0021BF             6364   ;	CP	TEVAL		;;EVAL not currently supported
0021BF             6365   ;
0021BF CD C7 21    6366                   CALL	EXPRA
0021C2 F9          6367                   LD	SP,HL		;Update stack pointer
0021C3 C1          6368                   POP	BC		;Level stack
0021C4 C3 24 25    6369                   JP	XEQ
0021C7             6370   ;
0021C7             6371   ; EXPRA - Evaluate array expression, strictly left-to-right;
0021C7             6372   ; Note: String array arithmetic (concatenation) is not supported
0021C7             6373   ; because it would require a way of recovering freed string space.
0021C7             6374   ;
0021C7             6375   ;   Inputs: BC = number of elements
0021C7             6376   ;           DE = type & opcode
0021C7             6377   ;           HL = address of temporary stack space
0021C7             6378   ;           IX = address of first element of array
0021C7             6379   ;  Outputs: HL = value to set stack pointer to
0021C7             6380   ;
0021C7 3E 3D       6381   EXPRA:          LD	A,'='
0021C9 FD 2B       6382                   DEC	IY
0021CB FD 23       6383   EXPRA1:         INC	IY
0021CD D5          6384                   PUSH	DE
0021CE C5          6385                   PUSH	BC
0021CF E5          6386                   PUSH	HL
0021D0 DD E5       6387                   PUSH	IX
0021D2 5F          6388                   LD	E,A		;Operator
0021D3 CD 41 22    6389                   CALL	ITEMA
0021D6 DD E1       6390                   POP	IX
0021D8 E1          6391                   POP	HL
0021D9 C1          6392                   POP	BC
0021DA D1          6393                   POP	DE
0021DB CD 97 45    6394                   CALL	NXT
0021DE FE 2C       6395                   CP	','		;List?
0021E0 28 13       6396                   JR	Z,EXPRA3
0021E2 CD C2 35    6397                   CALL	TERMQ
0021E5 20 E4       6398                   JR	NZ,EXPRA1
0021E7             6399   ;
0021E7             6400   ; Update destination array from stack:
0021E7             6401   ;
0021E7 C5          6402   EXPRA2:         PUSH	BC
0021E8 CD 5F 21    6403                   CALL	STOREA		;(IX) <- (HL)
0021EB 09          6404                   ADD	HL,BC
0021EC DD 09       6405                   ADD	IX,BC
0021EE C1          6406                   POP	BC
0021EF 0B          6407                   DEC	BC
0021F0 78          6408                   LD	A,B
0021F1 B1          6409                   OR	C
0021F2 20 F3       6410                   JR	NZ,EXPRA2
0021F4 C9          6411                   RET
0021F5             6412   ;
0021F5             6413   ; Update destination array from list (n.b. not transferred via stack):
0021F5             6414   ;
0021F5 C5          6415   EXPRA3:         PUSH	BC
0021F6 CD 5F 21    6416                   CALL	STOREA		;(IX) <- (HL)
0021F9 FD 23       6417   EXPRA4:         INC	IY		;Bump past comma
0021FB 09          6418                   ADD	HL,BC
0021FC DD 09       6419                   ADD	IX,BC
0021FE C1          6420                   POP	BC
0021FF 0B          6421                   DEC	BC
002200 78          6422                   LD	A,B
002201 B1          6423                   OR	C
002202 C8          6424                   RET	Z
002203 C5          6425                   PUSH	BC
002204 D5          6426                   PUSH	DE
002205 E5          6427                   PUSH	HL
002206 DD E5       6428                   PUSH	IX
002208 CB 7A       6429                   BIT	7,D
00220A 20 0E       6430                   JR	NZ,EXPRA5
00220C D5          6431                   PUSH	DE
00220D CD B0 18    6432                   CALL	EXPRN
002210 D1          6433                   POP	DE
002211 DD E1       6434                   POP	IX
002213 DD E5       6435                   PUSH	IX
002215 CD 56 32    6436                   CALL	MODIFY
002218 18 0C       6437                   JR	EXPRA6
00221A             6438   ;
00221A D5          6439   EXPRA5:         PUSH	DE
00221B CD C0 18    6440                   CALL	EXPRS
00221E E1          6441                   POP	HL
00221F DD E1       6442                   POP	IX
002221 DD E5       6443                   PUSH	IX
002223 CD A0 32    6444                   CALL	MODIFS
002226 DD E1       6445   EXPRA6:         POP	IX
002228 E1          6446                   POP	HL
002229 D1          6447                   POP	DE
00222A 01 04 00    6448                   LD	BC,4
00222D CB 7A       6449                   BIT	7,D
00222F 20 01       6450                   JR	NZ,EXPRA7
002231 4A          6451                   LD	C,D
002232 CD 97 45    6452   EXPRA7:         CALL	NXT
002235 FE 2C       6453                   CP	','
002237 28 C0       6454                   JR	Z,EXPRA4
002239 D1          6455                   POP	DE
00223A 09          6456   EXPRA8:         ADD	HL,BC		;Skip remaining elements
00223B 1B          6457                   DEC	DE
00223C 7A          6458                   LD	A,D
00223D B3          6459                   OR	E
00223E 20 FA       6460                   JR	NZ,EXPRA8
002240 C9          6461                   RET
002241             6462   ;
002241             6463   ; ITEMA: evaluate and operate on array item
002241             6464   ;   Inputs: D = type
002241             6465   ;           E = operator ('=' for first item)
002241             6466   ;           BC = number of elements
002241             6467   ;           HL = pointer to destination on stack
002241             6468   ;           IY = text pointer
002241             6469   ;  Outputs: IY updated
002241             6470   ; Destroys: Everything except SP
002241             6471   ;
002241 CD 97 45    6472   ITEMA:          CALL	NXT
002244 E5          6473                   PUSH	HL		;Pointer to destination
002245 C5          6474                   PUSH	BC		;Number of elements
002246 FD E5       6475                   PUSH	IY		;In case normal expression
002248 D5          6476                   PUSH	DE		;Ditto
002249 FE 2D       6477                   CP	'-'
00224B 20 0C       6478                   JR	NZ,ITEMA1	;Not unary minus
00224D 7B          6479                   LD	A,E
00224E FE 3D       6480                   CP	'='
002250 20 07       6481                   JR	NZ,ITEMA1	;Not unary minus
002252 FD 23       6482                   INC	IY		;Bump past '-'
002254 CD 97 45    6483                   CALL	NXT
002257 1E 2D       6484                   LD	E,'-'		;Unary minus
002259 D5          6485   ITEMA1:         PUSH	DE		;Type and operator
00225A CD 6F 42    6486                   CALL	GETVAR
00225D D1          6487                   POP	DE		;Type & operator
00225E 20 56       6488                   JR	NZ,ITEMA4	;Non-array expression
002260 CB 77       6489                   BIT	6,A
002262 28 52       6490                   JR	Z,ITEMA4	;Not a whole array
002264 C1          6491                   POP	BC		;Junk saved original op
002265 C1          6492                   POP	BC		;Junk saved text pointer
002266 CB B7       6493                   RES	6,A
002268 BA          6494                   CP	D
002269 C2 F2 18    6495                   JP	NZ,MISMATev	;'Type mismatch'
00226C D5          6496                   PUSH	DE		;Save type & operator again
00226D CD 50 1A    6497                   CALL	GETAR1
002270 CD 27 1A    6498                   CALL	ARRLEN
002273 42          6499                   LD	B,D		;BC = number of elements
002274 4B          6500                   LD	C,E
002275 D1          6501                   POP	DE		;Restore type & operator
002276 E3          6502                   EX	(SP),HL
002277 CD 97 45    6503                   CALL	NXT
00227A DD E1       6504                   POP	IX		;Pointer to source
00227C FE 2E       6505                   CP	'.'
00227E CA 0E 23    6506                   JP	Z,ARRDOT	;Dot product
002281 B7          6507                   OR	A
002282 ED 42       6508                   SBC	HL,BC		;Same number of elements?
002284 C2 F2 18    6509                   JP	NZ,MISMATev	;'Type mismatch'
002287 E1          6510                   POP	HL		;Pointer to destination
002288 CB 7A       6511                   BIT	7,D
00228A 20 1D       6512                   JR	NZ,ITEMA3
00228C             6513   ;
00228C             6514   ; Process numeric array item:
00228C             6515   ;
00228C C5          6516   ITEMA2:         PUSH	BC
00228D E5          6517                   PUSH	HL
00228E 7A          6518                   LD	A,D
00228F CD A9 19    6519                   CALL	LOADN
002292 DD E3       6520                   EX	(SP),IX
002294 D5          6521                   PUSH	DE
002295 CD 56 32    6522                   CALL	MODIFY
002298 D1          6523                   POP	DE
002299 DD E3       6524                   EX	(SP),IX
00229B E1          6525                   POP	HL
00229C 4A          6526                   LD	C,D
00229D 06 00       6527                   LD	B,0
00229F DD 09       6528                   ADD	IX,BC
0022A1 09          6529                   ADD	HL,BC
0022A2 C1          6530                   POP	BC
0022A3 0B          6531                   DEC	BC
0022A4 78          6532                   LD	A,B
0022A5 B1          6533                   OR	C
0022A6 20 E4       6534                   JR	NZ,ITEMA2
0022A8 C9          6535                   RET
0022A9             6536   ;
0022A9             6537   ; Process string array item (just copy descriptors):
0022A9             6538   ;
0022A9 EB          6539   ITEMA3:         EX	DE,HL		;DE = destination
0022AA 60          6540                   LD	H,B
0022AB 69          6541                   LD	L,C
0022AC 29          6542                   ADD	HL,HL
0022AD 29          6543                   ADD	HL,HL
0022AE 44          6544                   LD	B,H
0022AF 4D          6545                   LD	C,L
0022B0 DD E5       6546                   PUSH	IX
0022B2 E1          6547                   POP	HL		;HL = source
0022B3 ED B0       6548                   LDIR
0022B5 C9          6549                   RET
0022B6             6550   ;
0022B6             6551   ; Process numeric non-array item:
0022B6             6552   ;
0022B6 D1          6553   ITEMA4:         POP	DE		;Restore original operator
0022B7 FD E1       6554                   POP	IY		;Restore original text pointer
0022B9 CB 7A       6555                   BIT	7,D
0022BB 20 28       6556                   JR	NZ,ITEMA5
0022BD D5          6557                   PUSH	DE
0022BE CD 8F 18    6558                   CALL	EXPR45		;; should be EXP345
0022C1 79          6559                   LD	A,C		;Exponent
0022C2 D1          6560                   POP	DE		;Type / operator
0022C3 C1          6561                   POP	BC		;Count
0022C4 DD E1       6562                   POP	IX
0022C6 E5          6563   ITEMA7:         PUSH	HL
0022C7 C5          6564                   PUSH	BC
0022C8 D5          6565                   PUSH	DE
0022C9 D9          6566                   EXX
0022CA E5          6567                   PUSH	HL
0022CB D9          6568                   EXX
0022CC F5          6569                   PUSH	AF
0022CD 4F          6570                   LD	C,A
0022CE CD 56 32    6571                   CALL	MODIFY
0022D1 F1          6572                   POP	AF
0022D2 D9          6573                   EXX
0022D3 E1          6574                   POP	HL
0022D4 D9          6575                   EXX
0022D5 D1          6576                   POP	DE
0022D6 4A          6577                   LD	C,D
0022D7 06 00       6578                   LD	B,0
0022D9 DD 09       6579                   ADD	IX,BC
0022DB C1          6580                   POP	BC
0022DC 0B          6581                   DEC	BC
0022DD ED 62       6582                   SBC	HL,HL
0022DF ED 42       6583                   SBC	HL,BC
0022E1 E1          6584                   POP	HL
0022E2 20 E2       6585                   JR	NZ,ITEMA7	;Copy into every element!
0022E4 C9          6586                   RET
0022E5             6587   ;
0022E5             6588   ; Process string non-array item:
0022E5             6589   ;
0022E5 CD C0 18    6590   ITEMA5:         CALL	EXPRS
0022E8 7B          6591                   LD	A,E
0022E9 B7          6592                   OR	A
0022EA 28 0B       6593                   JR	Z,ITEMA0
0022EC 21 00 53    6594                   LD	HL,ACCS
0022EF 11 00 54    6595                   LD	DE,BUFFER
0022F2 4F          6596                   LD	C,A
0022F3 06 00       6597                   LD	B,0
0022F5 ED B0       6598                   LDIR
0022F7 C1          6599   ITEMA0:         POP	BC
0022F8 DD E1       6600                   POP	IX
0022FA D9          6601                   EXX
0022FB 6F          6602                   LD	L,A
0022FC D9          6603                   EXX
0022FD 11 04 00    6604                   LD	DE,4
002300 21 00 54    6605                   LD	HL,BUFFER
002303 CD 91 32    6606   ITEMA6:         CALL	STORE4
002306 DD 19       6607                   ADD	IX,DE
002308 0B          6608                   DEC	BC
002309 78          6609                   LD	A,B
00230A B1          6610                   OR	C
00230B 20 F6       6611                   JR	NZ,ITEMA6	;Copy into every element!
00230D C9          6612                   RET
00230E             6613   ;
00230E             6614   ; Array dot-product:
00230E             6615   ;
00230E FD 23       6616   ARRDOT:         INC	IY		;Bump past dot
002310 7A          6617                   LD	A,D		;Type
002311 B7          6618                   OR	A
002312 FA F2 18    6619                   JP	M,MISMATev	;'Type mismatch'
002315 EB          6620                   EX	DE,HL
002316 E1          6621                   POP	HL
002317             6622   ;
002317             6623   ; A = type
002317             6624   ; DE = no. of elements in destination array (outer loop counter)
002317             6625   ; IX = pointer to first source array data
002317             6626   ; HL = pointer to destination data
002317             6627   ; IY = text pointer
002317             6628   ;
002317 D5          6629                   PUSH	DE
002318 E5          6630                   PUSH	HL
002319 DD E5       6631                   PUSH	IX
00231B F5          6632                   PUSH	AF
00231C CD 40 1A    6633                   CALL	GETARR
00231F CD 27 1A    6634                   CALL	ARRLEN
002322 F1          6635                   POP	AF
002323 EB          6636                   EX	DE,HL
002324 DD 6E 00    6637                   LD	L,(IX)
002327 DD 66 01    6638                   LD	H,(IX+1)	;Indirect pointer
00232A 6E          6639                   LD	L,(HL)		;No. of dimensions
00232B 2D          6640                   DEC	L
00232C EB          6641                   EX	DE,HL
00232D DD E1       6642                   POP	IX
00232F C1          6643                   POP	BC
002330 D1          6644                   POP	DE
002331             6645   ;
002331 FD E5       6646                   PUSH	IY		;Save text pointer
002333 C5          6647                   PUSH	BC		;Save destination pointer
002334 E5          6648                   PUSH	HL
002335 FD E1       6649                   POP	IY
002337             6650   ;
002337             6651   ; Get row counts:
002337             6652   ;
002337 21 01 00    6653                   LD	HL,1
00233A 28 06       6654                   JR	Z,ARR1D
00233C FD 66 FF    6655                   LD	H,(IY-1)
00233F FD 6E FE    6656                   LD	L,(IY-2)
002342 D5          6657   ARR1D:          PUSH	DE
002343 EB          6658                   EX	DE,HL
002344 CD 39 37    6659                   CALL	X14OR5
002347 EB          6660                   EX	DE,HL
002348 D1          6661                   POP	DE
002349 DD 46 FF    6662                   LD	B,(IX-1)
00234C DD 4E FE    6663                   LD	C,(IX-2)
00234F             6664   ;
00234F             6665   ; A = type, Z-flag set if first array is one-dimensional
00234F             6666   ; BC = no. of rows of first source array (inner loop counter)
00234F             6667   ; DE = no. of elements in destination array (outer loop counter)
00234F             6668   ; HL = no. of rows of second source array * size of each element
00234F             6669   ; IX = pointer to first source array
00234F             6670   ; IY = pointer to second source array
00234F             6671   ; (SP) = pointer to destination data
00234F             6672   ;
00234F             6673   ; Dot-product outer loop:
00234F             6674   ;
00234F C5          6675   OUTER:          PUSH	BC		;1
002350 D5          6676                   PUSH	DE		;2
002351 E5          6677                   PUSH	HL		;3
002352 DD E5       6678                   PUSH	IX		;4
002354 FD E5       6679                   PUSH	IY		;5
002356 50          6680                   LD	D,B
002357 59          6681                   LD	E,C
002358 F5          6682                   PUSH	AF
002359 CD 83 20    6683                   CALL	ZERO		;Zero accumulator
00235C F1          6684                   POP	AF
00235D D5          6685   INNER:          PUSH	DE		;6
00235E C5          6686                   PUSH	BC		;Save accumulator
00235F E5          6687                   PUSH	HL
002360 D9          6688                   EXX
002361 E5          6689                   PUSH	HL
002362 D9          6690                   EXX
002363             6691   ;
002363 CD A9 19    6692                   CALL	LOADN		;Load from (IX)
002366 DD E5       6693                   PUSH	IX
002368 FD E3       6694                   EX	(SP),IY
00236A DD E1       6695                   POP	IX
00236C             6696   ;
00236C CD 6A 1A    6697                   CALL	DLOADN		;Load from (IY)
00236F DD E5       6698                   PUSH	IX
002371 FD E3       6699                   EX	(SP),IY
002373 DD E1       6700                   POP	IX
002375             6701   ;
002375 F5          6702                   PUSH	AF
002376 3E 0A       6703                   LD	A,10
002378 CD A1 45    6704                   CALL	FPP		;Multiply
00237B DA D0 3F    6705                   JP	C,ERROR_
00237E F1          6706                   POP	AF
00237F             6707   ;
00237F D9          6708                   EXX			;Restore accumulator
002380 EB          6709                   EX	DE,HL
002381 E1          6710                   POP	HL
002382 D9          6711                   EXX
002383 EB          6712                   EX	DE,HL
002384 E1          6713                   POP	HL
002385 08          6714                   EX	AF,AF'
002386 79          6715                   LD	A,C
002387 C1          6716                   POP	BC
002388 47          6717                   LD	B,A
002389 08          6718                   EX	AF,AF'
00238A             6719   ;
00238A F5          6720                   PUSH	AF
00238B 3E 0B       6721                   LD	A,11
00238D CD A1 45    6722                   CALL	FPP		;Accumulate
002390 DA D0 3F    6723                   JP	C,ERROR_
002393 F1          6724                   POP	AF
002394             6725   ;
002394             6726   ; Bump pointers:
002394             6727   ;
002394 D1          6728                   POP	DE		;5
002395             6729   ;
002395 D9          6730                   EXX
002396 4F          6731                   LD	C,A
002397 06 00       6732                   LD	B,0
002399 DD 09       6733                   ADD	IX,BC
00239B D1          6734                   POP	DE
00239C C1          6735                   POP	BC
00239D E3          6736                   EX	(SP),HL
00239E EB          6737                   EX	DE,HL
00239F FD 19       6738                   ADD	IY,DE
0023A1 EB          6739                   EX	DE,HL
0023A2 E3          6740                   EX	(SP),HL
0023A3 C5          6741                   PUSH	BC
0023A4 D5          6742                   PUSH	DE
0023A5 D9          6743                   EXX
0023A6             6744   ;
0023A6             6745   ; Count inner loops:
0023A6             6746   ;
0023A6 1B          6747                   DEC	DE		;Inner loop counter
0023A7 1C          6748                   INC	E
0023A8 1D          6749                   DEC	E
0023A9 20 B2       6750                   JR	NZ,INNER
0023AB 14          6751                   INC	D
0023AC 15          6752                   DEC	D
0023AD 20 AE       6753                   JR	NZ,INNER
0023AF             6754   ;
0023AF FD E1       6755                   POP	IY		;4
0023B1 DD E1       6756                   POP	IX		;3
0023B3             6757   ;
0023B3             6758   ; Swap pointers:
0023B3             6759   ;
0023B3 D9          6760                   EXX
0023B4 08          6761                   EX	AF,AF'
0023B5 F1          6762                   POP	AF
0023B6 C1          6763                   POP	BC
0023B7 D1          6764                   POP	DE
0023B8 DD E3       6765                   EX	(SP),IX
0023BA D5          6766                   PUSH	DE
0023BB C5          6767                   PUSH	BC
0023BC F5          6768                   PUSH	AF
0023BD 08          6769                   EX	AF,AF'
0023BE D9          6770                   EXX
0023BF             6771   ;
0023BF             6772   ; Save to destination array and bump pointer:
0023BF             6773   ;
0023BF F5          6774                   PUSH	AF
0023C0 D5          6775                   PUSH	DE
0023C1 CD 78 32    6776                   CALL	STOREN
0023C4 D1          6777                   POP	DE
0023C5 F1          6778                   POP	AF
0023C6 4F          6779                   LD	C,A
0023C7 06 00       6780                   LD	B,0
0023C9 DD 09       6781                   ADD	IX,BC
0023CB             6782   ;
0023CB             6783   ; Swap pointers:
0023CB             6784   ;
0023CB D9          6785                   EXX
0023CC 08          6786                   EX	AF,AF'
0023CD F1          6787                   POP	AF
0023CE C1          6788                   POP	BC
0023CF D1          6789                   POP	DE
0023D0 DD E3       6790                   EX	(SP),IX
0023D2 D5          6791                   PUSH	DE
0023D3 C5          6792                   PUSH	BC
0023D4 F5          6793                   PUSH	AF
0023D5 08          6794                   EX	AF,AF'
0023D6 D9          6795                   EXX
0023D7             6796   ;
0023D7 E1          6797                   POP	HL		;2
0023D8 D1          6798                   POP	DE		;1 Outer loop counter
0023D9 C1          6799                   POP	BC		;0
0023DA 1B          6800                   DEC	DE		;Count outer loops
0023DB             6801   ;
0023DB             6802   ; Adjust IX & IY
0023DB             6803   ;
0023DB C5          6804                   PUSH	BC
0023DC D5          6805                   PUSH	DE
0023DD E5          6806                   PUSH	HL
0023DE 4F          6807                   LD	C,A
0023DF 06 00       6808                   LD	B,0
0023E1 FD 09       6809                   ADD	IY,BC
0023E3 F5          6810                   PUSH	AF
0023E4 E5          6811                   PUSH	HL
0023E5 CD 39 37    6812                   CALL	X14OR5
0023E8 C1          6813                   POP	BC
0023E9 CD 1B 24    6814                   CALL	MOD16
0023EC F1          6815                   POP	AF
0023ED B7          6816                   OR	A
0023EE 01 00 00    6817                   LD	BC,0
0023F1 ED 42       6818                   SBC	HL,BC
0023F3 E1          6819                   POP	HL
0023F4 D1          6820                   POP	DE
0023F5 C1          6821                   POP	BC
0023F6 20 15       6822                   JR	NZ,MODNZ
0023F8 D5          6823                   PUSH	DE
0023F9 E5          6824                   PUSH	HL
0023FA EB          6825                   EX	DE,HL
0023FB FD E5       6826                   PUSH	IY
0023FD E1          6827                   POP	HL
0023FE B7          6828                   OR	A
0023FF ED 52       6829                   SBC	HL,DE
002401 E5          6830                   PUSH	HL
002402 FD E1       6831                   POP	IY
002404 50          6832                   LD	D,B
002405 59          6833                   LD	E,C
002406 CD 39 37    6834                   CALL	X14OR5
002409 DD 19       6835                   ADD	IX,DE
00240B E1          6836                   POP	HL
00240C D1          6837                   POP	DE
00240D             6838   MODNZ:
00240D             6839   ;
00240D             6840   ; Count outer loops:
00240D             6841   ;
00240D 1C          6842                   INC	E
00240E 1D          6843                   DEC	E
00240F C2 4F 23    6844                   JP	NZ,OUTER
002412 14          6845                   INC	D
002413 15          6846                   DEC	D
002414 C2 4F 23    6847                   JP	NZ,OUTER
002417             6848   ;
002417             6849   ; Exit:
002417             6850   ;
002417 E1          6851                   POP	HL
002418 FD E1       6852                   POP	IY
00241A C9          6853                   RET
00241B             6854   ;
00241B             6855   ; HL = DE MOD BC
00241B             6856   ;
00241B AF          6857   MOD16:          XOR	A
00241C 67          6858                   LD	H,A
00241D 6F          6859                   LD	L,A
00241E 3E 11       6860                   LD	A,17
002420 ED 42       6861   MOD160:         SBC	HL,BC
002422 30 01       6862                   JR	NC,MOD161
002424 09          6863                   ADD	HL,BC
002425 3F          6864   MOD161:         CCF
002426 CB 13       6865                   RL	E
002428 CB 12       6866                   RL	D
00242A 3D          6867                   DEC	A
00242B C8          6868                   RET	Z
00242C ED 6A       6869                   ADC	HL,HL
00242E 18 F0       6870                   JR	MOD160
002430             6871   ;
002430             6872   ;                END
002430             6873   ; --- End eval.asm ---
002430             6874   
002430             6875   ; --- Begin exec.asm ---
002430             6876   ;
002430             6877   ;Automatically created from original source on 2024-12-15 15:29:12
002430             6878   ;
002430             6879                   .ASSUME ADL = 0
002430             6880   ;	.ORG 0x0000
002430             6881   ;                SEGMENT CODE
002430             6882   ;
002430             6883   ;BBC BASIC INTERPRETER - Z80 VERSION
002430             6884   ;STATEMENT EXECUTION MODULE - "EXEC"
002430             6885   ;(C) COPYRIGHT R.T.RUSSELL 1981-2024
002430             6886   ;
002430             6887   ;THE NAME BBC BASIC IS USED WITH THE PERMISSION
002430             6888   ;OF THE BRITISH BROADCASTING CORPORATION AND IS
002430             6889   ;NOT TRANSFERRABLE TO A FORKED OR DERIVED WORK.
002430             6890   ;
002430             6891   ;VERSION 2.1, 22-01-1984
002430             6892   ;VERSION 3.1, 11-06-1987
002430             6893   ;VERSION 5.0, 12-07-2024
002430             6894   ;VERSION 5.1, 28-12-2024
002430             6895   ;VERSION 5.2, 11-01-2025
002430             6896   ;VERSION 5.3, 31-01-2025
002430             6897   ;
002430             6898   ;                XDEF	XEQ
002430             6899   ;                XDEF	RUN0
002430             6900   ;                XDEF	CHAIN0
002430             6901   ;                XDEF	CHECK
002430             6902   ;                XDEF	MUL16
002430             6903   ;                XDEF	X14OR5
002430             6904   ;                XDEF	TERMQ
002430             6905   ;                XDEF	STOREN
002430             6906   ;                XDEF	STORE4
002430             6907   ;                XDEF	STORE5
002430             6908   ;                XDEF	STACCS
002430             6909   ;                XDEF	SPACES
002430             6910   ;                XDEF	FN
002430             6911   ;                XDEF	USR
002430             6912   ;                XDEF	ESCAPE
002430             6913   ;                XDEF	SYNTAX
002430             6914   ;                XDEF	CHANEL
002430             6915   ;                XDEF	CHNL
002430             6916   ;                XDEF	VAR_
002430             6917   ;                XDEF	TABIT
002430             6918   ;                XDEF	MODIFY
002430             6919   ;                XDEF	MODIFS
002430             6920   ;
002430             6921   ;                XREF	ASSEM
002430             6922   ;                XREF	ERROR_
002430             6923   ;                XREF	REPORT
002430             6924   ;                XREF	WARM
002430             6925   ;                XREF	CLOOP
002430             6926   ;                XREF	SAYLN
002430             6927   ;                XREF	LOAD0
002430             6928   ;                XREF	CRLF
002430             6929   ;                XREF	PBCDL
002430             6930   ;                XREF	TELL
002430             6931   ;                XREF	FINDL
002430             6932   ;                XREF	SETLIN
002430             6933   ;                XREF	CLEAR
002430             6934   ;                XREF	GETVAR
002430             6935   ;                XREF	PUTVAR
002430             6936   ;                XREF	GETDEF
002430             6937   ;                XREF	LOCATE
002430             6938   ;                XREF	CREATE
002430             6939   ;                XREF	OUTCHR
002430             6940   ;                XREF	EXTERR
002430             6941   ;                XREF	BYE
002430             6942   ;                XREF	NXT
002430             6943   ;                XREF	NLIST
002430             6944   ;                XREF	CSRON
002430             6945   ;                XREF	CSROFF
002430             6946   ;
002430             6947   ;                XREF	OSWRCH
002430             6948   ;                XREF	OSLINE
002430             6949   ;                XREF	OSSHUT
002430             6950   ;                XREF	OSBPUT
002430             6951   ;                XREF	OSBGET
002430             6952   ;                XREF	CLRSCN
002430             6953   ;                XREF	PUTCSR
002430             6954   ;                XREF	PUTIME
002430             6955   ;                XREF	PUTIMS
002430             6956   ;                XREF	PUTPTR
002430             6957   ;                XREF	OSCALL
002430             6958   ;                XREF	OSCLI
002430             6959   ;                XREF	TRAP
002430             6960   ;
002430             6961   ;                XREF	SOUND
002430             6962   ;                XREF	CLG
002430             6963   ;                XREF	DRAW
002430             6964   ;                XREF	ENVEL
002430             6965   ;                XREF	GCOL
002430             6966   ;                XREF	MODE
002430             6967   ;                XREF	MOVE
002430             6968   ;                XREF	PLOT
002430             6969   ;                XREF	COLOUR
002430             6970   ;                XREF	CIRCLE
002430             6971   ;                XREF	ELLIPS
002430             6972   ;                XREF	FILL
002430             6973   ;                XREF	MOUSE
002430             6974   ;                XREF	ORIGIN
002430             6975   ;                XREF	RECTAN
002430             6976   ;                XREF	LINE
002430             6977   ;                XREF	WAIT
002430             6978   ;                XREF	TINT
002430             6979   ;                XREF	SYS
002430             6980   ;
002430             6981   ;                XREF	STR
002430             6982   ;                XREF	HEXSTR
002430             6983   ;                XREF	EXPR
002430             6984   ;                XREF	EXPRN
002430             6985   ;                XREF	EXPRI
002430             6986   ;                XREF	EXPRS
002430             6987   ;                XREF	ITEMI
002430             6988   ;                XREF	CONS
002430             6989   ;                XREF	LOADS
002430             6990   ;                XREF	VAL0
002430             6991   ;                XREF	SFIX
002430             6992   ;                XREF	TEST
002430             6993   ;                XREF	LOAD4
002430             6994   ;                XREF	LOADN
002430             6995   ;                XREF	DLOAD5
002430             6996   ;                XREF	FPP
002430             6997   ;                XREF	COMMA
002430             6998   ;                XREF	BRAKET
002430             6999   ;                XREF	PUSHS
002430             7000   ;                XREF	POPS
002430             7001   ;                XREF	ZERO
002430             7002   ;                XREF	SCP
002430             7003   ;                XREF	LETARR
002430             7004   ;
002430             7005   ;                XREF	ACCS
002430             7006   ;                XREF	PAGE_
002430             7007   ;                XREF	LOMEM
002430             7008   ;                XREF	HIMEM
002430             7009   ;                XREF	FREE
002430             7010   ;                XREF	BUFFER
002430             7011   ;                XREF	ERRTRP
002430             7012   ;                XREF	ONERSP
002430             7013   ;                XREF	CURLIN
002430             7014   ;                XREF	COUNT
002430             7015   ;                XREF	WIDTH
002430             7016   ;                XREF	STAVAR
002430             7017   ;                XREF	DATPTR
002430             7018   ;                XREF	RANDOM
002430             7019   ;                XREF	TRACEN
002430             7020   ;                XREF	LISTON
002430             7021   ;                XREF	PC
002430             7022   ;                XREF	OC
002430             7023   ;
002430             7024   ; LF             EQU	0AH	; in equs.inc
002430             7025   ; CR             EQU	0DH	; in equs.inc
002430             7026   ; IN main.asm
002430             7027   ; TAND:           EQU	80H
002430             7028   ; TOR:            EQU	84H
002430             7029   ; TERROR:         EQU	85H
002430             7030   ; TLINE:          EQU	86H
002430             7031   TOFF:           EQU	87H
002430             7032   TSTEP:          EQU	88H
002430             7033   TSPC:           EQU	89H
002430             7034   TTAB:           EQU	8AH
002430             7035   ; TELSE:          EQU	8BH
002430             7036   ; TTHEN:          EQU	8CH
002430             7037   ; TLINO:          EQU	8DH
002430             7038   ; TTO:            EQU	0B8H
002430             7039   TCMD:           EQU	0C0H
002430             7040   ; TWHILE:         EQU	0C7H
002430             7041   ; TWHEN:          EQU	0C9H
002430             7042   ; TOF:            EQU	0CAH
002430             7043   ; TENDCASE:       EQU	0CBH
002430             7044   ; TOTHERWISE:     EQU	0CCH
002430             7045   ; TENDIF:         EQU	0CDH
002430             7046   ; TENDWHILE:      EQU	0CEH
002430             7047   ; TCALL:          EQU	0D6H
002430             7048   ; TDATA:          EQU	0DCH
002430             7049   ; TDEF:           EQU	0DDH
002430             7050   ; TFOR:           EQU	0E3H
002430             7051   ; TGOSUB:         EQU	0E4H
002430             7052   ; TGOTO:          EQU	0E5H
002430             7053   ; TLOCAL:         EQU	0EAH
002430             7054   ; TNEXT:          EQU	0EDH
002430             7055   ; TON:            EQU	0EEH
002430             7056   ; TPROC:          EQU	0F2H
002430             7057   ; TREM:           EQU	0F4H
002430             7058   ; TREPEAT:        EQU	0F5H
002430             7059   TRETURN:        EQU	0F8H
002430             7060   TSTOP:          EQU	0FAH
002430             7061   ; TUNTIL:         EQU	0FDH
002430             7062   ; TEXIT:          EQU	10H
002430             7063   ; END in main.asm
002430             7064   ;
002430 FF 30       7065   CMDTAB:         DW	LEFTSL
002432 13 31       7066                   DW	MIDSL
002434 09 31       7067                   DW	RITESL
002436 6A 26       7068                   DW	SYNTAX	;STR$
002438 6A 26       7069                   DW	SYNTAX	;STRING$
00243A 6A 26       7070                   DW	SYNTAX	;EOF
00243C 6A 26       7071                   DW	SYNTAX	;SUM
00243E B0 2E       7072                   DW	WHILE
002440 E1 2D       7073                   DW	CASE
002442 6A 26       7074                   DW	SYNTAX	;WHEN
002444 6A 26       7075                   DW	SYNTAX	;OF
002446 24 25       7076                   DW	XEQ	;ENDCASE
002448 6A 26       7077                   DW	SYNTAX	;OTHERWISE
00244A 24 25       7078                   DW	XEQ	;ENDIF
00244C CD 2E       7079                   DW	ENDWHI	;ENDWHILE
00244E 8B 2F       7080                   DW	PTR
002450 9F 2F       7081                   DW	PAGEV
002452 AD 2F       7082                   DW	TIMEV
002454 CC 2F       7083                   DW	LOMEMV
002456 DE 2F       7084                   DW	HIMEMV
002458 B5 0E       7085                   DW	SOUND
00245A 5D 30       7086                   DW	BPUT
00245C 94 30       7087                   DW	CALL
00245E D7 24       7088                   DW	CHAIN
002460 20 2F       7089                   DW	CLR
002462 55 30       7090                   DW	CLOSE
002464 F9 0E       7091                   DW	CLG
002466 FF 2E       7092                   DW	CLS
002468 BC 25       7093                   DW	REM		;DATA
00246A BC 25       7094                   DW	REM		;DEF
00246C C8 26       7095                   DW	DIM
00246E 00 10       7096                   DW	DRAW
002470 5E 25       7097                   DW	END
002472 07 2C       7098                   DW	ENDPRO
002474 87 0E       7099                   DW	ENVEL
002476 9E 29       7100                   DW	FORex
002478 55 29       7101                   DW	GOSUB
00247A 3E 29       7102                   DW	GOTO
00247C 51 0F       7103                   DW	GCOL
00247E 53 2D       7104                   DW	IF_
002480 6C 2C       7105                   DW	INPUT
002482 2C 26       7106                   DW	LET
002484 9D 2B       7107                   DW	LOCAL
002486 E9 0E       7108                   DW	MODE
002488 FC 0F       7109                   DW	MOVE
00248A EB 29       7110                   DW	NEXT
00248C C4 28       7111                   DW	ON
00248E 26 30       7112                   DW	VDU
002490 08 10       7113                   DW	PLOT
002492 D0 27       7114                   DW	PRINT
002494 71 2A       7115                   DW	PROC
002496 0A 2D       7116                   DW	READ
002498 BC 25       7117                   DW	REM
00249A 6F 29       7118                   DW	REPEAT
00249C 1B 2F       7119                   DW	REPOR
00249E 39 2F       7120                   DW	RESTOR
0024A0 60 29       7121                   DW	RETURN
0024A2 D2 24       7122                   DW	RUN
0024A4 08 2F       7123                   DW	STOP
0024A6 11 0F       7124                   DW	COLOUR
0024A8 0D 30       7125                   DW	TRACE
0024AA 77 29       7126                   DW	UNTIL
0024AC 03 30       7127                   DW	WIDTHV
0024AE 93 25       7128                   DW	CLI		;OSCLI
0024B0 BC 25       7129                   DW	REM		;NUL
0024B2 9F 0F       7130                   DW	CIRCLE
0024B4 CB 0F       7131                   DW	ELLIPS
0024B6 04 10       7132                   DW	FILL
0024B8 BE 10       7133                   DW	MOUSE
0024BA 00 0F       7134                   DW	ORIGIN
0024BC B0 0A       7135                   DW	BYE		;QUIT
0024BE 3D 10       7136                   DW	RECTAN
0024C0 E9 25       7137                   DW	SWAPex
0024C2 95 11       7138                   DW	SYS
0024C4 95 11       7139                   DW	TINT
0024C6 FD 10       7140                   DW	WAIT
0024C8 6A 26       7141                   DW	SYNTAX		;INSTALL
0024CA BC 25       7142                   DW	REM		;CR
0024CC 25 32       7143                   DW	PUT		;Token changed
0024CE 6A 26       7144                   DW	SYNTAX		;BY
0024D0 AB 31       7145                   DW	EXITex
0024D2             7146   ;
0024D2             7147   CMDTAB_END:     EQU	$
0024D2             7148   TLAST:          EQU	TCMD-128+[[CMDTAB_END-CMDTAB]/2]
0024D2             7149   ;
0024D2 CD C2 35    7150   RUN:            CALL	TERMQ
0024D5 28 0D       7151                   JR	Z,RUN0
0024D7 CD C0 18    7152   CHAIN:          CALL	EXPRS
0024DA 3E 0D       7153                   LD	A,CR
0024DC 12          7154                   LD	(DE),A
0024DD ED 7B E2 55 7155   CHAIN0:         LD	SP,(HIMEM)
0024E1 CD 8C 40    7156                   CALL	LOAD0
0024E4 ED 7B E2 55 7157   RUN0:           LD	SP,(HIMEM)	;PREPARE FOR RUN
0024E8 DD 21 F6 55 7158                   LD	IX,RANDOM
0024EC ED 5F       7159   RAND:           LD	A,R		;RANDOMISE (CARE!)
0024EE 28 FC       7160                   JR	Z,RAND
0024F0 07          7161                   RLCA
0024F1 07          7162                   RLCA
0024F2 DD 77 03    7163                   LD	(IX+3),A
0024F5 9F          7164                   SBC	A,A
0024F6 DD 77 04    7165                   LD	(IX+4),A
0024F9 CD CF 40    7166                   CALL	CLEAR
0024FC 21 00 00    7167                   LD	HL,0
0024FF 22 EA 55    7168                   LD	(ERRTRP),HL
002502 2A DC 55    7169                   LD	HL,(PAGE_)
002505 CD 85 36    7170                   CALL	DSRCH		;LOOK FOR "DATA"
002508 22 F0 55    7171                   LD	(DATPTR),HL	;SET DATA POINTER
00250B FD 2A DC 55 7172                   LD	IY,(PAGE_)
00250F CD 66 25    7173   XEQ0:           CALL	NEWLIN
002512 FD 7E 00    7174                   LD	A,(IY)
002515 FE 8B       7175                   CP	TELSE
002517 CA BA 2D    7176                   JP	Z,MELSE		;ELSE
00251A FE C9       7177                   CP	TWHEN
00251C CA CD 2D    7178                   JP	Z,WHEN		;WHEN
00251F FE CC       7179                   CP	TOTHERWISE
002521 CA CD 2D    7180                   JP	Z,WHEN
002524 FD 22 F4 55 7181   XEQ:            LD	(CURLIN),IY	;ERROR POINTER
002528 CD 35 06    7182                   CALL	TRAP		;CHECK KEYBOARD
00252B CD 97 45    7183   XEQ1:           CALL	NXT
00252E FD 23       7184                   INC	IY
002530 FE 3A       7185                   CP	':'		;SEPARATOR
002532 28 F7       7186                   JR	Z,XEQ1
002534 FE 0D       7187                   CP	CR
002536 28 D7       7188                   JR	Z,XEQ0		;NEW PROGRAM LINE
002538 FE 91       7189                   CP	TLAST
00253A EA 1E 26    7190                   JP	PE,LET0		;IMPLIED LET
00253D D6 C0       7191                   SUB	TCMD
00253F FA A1 25    7192                   JP	M,EXTRAS
002542 87          7193                   ADD	A,A
002543 4F          7194                   LD	C,A
002544 06 00       7195                   LD	B,0
002546 21 30 24    7196                   LD	HL,CMDTAB
002549 09          7197                   ADD	HL,BC
00254A 7E          7198                   LD	A,(HL)		;TABLE ENTRY
00254B 23          7199                   INC	HL
00254C 66          7200                   LD	H,(HL)
00254D 6F          7201                   LD	L,A
00254E CD 97 45    7202                   CALL	NXT
002551 E9          7203                   JP	(HL)		;EXECUTE STATEMENT
002552             7204   ;
002552             7205   ;END
002552             7206   ;
002552 FD E5       7207   ENDIM:          PUSH	IY
002554 E1          7208                   POP	HL
002555 ED 4B DC 55 7209                   LD	BC,(PAGE_)
002559 ED 42       7210                   SBC	HL,BC		;IMMEDIATE MODE ?
00255B DA 3C 38    7211                   JP	C,CLOOP
00255E 1E 00       7212   END:            LD	E,0
002560 CD 55 06    7213                   CALL	OSSHUT		;CLOSE ALL FILES
002563 C3 3B 38    7214                   JP	WARM		;"Ready"
002566             7215   ;
002566 FD 7E 00    7216   NEWLIN:         LD	A,(IY+0)	;A=LINE LENGTH
002569 01 03 00    7217                   LD	BC,3
00256C FD 09       7218                   ADD	IY,BC
00256E B7          7219                   OR	A
00256F 28 E1       7220                   JR	Z,ENDIM		;LENGTH=0, EXITex
002571 2A E6 55    7221                   LD	HL,(TRACEN)
002574 7C          7222                   LD	A,H
002575 B5          7223                   OR	L
002576 C8          7224                   RET	Z
002577 FD 56 FF    7225                   LD	D,(IY-1)	;DE = LINE NUMBER
00257A FD 5E FE    7226                   LD	E,(IY-2)
00257D ED 52       7227                   SBC	HL,DE
00257F D8          7228                   RET	C
002580 EB          7229                   EX	DE,HL
002581 3E 5B       7230                   LD	A,'['		;TRACE
002583 CD 8E 41    7231                   CALL	OUTCHR
002586 CD 1E 42    7232                   CALL	PBCDL
002589 3E 5D       7233                   LD	A,']'
00258B CD 8E 41    7234                   CALL	OUTCHR
00258E 3E 20       7235                   LD	A,' '
002590 C3 8E 41    7236                   JP	OUTCHR
002593             7237   ;
002593             7238   ;ROUTINES FOR EACH STATEMENT:
002593             7239   ;
002593             7240   ;OSCLI
002593             7241   ;
002593 CD C0 18    7242   CLI:            CALL	EXPRS
002596 3E 0D       7243                   LD	A,CR
002598 12          7244                   LD	(DE),A
002599 21 00 53    7245                   LD	HL,ACCS
00259C CD 37 0A    7246                   CALL	OSCLI
00259F 18 83       7247                   JR	XEQ
0025A1             7248   ;
0025A1 FE CB       7249   EXTRAS:         CP	TELSE-TCMD
0025A3 28 17       7250                   JR	Z,REM		;ELSE
0025A5 FE C5       7251                   CP	TERROR-TCMD
0025A7 28 21       7252                   JR	Z,THROW		;ERROR
0025A9 FE C6       7253                   CP	TLINE-TCMD
0025AB CA 89 0F    7254                   JP	Z,LINE		;LINE
0025AE FE C7       7255                   CP	TOFF-TCMD
0025B0 CA 72 0F    7256                   JP	Z,CSROFF	;OFF
0025B3 C3 6A 26    7257                   JP	SYNTAX
0025B6             7258   ;
0025B6             7259   ;REM, *
0025B6             7260   ;
0025B6 FD E5       7261   EXT:            PUSH	IY
0025B8 E1          7262                   POP	HL
0025B9 CD 37 0A    7263                   CALL	OSCLI
0025BC FD E5       7264   REM:            PUSH	IY
0025BE E1          7265                   POP	HL
0025BF 3E 0D       7266                   LD	A,CR
0025C1 47          7267                   LD	B,A
0025C2 ED B1       7268                   CPIR			;FIND LINE END
0025C4 E5          7269                   PUSH	HL
0025C5 FD E1       7270                   POP	IY
0025C7 C3 0F 25    7271                   JP	XEQ0
0025CA             7272   ;
0025CA             7273   ;ERROR num,string$
0025CA             7274   ;
0025CA CD B7 18    7275   THROW:          CALL	EXPRI
0025CD D9          7276                   EXX
0025CE E5          7277                   PUSH	HL
0025CF D9          7278                   EXX
0025D0 CD 2D 21    7279                   CALL	COMMA
0025D3 CD C0 18    7280                   CALL	EXPRS
0025D6 E1          7281                   POP	HL
0025D7 AF          7282                   XOR	A
0025D8 12          7283                   LD	(DE),A
0025D9 7D          7284                   LD	A,L
0025DA 21 00 53    7285                   LD	HL,ACCS
0025DD 11 00 54    7286                   LD	DE,BUFFER
0025E0 D5          7287                   PUSH	DE
0025E1 01 00 01    7288                   LD	BC,256
0025E4 ED B0       7289                   LDIR
0025E6 C3 E1 3F    7290                   JP	EXTERR
0025E9             7291   ;
0025E9             7292   ; SWAP
0025E9             7293   ;
0025E9 CD 6F 42    7294   SWAPex:           CALL	GETVAR
0025EC 20 0B       7295                   JR	NZ,SWAPNZ
0025EE F5          7296                   PUSH	AF
0025EF E5          7297                   PUSH	HL
0025F0 CD 2D 21    7298                   CALL	COMMA
0025F3 CD 97 45    7299                   CALL	NXT
0025F6 CD 6F 42    7300                   CALL	GETVAR
0025F9 20 6C       7301   SWAPNZ:         JR	NZ,NOSUCH
0025FB D1          7302                   POP	DE
0025FC C1          7303                   POP	BC
0025FD B8          7304                   CP	B
0025FE 20 73       7305                   JR	NZ,MISMAT
002600 E6 0F       7306                   AND	00001111B
002602 28 6F       7307                   JR	Z,MISMAT
002604 78          7308                   LD	A,B
002605 E6 C0       7309                   AND	11000000B
002607 28 0A       7310                   JR	Z,SWAP1ex
002609 06 02       7311                   LD	B,2
00260B F2 13 26    7312                   JP	P,SWAP1ex
00260E EA 13 26    7313                   JP	PE,SWAP1ex
002611 06 04       7314                   LD	B,4
002613 4E          7315   SWAP1ex:          LD	C,(HL)
002614 1A          7316                   LD	A,(DE)
002615 77          7317                   LD	(HL),A
002616 79          7318                   LD	A,C
002617 12          7319                   LD	(DE),A
002618 13          7320                   INC	DE
002619 23          7321                   INC	HL
00261A 10 F7       7322                   DJNZ	SWAP1ex
00261C 18 27       7323                   JR	XEQGO4
00261E             7324   ;
00261E             7325   ;[LET] var = expr
00261E             7326   ;
00261E FE 2A       7327   LET0:           CP	'*'
002620 28 94       7328                   JR	Z,EXT
002622 FE 3D       7329                   CP	'='
002624 28 70       7330                   JR	Z,FNEND
002626 FE 5B       7331                   CP	'['
002628 28 51       7332                   JR	Z,ASM
00262A FD 2B       7333                   DEC	IY
00262C CD 37 32    7334   LET:            CALL	ASSIGN
00262F CA 24 25    7335                   JP	Z,XEQ
002632 38 36       7336                   JR	C,SYNTAX	;"Syntax error"
002634 F2 86 21    7337                   JP	P,LETARR	;Numeric array
002637 EA 86 21    7338                   JP	PE,LETARR	;String array
00263A D5          7339                   PUSH	DE
00263B E5          7340                   PUSH	HL
00263C CD C0 18    7341                   CALL	EXPRS
00263F DD E1       7342                   POP	IX
002641 E1          7343                   POP	HL
002642 CD A0 32    7344                   CALL	MODIFS
002645 C3 24 25    7345   XEQGO4:         JP	XEQ
002648             7346   ;
002648             7347   ; GETSTR - Get string variable
002648             7348   ;   Inputs: IY = text pointer
002648             7349   ;  Outputs: B = type
002648             7350   ;           Z-flag set if comma
002648             7351   ;
002648 CD 6F 42    7352   GETSTR:         CALL	GETVAR
00264B 20 1A       7353                   JR	NZ,NOSUCH
00264D 47          7354                   LD	B,A
00264E E6 C0       7355                   AND	11000000B
002650 F2 73 26    7356                   JP	P,MISMAT
002653 EA 70 26    7357                   JP	PE,BADUSE
002656 CB 40       7358                   BIT	0,B
002658 28 19       7359                   JR	Z,MISMAT
00265A CD 97 45    7360                   CALL	NXT
00265D FE 2C       7361                   CP	','
00265F C9          7362                   RET
002660             7363   ;
002660 CD 6F 42    7364   VAR_:           CALL	GETVAR
002663 C8          7365                   RET	Z
002664 D2 59 42    7366                   JP	NC,PUTVAR
002667 3E 1A       7367   NOSUCH:         LD	A,26		;'No such variable'
002669 21          7368                   DB	21H
00266A 3E 10       7369   SYNTAX:         LD	A,16		;"Syntax error"
00266C 21          7370                   DB	21H
00266D 3E 11       7371   ESCAPE:         LD	A,17		;"Escape"
00266F 21          7372                   DB	21H
002670 3E 0E       7373   BADUSE:         LD	A,14		;'Bad use of array'
002672 21          7374                   DB	21H
002673 3E 06       7375   MISMAT:         LD	A,6		;'Type mismatch'
002675 C3 D0 3F    7376   ERROR0ex:         JP	ERROR_
002678             7377   ;
002678 CD 66 25    7378   ASM0:           CALL	NEWLIN
00267B FD 22 F4 55 7379   ASM:            LD	(CURLIN),IY
00267F CD 35 06    7380                   CALL	TRAP
002682 CD 9F 11    7381                   CALL	ASSEM
002685 38 E3       7382                   JR	C,SYNTAX
002687 FE 0D       7383                   CP	CR
002689 28 ED       7384                   JR	Z,ASM0
00268B 21 FE 55    7385                   LD	HL,LISTON
00268E 7E          7386                   LD	A,(HL)
00268F E6 0F       7387                   AND	0FH
002691 F6 30       7388                   OR	30H
002693 77          7389                   LD	(HL),A
002694 18 AF       7390                   JR	XEQGO4
002696             7391   ;
002696             7392   ;=
002696             7393   ;
002696 CD 86 17    7394   FNEND:          CALL	EXPR		;FUNCTION RESULT
002699 08          7395                   EX	AF,AF'
00269A 87          7396                   ADD	A,A
00269B 7B          7397                   LD	A,E
00269C 38 01       7398                   JR	C,FNEND1
00269E 79          7399                   LD	A,C
00269F 08          7400   FNEND1:         EX	AF,AF'
0026A0 E5          7401                   PUSH	HL
0026A1 D9          7402                   EXX
0026A2 C1          7403                   POP	BC
0026A3 EB          7404                   EX	DE,HL		;SAVE RESULT IN A'B'C'D'E'
0026A4 D9          7405                   EXX
0026A5 C1          7406   FNEND2:         POP	BC
0026A6 21 71 2A    7407                   LD	HL,FNCHK
0026A9 AF          7408                   XOR	A
0026AA ED 42       7409                   SBC	HL,BC
0026AC 28 0A       7410                   JR	Z,FNEND3
0026AE C5          7411                   PUSH	BC
0026AF CD BD 34    7412                   CALL	RESLOC
0026B2 20 F1       7413                   JR	NZ,FNEND2
0026B4 3E 07       7414                   LD	A,7
0026B6 18 BD       7415                   JR	ERROR0ex		;"No FN"
0026B8             7416   ;
0026B8 FD E1       7417   FNEND3:         POP	IY
0026BA FD 22 F4 55 7418                   LD	(CURLIN),IY	;IN CASE OF ERROR
0026BE D9          7419                   EXX
0026BF EB          7420                   EX	DE,HL
0026C0 C5          7421                   PUSH	BC
0026C1 D9          7422                   EXX
0026C2 E1          7423                   POP	HL
0026C3 08          7424                   EX	AF,AF'
0026C4 5F          7425                   LD	E,A
0026C5 4F          7426                   LD	C,A
0026C6 1F          7427                   RRA
0026C7 C9          7428                   RET
0026C8             7429   ;
0026C8             7430   ;DIM var(dim1[,dim2[,...]])[,var(...]
0026C8             7431   ;DIM var expr[,var expr...]
0026C8             7432   ;
0026C8 FD E5       7433   DIM:            PUSH	IY
0026CA FE 21       7434                   CP	'!'
0026CC CA 99 27    7435                   JP	Z,DIM4
0026CF CD 3C 43    7436                   CALL	LOCATE		;VARIABLE
0026D2 DA 83 27    7437                   JP	C,BADDIM
0026D5 C4 C8 43    7438                   CALL	NZ,CREATE
0026D8 FD 7E 00    7439                   LD	A,(IY)
0026DB FE 28       7440                   CP	'('
0026DD C2 99 27    7441                   JP	NZ,DIM4
0026E0 E5          7442                   PUSH	HL
0026E1 DD E1       7443                   POP	IX
0026E3 7E          7444                   LD	A,(HL)
0026E4 E6 FE       7445                   AND	0FEH
0026E6 23          7446                   INC	HL
0026E7 B6          7447                   OR	(HL)
0026E8 C2 99 27    7448                   JP	NZ,DIM4
0026EB C1          7449                   POP	BC		;LEVEL STACK
0026EC 7A          7450                   LD	A,D
0026ED 2A E0 55    7451                   LD	HL,(FREE)
0026F0 E5          7452                   PUSH	HL
0026F1 DD E3       7453                   EX	(SP),IX
0026F3 E5          7454                   PUSH	HL
0026F4 F5          7455                   PUSH	AF		;SAVE TYPE
0026F5 11 01 00    7456                   LD	DE,1
0026F8 42          7457                   LD	B,D		;DIMENSION COUNTER
0026F9 FD 23       7458   DIM1:           INC	IY
0026FB C5          7459                   PUSH	BC
0026FC D5          7460                   PUSH	DE
0026FD DD E5       7461                   PUSH	IX
0026FF CD B7 18    7462                   CALL	EXPRI		;DIMENSION SIZE
002702 CB 7C       7463                   BIT	7,H
002704 20 7D       7464                   JR	NZ,BADDIM
002706 D9          7465                   EXX
002707 23          7466                   INC	HL
002708 DD E1       7467                   POP	IX
00270A DD 23       7468                   INC	IX
00270C DD 75 00    7469                   LD	(IX),L		;SAVE SIZE
00270F DD 23       7470                   INC	IX
002711 DD 74 00    7471                   LD	(IX),H
002714 C1          7472                   POP	BC
002715 CD 49 37    7473                   CALL	MUL16		;HL=HL*BC
002718 38 6C       7474                   JR	C,NOROOM	;TOO LARGE
00271A EB          7475                   EX	DE,HL		;DE=PRODUCT
00271B C1          7476                   POP	BC
00271C 04          7477                   INC	B		;DIMENSION COUNTER
00271D FD 7E 00    7478                   LD	A,(IY)
002720 FE 2C       7479                   CP	','		;ANOTHER
002722 28 D5       7480                   JR	Z,DIM1
002724 DD 23       7481                   INC	IX
002726 CD 39 21    7482                   CALL	BRAKET		;CLOSING BRACKET
002729 F1          7483                   POP	AF		;RESTORE TYPE
00272A CD 39 37    7484                   CALL	X14OR5		;DE=DE*n
00272D 38 57       7485                   JR	C,NOROOM
00272F E1          7486                   POP	HL
002730 70          7487                   LD	(HL),B		;NO. OF DIMENSIONS
002731 DD E3       7488                   EX	(SP),IX
002733 E1          7489                   POP	HL
002734 E6 80       7490                   AND	80H
002736 DD B6 00    7491                   OR	(IX)		;FLAGS
002739             7492   ;
002739             7493   ;  A = flags: bit 7 = string, bit 0 = LOCAL
002739             7494   ; DE = amount to allocate
002739             7495   ; HL = where to allocate (if not LOCAL)
002739             7496   ; (HL - FREE is size of 'descriptor')
002739             7497   ; IX = where to store pointer
002739             7498   ;
002739 E5          7499   DIM3:           PUSH	HL
00273A 24          7500                   INC	H		;Safety margin
00273B 19          7501                   ADD	HL,DE
00273C 38 48       7502                   JR	C,NOROOM
00273E ED 72       7503                   SBC	HL,SP
002740 30 44       7504                   JR	NC,NOROOM
002742 E1          7505                   POP	HL
002743 E5          7506                   PUSH	HL
002744 ED 4B E0 55 7507                   LD	BC,(FREE)
002748 B7          7508                   OR	A
002749 ED 42       7509                   SBC	HL,BC
00274B 44          7510                   LD	B,H
00274C 4D          7511                   LD	C,L
00274D E1          7512                   POP	HL
00274E ED 42       7513                   SBC	HL,BC
002750 CB 47       7514                   BIT	0,A
002752 28 12       7515                   JR	Z,ARRCHK	;NOT LOCAL
002754 21 00 00    7516                   LD	HL,0
002757 ED 52       7517                   SBC	HL,DE
002759 B7          7518                   OR	A
00275A ED 42       7519                   SBC	HL,BC
00275C 39          7520                   ADD	HL,SP
00275D 28 07       7521                   JR	Z,ARRCHK	;RESERVE NOTHING
00275F F9          7522                   LD	SP,HL
002760 D5          7523                   PUSH	DE
002761 C5          7524                   PUSH	BC
002762 F5          7525                   PUSH	AF
002763 CD 66 27    7526                   CALL	ARRCHK
002766 DD 75 00    7527   ARRCHK:         LD	(IX+0),L	;SAVE POINTER
002769 DD 74 01    7528                   LD	(IX+1),H
00276C 78          7529                   LD	A,B
00276D B1          7530                   OR	C
00276E 28 09       7531                   JR	Z,DIM2
002770 D5          7532                   PUSH	DE
002771 EB          7533                   EX	DE,HL
002772 2A E0 55    7534                   LD	HL,(FREE)
002775 ED B0       7535                   LDIR			;COPY DESCRIPTOR
002777 EB          7536                   EX	DE,HL
002778 D1          7537                   POP	DE
002779 7A          7538   DIM2:           LD	A,D
00277A B3          7539                   OR	E
00277B 28 0E       7540                   JR	Z,DIM5
00277D 36 00       7541                   LD	(HL),0		;INITIALISE ARRAY
00277F 23          7542                   INC	HL
002780 1B          7543                   DEC	DE
002781 18 F6       7544                   JR	DIM2
002783             7545   ;
002783 3E 0A       7546   BADDIM:         LD	A,10		;"Bad DIM"
002785 21          7547                   DB	21H
002786 3E 0B       7548   NOROOM:         LD	A,11		;"DIM space"
002788 C3 D0 3F    7549   ERROR1ex:         JP	ERROR_
00278B             7550   ;
00278B ED 72       7551   DIM5:           SBC	HL,SP
00278D 30 04       7552                   JR	NC,DIM7		;LOCAL
00278F 39          7553                   ADD	HL,SP
002790 22 E0 55    7554                   LD	(FREE),HL
002793 CD 8C 45    7555   DIM7:           CALL	NLIST		;ANOTHER VARIABLE?
002796 C3 C8 26    7556                   JP	DIM
002799             7557   ;
002799 FD E1       7558   DIM4:           POP	IY
00279B CD 60 26    7559                   CALL	VAR_
00279E B7          7560                   OR	A
00279F 28 E2       7561                   JR	Z,BADDIM
0027A1 FA 83 27    7562                   JP	M,BADDIM
0027A4 CB 77       7563                   BIT	6,A
0027A6 20 DB       7564                   JR	NZ,BADDIM
0027A8 47          7565                   LD	B,A		;TYPE
0027A9 CD 97 45    7566                   CALL	NXT
0027AC FE EA       7567                   CP	TLOCAL
0027AE 3E 00       7568                   LD	A,0		;PRESET TO NOT LOCAL
0027B0 20 03       7569                   JR	NZ,DIM8
0027B2 FD 23       7570                   INC	IY
0027B4 3C          7571                   INC	A		;FLAG LOCAL
0027B5 F5          7572   DIM8:           PUSH	AF
0027B6 78          7573                   LD	A,B		;TYPE
0027B7 D9          7574                   EXX
0027B8 21 00 00    7575                   LD	HL,0
0027BB 4C          7576                   LD	C,H
0027BC CD 78 32    7577                   CALL	STOREN		;RESERVED AREA
0027BF DD E5       7578                   PUSH	IX
0027C1 CD B7 18    7579                   CALL	EXPRI
0027C4 DD E1       7580                   POP	IX
0027C6 D9          7581                   EXX
0027C7 23          7582                   INC	HL
0027C8 EB          7583                   EX	DE,HL
0027C9 2A E0 55    7584                   LD	HL,(FREE)
0027CC F1          7585                   POP	AF		;LOCAL FLAG
0027CD C3 39 27    7586                   JP	DIM3
0027D0             7587   ;
0027D0             7588   ;PRINT list...
0027D0             7589   ;PRINT #channel,list...
0027D0             7590   ;
0027D0 FE 23       7591   PRINT:          CP	'#'
0027D2 20 64       7592                   JR	NZ,PRINT0
0027D4 CD 67 37    7593                   CALL	CHNL		;CHANNEL NO. = E
0027D7 CD 8C 45    7594   PRNTN1:         CALL	NLIST
0027DA D5          7595                   PUSH	DE
0027DB CD 86 17    7596                   CALL	EXPR		;ITEM TO PRINT
0027DE 08          7597                   EX	AF,AF'
0027DF FA FF 27    7598                   JP	M,PRNTN2	;STRING
0027E2 D1          7599                   POP	DE
0027E3 C5          7600                   PUSH	BC
0027E4 D9          7601                   EXX
0027E5 7D          7602                   LD	A,L
0027E6 D9          7603                   EXX
0027E7 CD 65 06    7604                   CALL	OSBPUT
0027EA D9          7605                   EXX
0027EB 7C          7606                   LD	A,H
0027EC D9          7607                   EXX
0027ED CD 65 06    7608                   CALL	OSBPUT
0027F0 7D          7609                   LD	A,L
0027F1 CD 65 06    7610                   CALL	OSBPUT
0027F4 7C          7611                   LD	A,H
0027F5 CD 65 06    7612                   CALL	OSBPUT
0027F8 C1          7613                   POP	BC
0027F9 79          7614                   LD	A,C
0027FA CD 65 06    7615                   CALL	OSBPUT
0027FD 18 D8       7616                   JR	PRNTN1
0027FF 4B          7617   PRNTN2:         LD	C,E
002800 D1          7618                   POP	DE
002801 21 00 53    7619                   LD	HL,ACCS
002804 0C          7620                   INC	C
002805 0D          7621   PRNTN3:         DEC	C
002806 28 09       7622                   JR	Z,PRNTN4
002808 7E          7623                   LD	A,(HL)
002809 23          7624                   INC	HL
00280A C5          7625                   PUSH	BC
00280B CD 65 06    7626                   CALL	OSBPUT
00280E C1          7627                   POP	BC
00280F 18 F4       7628                   JR	PRNTN3
002811 3E 0D       7629   PRNTN4:         LD	A,CR
002813 CD 65 06    7630                   CALL	OSBPUT
002816 18 BF       7631                   JR	PRNTN1
002818             7632   ;
002818 06 02       7633   PRINT6:         LD	B,2
00281A 18 22       7634                   JR	PRINTC
00281C 01 00 01    7635   PRINT8:         LD	BC,100H
00281F 18 1D       7636                   JR	PRINTC
002821 21 00 55    7637   PRINT9:         LD	HL,STAVAR
002824 AF          7638                   XOR	A
002825 BE          7639                   CP	(HL)
002826 28 10       7640                   JR	Z,PRINT0
002828 3A FB 55    7641                   LD	A,(COUNT)
00282B B7          7642                   OR	A
00282C 28 0A       7643                   JR	Z,PRINT0
00282E 96          7644   PRINTA:         SUB	(HL)
00282F 28 07       7645                   JR	Z,PRINT0
002831 30 FB       7646                   JR	NC,PRINTA
002833 ED 44       7647                   NEG
002835 CD 2F 36    7648                   CALL	SPACES
002838 3A 00 55    7649   PRINT0:         LD	A,(STAVAR)
00283B 4F          7650                   LD	C,A		;PRINTS
00283C 06 00       7651                   LD	B,0		;PRINTF
00283E CD C2 35    7652   PRINTC:         CALL	TERMQ
002841 28 38       7653                   JR	Z,PRINT4
002843 CB 80       7654                   RES	0,B
002845 FD 23       7655                   INC	IY
002847 FE 7E       7656                   CP	'~'
002849 28 CD       7657                   JR	Z,PRINT6
00284B FE 3B       7658                   CP	';'
00284D 28 CD       7659                   JR	Z,PRINT8
00284F FE 2C       7660                   CP	','
002851 28 CE       7661                   JR	Z,PRINT9
002853 CD E8 35    7662                   CALL	FORMAT		;SPC, TAB, '
002856 28 E6       7663                   JR	Z,PRINTC
002858 FD 2B       7664                   DEC	IY
00285A C5          7665                   PUSH	BC
00285B CD 86 17    7666                   CALL	EXPR		;VARIABLE TYPE
00285E 08          7667                   EX	AF,AF'
00285F FA 75 28    7668                   JP	M,PRINT3	;STRING
002862 D1          7669                   POP	DE
002863 D5          7670                   PUSH	DE
002864 CB 4A       7671                   BIT	1,D
002866 F5          7672                   PUSH	AF
002867 CC 5B 20    7673                   CALL	Z,STR		;DECIMAL
00286A F1          7674                   POP	AF
00286B C4 18 20    7675                   CALL	NZ,HEXSTR	;HEX
00286E C1          7676                   POP	BC
00286F C5          7677                   PUSH	BC
002870 79          7678                   LD	A,C
002871 93          7679                   SUB	E
002872 D4 2F 36    7680                   CALL	NC,SPACES		;RIGHT JUSTIFY
002875 C1          7681   PRINT3:         POP	BC
002876 CD 3D 36    7682                   CALL	PTEXT		;PRINT
002879 18 C3       7683                   JR	PRINTC
00287B CB 40       7684   PRINT4:         BIT	0,B
00287D CC 87 41    7685                   CALL	Z,CRLF
002880 18 3F       7686                   JR	XEQGO3
002882             7687   ;
002882 FD 23       7688   ONERR:          INC	IY		;SKIP "ERROR"
002884 CD 97 45    7689                   CALL	NXT
002887 21 00 00    7690                   LD	HL,0		;FLAG NOT LOCAL
00288A FE EA       7691                   CP	TLOCAL
00288C 20 1D       7692                   JR	NZ,ONERR1
00288E FD 23       7693                   INC	IY		;SKIP "LOCAL"
002890 2A EA 55    7694                   LD	HL,(ERRTRP)
002893 E5          7695                   PUSH	HL
002894 2A EC 55    7696                   LD	HL,(ONERSP)
002897 E5          7697                   PUSH	HL
002898 21 00 04    7698                   LD	HL,400H		;TYPE = 4, 'EXPONENT' = 0
00289B E5          7699                   PUSH	HL
00289C 21 EA 55    7700                   LD	HL,ERRTRP
00289F E5          7701                   PUSH	HL
0028A0 21 B6 35    7702                   LD	HL,LOCCHK
0028A3 E5          7703                   PUSH	HL
0028A4 21 00 00    7704                   LD	HL,0
0028A7 39          7705                   ADD	HL,SP
0028A8 CD 97 45    7706                   CALL	NXT
0028AB 22 EC 55    7707   ONERR1:         LD	(ONERSP),HL
0028AE FD 22 EA 55 7708                   LD	(ERRTRP),IY
0028B2 FE 87       7709                   CP	TOFF
0028B4 C2 BC 25    7710                   JP	NZ,REM
0028B7 FD 23       7711                   INC	IY		;SKIP "OFF"
0028B9 ED 62       7712                   SBC	HL,HL
0028BB 22 EC 55    7713                   LD	(ONERSP),HL
0028BE 22 EA 55    7714                   LD	(ERRTRP),HL
0028C1 C3 24 25    7715   XEQGO3:         JP	XEQ
0028C4             7716   ;
0028C4             7717   ;ON expr GOTO line[,line...] [ELSE statement]
0028C4             7718   ;ON expr GOTO line[,line...] [ELSE line]
0028C4             7719   ;ON expr GOSUB line[,line...] [ELSE statement]
0028C4             7720   ;ON expr GOSUB line[,line...] [ELSE line]
0028C4             7721   ;ON expr PROCone [,PROCtwo..] [ELSE PROCotherwise]
0028C4             7722   ;ON ERROR [LOCAL] statement [:statement...]
0028C4             7723   ;ON ERROR [LOCAL] OFF
0028C4             7724   ;
0028C4 CD C2 35    7725   ON:             CALL	TERMQ
0028C7 CA 6E 0F    7726                   JP	Z,CSRON
0028CA FE 85       7727                   CP	TERROR
0028CC 28 B4       7728                   JR	Z,ONERR		;"ON ERROR"
0028CE CD B7 18    7729                   CALL	EXPRI
0028D1 FD 7E 00    7730                   LD	A,(IY)
0028D4 FD 23       7731                   INC	IY
0028D6 1E 2C       7732                   LD	E,','		;SEPARATOR
0028D8 FE E5       7733                   CP	TGOTO
0028DA 28 0B       7734                   JR	Z,ON1
0028DC FE E4       7735                   CP	TGOSUB
0028DE 28 07       7736                   JR	Z,ON1
0028E0 1E F2       7737                   LD	E,TPROC
0028E2 BB          7738                   CP	E
0028E3 3E 27       7739                   LD	A,39
0028E5 20 4F       7740                   JR	NZ,ERROR2ex	;"ON syntax"
0028E7 57          7741   ON1:            LD	D,A
0028E8 D9          7742                   EXX
0028E9 E5          7743                   PUSH	HL
0028EA D9          7744                   EXX
0028EB C1          7745                   POP	BC		;ON INDEX
0028EC 78          7746                   LD	A,B
0028ED B4          7747                   OR	H
0028EE B5          7748                   OR	L
0028EF 20 32       7749                   JR	NZ,ON4		;OUT OF RANGE
0028F1 B1          7750                   OR	C
0028F2 28 2F       7751                   JR	Z,ON4
0028F4 0D          7752                   DEC	C
0028F5 28 11       7753                   JR	Z,ON3		;INDEX=1
0028F7 CD C2 35    7754   ON2:            CALL	TERMQ
0028FA 28 27       7755                   JR	Z,ON4		;OUT OF RANGE
0028FC FD 23       7756                   INC	IY		;SKIP DELIMITER
0028FE FE 22       7757                   CP	'"'
002900 28 1A       7758                   JR	Z,ON5
002902 BB          7759                   CP	E
002903 20 F2       7760                   JR	NZ,ON2
002905 0D          7761                   DEC	C
002906 20 EF       7762                   JR	NZ,ON2
002908 7B          7763   ON3:            LD	A,E
002909 FE F2       7764                   CP	TPROC
00290B 28 2C       7765                   JR	Z,ONPROC
00290D D5          7766                   PUSH	DE
00290E CD E4 18    7767                   CALL	ITEMI		;LINE NUMBER
002911 D1          7768                   POP	DE
002912 7A          7769                   LD	A,D
002913 FE E5       7770                   CP	TGOTO
002915 28 30       7771                   JR	Z,GOTO2
002917 CD CE 35    7772                   CALL	SPAN		;SKIP REST OF LIST
00291A 18 3C       7773                   JR	GOSUB1
00291C             7774   ;
00291C CD 25 37    7775   ON5:            CALL	QUOTE
00291F FD 23       7776                   INC	IY
002921 18 D4       7777                   JR	ON2
002923             7778   ;
002923 FD 7E 00    7779   ON4:            LD	A,(IY)
002926 FD 23       7780                   INC	IY
002928 FE 8B       7781                   CP	TELSE
00292A CA 6C 2D    7782                   JP	Z,IF1		;ELSE CLAUSE
00292D FE 0D       7783                   CP	CR
00292F 20 F2       7784                   JR	NZ,ON4
002931 3E 28       7785                   LD	A,40		;'ON range'
002933 21          7786                   DB	21H
002934 3E 22       7787   FORVAR:         LD	A,34		;'FOR variable'
002936 C3 D0 3F    7788   ERROR2ex:         JP	ERROR_
002939             7789   ;
002939 3E EE       7790   ONPROC:         LD	A,TON
00293B C3 71 2A    7791                   JP	PROC
00293E             7792   ;
00293E             7793   ;GOTO line
00293E             7794   ;
00293E CD E4 18    7795   GOTO:           CALL	ITEMI		;LINE NUMBER
002941 CD C2 35    7796   GOTO1:          CALL	TERMQ
002944 C2 6A 26    7797                   JP	NZ,SYNTAX
002947 D9          7798   GOTO2:          EXX
002948 CD CF 41    7799                   CALL	FINDL
00294B E5          7800                   PUSH	HL
00294C FD E1       7801                   POP	IY
00294E CA 0F 25    7802                   JP	Z,XEQ0
002951 3E 29       7803                   LD	A,41
002953 18 E1       7804                   JR	ERROR2ex		;"No such line"
002955             7805   ;
002955             7806   ;GOSUB line
002955             7807   ;
002955 CD E4 18    7808   GOSUB:          CALL	ITEMI		;LINE NUMBER
002958 FD E5       7809   GOSUB1:         PUSH	IY		;TEXT POINTER
00295A CD 12 33    7810                   CALL	CHECK		;CHECK ROOM
00295D CD 41 29    7811                   CALL	GOTO1		;SAVE MARKER
002960             7812   GOSCHK:         EQU	$
002960             7813   ;
002960             7814   ;RETURN
002960             7815   ;
002960 D1          7816   RETURN:         POP	DE		;MARKER
002961 21 60 29    7817                   LD	HL,GOSCHK
002964 B7          7818                   OR	A
002965 ED 52       7819                   SBC	HL,DE
002967 FD E1       7820                   POP	IY
002969 28 30       7821                   JR	Z,XEQGO2ex
00296B 3E 26       7822                   LD	A,38
00296D 18 C7       7823                   JR	ERROR2ex		;"No GOSUB"
00296F             7824   ;
00296F             7825   ;REPEAT
00296F             7826   ;
00296F FD E5       7827   REPEAT:         PUSH	IY
002971 CD 12 33    7828                   CALL	CHECK
002974 CD 24 25    7829                   CALL	XEQ
002977             7830   REPCHK:         EQU	$
002977             7831   ;
002977             7832   ;UNTIL expr
002977             7833   ;
002977 C1          7834   UNTIL:          POP	BC
002978 C5          7835                   PUSH	BC
002979 21 77 29    7836                   LD	HL,REPCHK
00297C B7          7837                   OR	A
00297D ED 42       7838                   SBC	HL,BC
00297F 28 0B       7839                   JR	Z,UNTIL1
002981 3E 03       7840                   LD	A,3
002983 CD BD 34    7841                   CALL	RESLOC
002986 20 EF       7842                   JR	NZ,UNTIL
002988 3E 2B       7843                   LD	A,43
00298A 18 AA       7844                   JR	ERROR2ex		;"Not in a REPEAT loop"
00298C             7845   ;
00298C CD B7 18    7846   UNTIL1:         CALL	EXPRI
00298F CD E4 1F    7847                   CALL	TEST
002992 C1          7848                   POP	BC
002993 D1          7849                   POP	DE
002994 20 05       7850                   JR	NZ,XEQGO2ex		;TRUE
002996 D5          7851                   PUSH	DE
002997 C5          7852                   PUSH	BC
002998 D5          7853                   PUSH	DE
002999 FD E1       7854                   POP	IY
00299B C3 24 25    7855   XEQGO2ex:         JP	XEQ
00299E             7856   ;
00299E             7857   ;FOR var = expr TO expr [STEP expr]
00299E             7858   ;
00299E CD 37 32    7859   FORex:            CALL	ASSIGN
0029A1 20 91       7860                   JR	NZ,FORVAR	;"FOR variable"
0029A3 F5          7861                   PUSH	AF		;SAVE TYPE
0029A4 FD 7E 00    7862                   LD	A,(IY)
0029A7 FE B8       7863                   CP	TTO
0029A9 3E 24       7864                   LD	A,36
0029AB 20 89       7865                   JR	NZ,ERROR2ex	;"No TO"
0029AD FD 23       7866                   INC	IY
0029AF DD E5       7867                   PUSH	IX
0029B1 CD B0 18    7868                   CALL	EXPRN		;LIMIT
0029B4 DD E1       7869                   POP	IX
0029B6 F1          7870                   POP	AF
0029B7 47          7871                   LD	B,A		;TYPE
0029B8 C5          7872                   PUSH	BC		;SAVE ON STACK
0029B9 E5          7873                   PUSH	HL
0029BA 21 00 00    7874                   LD	HL,0
0029BD 4C          7875                   LD	C,H
0029BE D9          7876                   EXX
0029BF E5          7877                   PUSH	HL
0029C0 21 01 00    7878                   LD	HL,1		;PRESET STEP
0029C3 D9          7879                   EXX
0029C4 FD 7E 00    7880                   LD	A,(IY)
0029C7 FE 88       7881                   CP	TSTEP
0029C9 20 09       7882                   JR	NZ,FOR1
0029CB FD 23       7883                   INC	IY
0029CD DD E5       7884                   PUSH	IX
0029CF CD B0 18    7885                   CALL	EXPRN		;STEP
0029D2 DD E1       7886                   POP	IX
0029D4 06 08       7887   FOR1:           LD	B,8		;FPP '>'
0029D6 CB 7C       7888                   BIT	7,H
0029D8 20 02       7889                   JR	NZ,FOR2		;STEP SIGN
0029DA 06 0C       7890                   LD	B,12		;FPP '<'
0029DC C5          7891   FOR2:           PUSH	BC
0029DD E5          7892                   PUSH	HL
0029DE D9          7893                   EXX
0029DF E5          7894                   PUSH	HL
0029E0 D9          7895                   EXX
0029E1 FD E5       7896                   PUSH	IY		;SAVE TEXT POINTER
0029E3 DD E5       7897                   PUSH	IX		;LOOP VARIABLE
0029E5 CD 12 33    7898                   CALL	CHECK
0029E8 CD 24 25    7899                   CALL	XEQ
0029EB             7900   FORCHK:         EQU	$
0029EB             7901   ;
0029EB             7902   ;NEXT [var[,var...]]
0029EB             7903   ;
0029EB C1          7904   NEXT:           POP	BC		;MARKER
0029EC 21 EB 29    7905                   LD	HL,FORCHK
0029EF B7          7906                   OR	A
0029F0 ED 42       7907                   SBC	HL,BC
0029F2 28 0C       7908                   JR	Z,NEXT2
0029F4 C5          7909                   PUSH	BC
0029F5 3E 03       7910                   LD	A,3
0029F7 CD BD 34    7911                   CALL	RESLOC
0029FA 20 EF       7912                   JR	NZ,NEXT
0029FC 3E 20       7913                   LD	A,32
0029FE 18 6A       7914                   JR	ERROR3ex		;"Not in a FOR loop"
002A00             7915   ;
002A00 CD C2 35    7916   NEXT2:          CALL	TERMQ
002A03 E1          7917                   POP	HL
002A04 E5          7918                   PUSH	HL
002A05 C5          7919                   PUSH	BC
002A06 E5          7920                   PUSH	HL
002A07 C4 6F 42    7921                   CALL	NZ,GETVAR	;VARIABLE
002A0A D1          7922                   POP	DE
002A0B EB          7923                   EX	DE,HL
002A0C B7          7924                   OR	A
002A0D ED 52       7925   NEXT0:          SBC	HL,DE
002A0F 20 47       7926                   JR	NZ,NEXT1
002A11 D5          7927                   PUSH	DE
002A12 DD 21 08 00 7928                   LD	IX,6+2
002A16 DD 39       7929                   ADD	IX,SP
002A18 CD 74 1A    7930                   CALL	DLOAD5		;STEP
002A1B DD 7E 0B    7931                   LD	A,(IX+11)	;TYPE
002A1E DD E1       7932                   POP	IX
002A20 CD A9 19    7933                   CALL	LOADN		;LOOP VARIABLE
002A23 F5          7934                   PUSH	AF
002A24 3E 0B       7935                   LD	A,'+' & 0FH
002A26 CD A1 45    7936                   CALL	FPP		;ADD STEP
002A29 38 3F       7937                   JR	C,ERROR3ex
002A2B F1          7938                   POP	AF		;RESTORE TYPE
002A2C CD 78 32    7939                   CALL	STOREN		;UPDATE VARIABLE
002A2F DD 21 0C 00 7940                   LD	IX,12
002A33 DD 39       7941                   ADD	IX,SP
002A35 CD 74 1A    7942                   CALL	DLOAD5		;LIMIT
002A38 DD 7E FF    7943                   LD	A,(IX-1)
002A3B CD A1 45    7944                   CALL	FPP		;TEST AGAINST LIMIT
002A3E 38 2A       7945                   JR	C,ERROR3ex
002A40 24          7946                   INC	H
002A41 20 0A       7947                   JR	NZ,LOOP		;KEEP LOOPING
002A43 21 12 00    7948                   LD	HL,18
002A46 39          7949                   ADD	HL,SP
002A47 F9          7950                   LD	SP,HL
002A48 CD 8C 45    7951                   CALL	NLIST
002A4B 18 9E       7952                   JR	NEXT
002A4D             7953   ;
002A4D C1          7954   LOOP:           POP	BC
002A4E D1          7955                   POP	DE
002A4F FD E1       7956                   POP	IY
002A51 FD E5       7957                   PUSH	IY
002A53 D5          7958                   PUSH	DE
002A54 C5          7959                   PUSH	BC
002A55 C3 24 25    7960                   JP	XEQ
002A58             7961   ;
002A58 21 12 00    7962   NEXT1:          LD	HL,18
002A5B 39          7963                   ADD	HL,SP
002A5C F9          7964                   LD	SP,HL		;"POP" THE STACK
002A5D C1          7965                   POP	BC
002A5E 21 EB 29    7966                   LD	HL,FORCHK
002A61 ED 42       7967                   SBC	HL,BC
002A63 E1          7968                   POP	HL		;VARIABLE POINTER
002A64 E5          7969                   PUSH	HL
002A65 C5          7970                   PUSH	BC
002A66 28 A5       7971                   JR	Z,NEXT0
002A68 3E 21       7972                   LD	A,33
002A6A C3 D0 3F    7973   ERROR3ex:         JP	ERROR_		;"Can't match FOR"
002A6D             7974   ;
002A6D             7975   ;FNname
002A6D             7976   ;N.B. ENTERED WITH A <> TON
002A6D             7977   ;
002A6D F5          7978   FN:             PUSH	AF		;MAKE SPACE ON STACK
002A6E CD 75 2A    7979                   CALL	PROC1
002A71             7980   FNCHK:          EQU	$
002A71             7981   ;
002A71             7982   ;PROCname
002A71             7983   ;N.B. ENTERED WITH A = ON PROC FLAG
002A71             7984   ;
002A71 F5          7985   PROC:           PUSH	AF		;MAKE SPACE ON STACK
002A72 CD 75 2A    7986                   CALL	PROC1
002A75             7987   PROCHK:         EQU	$
002A75 CD 12 33    7988   PROC1:          CALL	CHECK
002A78 FD 2B       7989                   DEC	IY
002A7A FD E5       7990                   PUSH	IY
002A7C CD 22 43    7991                   CALL	GETDEF
002A7F C1          7992                   POP	BC
002A80 28 39       7993                   JR	Z,PROC4
002A82 3E 1E       7994                   LD	A,30
002A84 38 E4       7995                   JR	C,ERROR3ex	;"Bad call"
002A86 C5          7996                   PUSH	BC
002A87 2A DC 55    7997                   LD	HL,(PAGE_)
002A8A 3E DD       7998   PROC2:          LD	A,TDEF
002A8C CD 87 36    7999                   CALL	SEARCHex		;LOOK FOR "DEF"
002A8F 38 21       8000                   JR	C,PROC3
002A91 E5          8001                   PUSH	HL
002A92 FD E1       8002                   POP	IY
002A94 FD 23       8003                   INC	IY		;SKIP DEF
002A96 CD 97 45    8004                   CALL	NXT
002A99 CD 22 43    8005                   CALL	GETDEF
002A9C FD E5       8006                   PUSH	IY
002A9E D1          8007                   POP	DE
002A9F 38 09       8008                   JR	C,PROC6
002AA1 C4 C8 43    8009                   CALL	NZ,CREATE
002AA4 FD E5       8010                   PUSH	IY
002AA6 D1          8011                   POP	DE
002AA7 73          8012                   LD	(HL),E
002AA8 23          8013                   INC	HL
002AA9 72          8014                   LD	(HL),D		;SAVE ADDRESS
002AAA EB          8015   PROC6:          EX	DE,HL
002AAB 3E 0D       8016                   LD	A,CR
002AAD 47          8017                   LD	B,A
002AAE ED B1       8018                   CPIR			;SKIP TO END OF LINE
002AB0 18 D8       8019                   JR	PROC2
002AB2 FD E1       8020   PROC3:          POP	IY		;RESTORE TEXT POINTER
002AB4 CD 22 43    8021                   CALL	GETDEF
002AB7 3E 1D       8022                   LD	A,29
002AB9 20 AF       8023                   JR	NZ,ERROR3ex	;"No such FN/PROC"
002ABB 5E          8024   PROC4:          LD	E,(HL)
002ABC 23          8025                   INC	HL
002ABD 56          8026                   LD	D,(HL)		;GET ADDRESS
002ABE 21 02 00    8027                   LD	HL,2
002AC1 39          8028                   ADD	HL,SP
002AC2 CD 97 45    8029                   CALL	NXT		;ALLOW SPACE BEFORE (
002AC5 D5          8030                   PUSH	DE		;EXCHANGE DE,IY
002AC6 FD E3       8031                   EX	(SP),IY
002AC8 D1          8032                   POP	DE
002AC9 FE 28       8033                   CP	'('		;ARGUMENTS?
002ACB C2 6F 2B    8034                   JP	NZ,PROC5
002ACE CD 97 45    8035                   CALL	NXT		;ALLOW SPACE BEFORE (
002AD1 FE 28       8036                   CP	'('
002AD3 C2 6A 26    8037                   JP	NZ,SYNTAX	;"Syntax error"
002AD6 FD E5       8038                   PUSH	IY
002AD8 C1          8039                   POP	BC		;SAVE IY IN BC
002AD9 D9          8040                   EXX
002ADA 08          8041                   EX	AF,AF'
002ADB AF          8042                   XOR	A		;INITIALISE RETURN COUNT
002ADC 08          8043                   EX	AF,AF'
002ADD CD 4A 35    8044                   CALL	SAVLOC		;SAVE DUMMY VARIABLES
002AE0 08          8045                   EX	AF,AF'
002AE1 B7          8046                   OR	A
002AE2 28 16       8047                   JR	Z,RETCHK	;NO RETURNS
002AE4 E5          8048                   PUSH	HL
002AE5 ED 44       8049                   NEG
002AE7 6F          8050                   LD	L,A
002AE8 ED 44       8051                   NEG
002AEA 26 FF       8052                   LD	H,-1		;HL = -RETURNS
002AEC 29          8053                   ADD	HL,HL
002AED 29          8054                   ADD	HL,HL
002AEE 29          8055                   ADD	HL,HL		;-RETURNS * 8
002AEF E3          8056                   EX	(SP),HL
002AF0 DD E1       8057                   POP	IX
002AF2 DD 39       8058                   ADD	IX,SP
002AF4 DD F9       8059                   LD	SP,IX
002AF6 F5          8060                   PUSH	AF		;PUSH RETURN COUNT
002AF7 CD FA 2A    8061                   CALL	RETCHK		;PUSH MARKER
002AFA 08          8062   RETCHK:         EX	AF,AF'
002AFB CD 39 21    8063                   CALL	BRAKET		;CLOSING BRACKET
002AFE D9          8064                   EXX
002AFF C5          8065                   PUSH	BC
002B00 FD E1       8066                   POP	IY		;RESTORE IY
002B02 E5          8067                   PUSH	HL
002B03 CD 59 33    8068                   CALL	ARGUE		;TRANSFER ARGUMENTS
002B06 E1          8069                   POP	HL
002B07             8070   ;
002B07             8071   ; If any of the dummy arguments is the same as a passed-by-reference
002B07             8072   ; variable, then it must not be restored on exit (it would overwrite
002B07             8073   ; the wanted returned values), therefore search the saved values on
002B07             8074   ; the stack and if a match is found set bit 4 of the type.  On exit
002B07             8075   ; from the FN/PROC this will prevent the dummies from being restored.
002B07             8076   ;
002B07 E3          8077                   EX	(SP),HL
002B08 B7          8078                   OR	A
002B09 01 FA 2A    8079                   LD	BC,RETCHK
002B0C ED 42       8080                   SBC	HL,BC
002B0E 09          8081                   ADD	HL,BC
002B0F E3          8082                   EX	(SP),HL
002B10 20 5D       8083                   JR	NZ,PROC5	;No RETURNs
002B12             8084   ;
002B12 D5          8085                   PUSH	DE
002B13 E5          8086                   PUSH	HL
002B14 21 07 00    8087                   LD	HL,7		;Skip two PUSHes and RETCHK
002B17 39          8088                   ADD	HL,SP
002B18 7E          8089                   LD	A,(HL)		;RETURN count
002B19 23          8090                   INC	HL
002B1A E5          8091                   PUSH	HL
002B1B DD E1       8092                   POP	IX		;Address RETURNs table
002B1D 5F          8093   PROC0:          LD	E,A
002B1E 16 00       8094                   LD	D,0
002B20 EB          8095                   EX	DE,HL
002B21 29          8096                   ADD	HL,HL
002B22 29          8097                   ADD	HL,HL
002B23 29          8098                   ADD	HL,HL
002B24 19          8099                   ADD	HL,DE		;HL addresses SAVLOC stack
002B25 23          8100                   INC	HL
002B26 23          8101                   INC	HL		;Bump past LOCCHK
002B27 5E          8102   PROC7:          LD	E,(HL)
002B28 23          8103                   INC	HL
002B29 56          8104                   LD	D,(HL)		;DE = SAVLOC VARPTR
002B2A 23          8105                   INC	HL
002B2B 4E          8106                   LD	C,(HL)		;Length (if string)
002B2C 23          8107                   INC	HL
002B2D 46          8108                   LD	B,(HL)		;Variable type
002B2E             8109   ;
002B2E             8110   ; Scan RETURNs table for VARPTR match
002B2E             8111   ;
002B2E C5          8112                   PUSH	BC		;Save type
002B2F E5          8113                   PUSH	HL
002B30 DD E5       8114                   PUSH	IX
002B32 47          8115                   LD	B,A		;B = RETURN count
002B33 DD 6E 04    8116   PROC8:          LD	L,(IX+4)
002B36 DD 66 05    8117                   LD	H,(IX+5)	;HL = RETURNed VARPTR
002B39 B7          8118                   OR	A
002B3A ED 52       8119                   SBC	HL,DE
002B3C 28 09       8120                   JR	Z,PROC9
002B3E EB          8121                   EX	DE,HL
002B3F 11 08 00    8122                   LD	DE,8
002B42 DD 19       8123                   ADD	IX,DE
002B44 EB          8124                   EX	DE,HL
002B45 10 EC       8125                   DJNZ	PROC8
002B47 DD E1       8126   PROC9:          POP	IX
002B49 E1          8127                   POP	HL
002B4A C1          8128                   POP	BC		;Restore type
002B4B             8129   ;
002B4B             8130   ; If match, set bit 4 of type:
002B4B             8131   ;
002B4B 20 02       8132                   JR	NZ,PROCA
002B4D CB E6       8133                   SET	4,(HL)		;Flag don't restore
002B4F             8134   ;
002B4F             8135   ; Increment past stacked data:
002B4F             8136   ;
002B4F 11 03 00    8137   PROCA:          LD	DE,3
002B52 CB 70       8138                   BIT	6,B
002B54 20 08       8139                   JR	NZ,PROCB	;Whole array
002B56 1E 05       8140                   LD	E,5
002B58 CB 78       8141                   BIT	7,B
002B5A 28 02       8142                   JR	Z,PROCB		;Numeric
002B5C 59          8143                   LD	E,C
002B5D 13          8144                   INC	DE
002B5E 19          8145   PROCB:          ADD	HL,DE
002B5F 4E          8146                   LD	C,(HL)
002B60 23          8147                   INC	HL
002B61 46          8148                   LD	B,(HL)
002B62 23          8149                   INC	HL		; BC = marker ?
002B63 EB          8150                   EX	DE,HL
002B64 21 B6 35    8151                   LD	HL,LOCCHK
002B67 B7          8152                   OR	A
002B68 ED 42       8153                   SBC	HL,BC
002B6A EB          8154                   EX	DE,HL
002B6B 28 BA       8155                   JR	Z,PROC7		;Another
002B6D E1          8156                   POP	HL
002B6E D1          8157                   POP	DE
002B6F             8158   ;
002B6F 73          8159   PROC5:          LD	(HL),E		;SAVE "RETURN ADDRESS"
002B70 23          8160                   INC	HL
002B71 7E          8161                   LD	A,(HL)
002B72 72          8162                   LD	(HL),D
002B73 FE EE       8163                   CP	TON		;WAS IT "ON PROC" ?
002B75 20 0C       8164                   JR	NZ,XEQGO
002B77 D5          8165                   PUSH	DE
002B78 FD E3       8166                   EX	(SP),IY
002B7A CD CE 35    8167                   CALL	SPAN		;SKIP REST OF ON LIST
002B7D FD E3       8168                   EX	(SP),IY
002B7F D1          8169                   POP	DE
002B80 72          8170                   LD	(HL),D
002B81 2B          8171                   DEC	HL
002B82 73          8172                   LD	(HL),E
002B83 C3 24 25    8173   XEQGO:          JP	XEQ
002B86             8174   ;
002B86 FD 23       8175   LOCERR:         INC	IY
002B88 18 F9       8176                   JR	XEQGO
002B8A             8177   ;
002B8A             8178   ;LOCAL DATA
002B8A             8179   ;
002B8A FD 23       8180   LOCDAT:         INC	IY
002B8C 2A F0 55    8181                   LD	HL,(DATPTR)
002B8F E5          8182                   PUSH	HL
002B90 3E 40       8183                   LD	A,40H
002B92 F5          8184                   PUSH	AF
002B93 21 F0 55    8185                   LD	HL,DATPTR
002B96 E5          8186                   PUSH	HL
002B97 21 B6 35    8187                   LD	HL,LOCCHK
002B9A E5          8188                   PUSH	HL
002B9B 18 E6       8189                   JR	XEQGO
002B9D             8190   ;
002B9D             8191   ;LOCAL var[,var...]
002B9D             8192   ;
002B9D FE 85       8193   LOCAL:          CP	TERROR
002B9F 28 E5       8194                   JR	Z,LOCERR
002BA1 FE DC       8195                   CP	TDATA
002BA3 28 E5       8196                   JR	Z,LOCDAT
002BA5 C1          8197                   POP	BC
002BA6 C5          8198                   PUSH	BC
002BA7 21 71 2A    8199                   LD	HL,FNCHK
002BAA B7          8200                   OR	A
002BAB ED 42       8201                   SBC	HL,BC
002BAD 28 23       8202                   JR	Z,LOCAL1
002BAF 21 75 2A    8203                   LD	HL,PROCHK
002BB2 B7          8204                   OR	A
002BB3 ED 42       8205                   SBC	HL,BC
002BB5 28 1B       8206                   JR	Z,LOCAL1
002BB7 21 B6 35    8207                   LD	HL,LOCCHK
002BBA B7          8208                   OR	A
002BBB ED 42       8209                   SBC	HL,BC
002BBD 28 13       8210                   JR	Z,LOCAL1
002BBF 21 66 27    8211                   LD	HL,ARRCHK
002BC2 B7          8212                   OR	A
002BC3 ED 42       8213                   SBC	HL,BC
002BC5 28 0B       8214                   JR	Z,LOCAL1
002BC7 21 FA 2A    8215                   LD	HL,RETCHK
002BCA B7          8216                   OR	A
002BCB ED 42       8217                   SBC	HL,BC
002BCD 3E 0C       8218                   LD	A,12
002BCF C2 D0 3F    8219                   JP	NZ,ERROR_	;"Not LOCAL"
002BD2 FD E5       8220   LOCAL1:         PUSH	IY
002BD4 C1          8221                   POP	BC
002BD5 D9          8222                   EXX
002BD6 FD 2B       8223                   DEC	IY
002BD8 CD 4A 35    8224                   CALL	SAVLOC
002BDB D9          8225                   EXX
002BDC C5          8226                   PUSH	BC
002BDD FD E1       8227                   POP	IY
002BDF CD 6F 42    8228   LOCAL2:         CALL	GETVAR
002BE2 C2 6A 26    8229                   JP	NZ,SYNTAX
002BE5 CB 77       8230                   BIT	6,A		;ARRAY?
002BE7 20 14       8231                   JR	NZ,LOCAL4
002BE9 B7          8232                   OR	A		;TYPE
002BEA 08          8233                   EX	AF,AF'
002BEB CD 83 20    8234                   CALL	ZERO
002BEE 08          8235                   EX	AF,AF'
002BEF F5          8236                   PUSH	AF
002BF0 F4 78 32    8237                   CALL	P,STOREN	;ZERO
002BF3 F1          8238                   POP	AF
002BF4 59          8239                   LD	E,C
002BF5 FC CD 32    8240                   CALL	M,STORES
002BF8 CD 8C 45    8241   LOCAL3:         CALL	NLIST
002BFB 18 E2       8242                   JR	LOCAL2
002BFD             8243   ;
002BFD DD 36 00 01 8244   LOCAL4:         LD	(IX+0),1	;FLAG LOCAL ARRAY
002C01 DD 36 01 00 8245                   LD	(IX+1),0
002C05 18 F1       8246                   JR	LOCAL3
002C07             8247   ;
002C07             8248   ;ENDPROC
002C07             8249   ;
002C07 C1          8250   ENDPRO:         POP	BC
002C08 21 75 2A    8251                   LD	HL,PROCHK	;PROC MARKER
002C0B AF          8252                   XOR	A
002C0C ED 42       8253                   SBC	HL,BC
002C0E 28 0B       8254                   JR	Z,ENDPR1
002C10 C5          8255                   PUSH	BC		;PUT BACK
002C11 CD BD 34    8256                   CALL	RESLOC
002C14 20 F1       8257                   JR	NZ,ENDPRO
002C16 3E 0D       8258                   LD	A,13
002C18 C3 D0 3F    8259                   JP	ERROR_		;"No PROC"
002C1B             8260   ;
002C1B FD E1       8261   ENDPR1:         POP	IY
002C1D C3 24 25    8262   XEQGO6:         JP	XEQ
002C20             8263   ;
002C20             8264   ;INPUT #channel,var,var...
002C20             8265   ;
002C20 CD 67 37    8266   INPUTN:         CALL	CHNL		;E = CHANNEL NUMBER
002C23 CD 8C 45    8267   INPN1:          CALL	NLIST
002C26 D5          8268                   PUSH	DE
002C27 CD 60 26    8269                   CALL	VAR_
002C2A D1          8270                   POP	DE
002C2B F5          8271                   PUSH	AF		;SAVE TYPE
002C2C E5          8272                   PUSH	HL		;VARPTR
002C2D B7          8273                   OR	A
002C2E FA 53 2C    8274                   JP	M,INPN2		;STRING
002C31 CD 5D 06    8275                   CALL	OSBGET
002C34 D9          8276                   EXX
002C35 6F          8277                   LD	L,A
002C36 D9          8278                   EXX
002C37 CD 5D 06    8279                   CALL	OSBGET
002C3A D9          8280                   EXX
002C3B 67          8281                   LD	H,A
002C3C D9          8282                   EXX
002C3D CD 5D 06    8283                   CALL	OSBGET
002C40 6F          8284                   LD	L,A
002C41 CD 5D 06    8285                   CALL	OSBGET
002C44 67          8286                   LD	H,A
002C45 CD 5D 06    8287                   CALL	OSBGET
002C48 4F          8288                   LD	C,A
002C49 DD E1       8289                   POP	IX
002C4B F1          8290                   POP	AF		;RESTORE TYPE
002C4C D5          8291                   PUSH	DE		;SAVE CHANNEL
002C4D CD 78 32    8292                   CALL	STOREN
002C50 D1          8293                   POP	DE
002C51 18 D0       8294                   JR	INPN1
002C53 21 00 53    8295   INPN2:          LD	HL,ACCS
002C56 CD 5D 06    8296   INPN3:          CALL	OSBGET
002C59 FE 0D       8297                   CP	CR
002C5B 28 04       8298                   JR	Z,INPN4
002C5D 77          8299                   LD	(HL),A
002C5E 2C          8300                   INC	L
002C5F 20 F5       8301                   JR	NZ,INPN3
002C61 DD E1       8302   INPN4:          POP	IX
002C63 F1          8303                   POP	AF
002C64 D5          8304                   PUSH	DE
002C65 EB          8305                   EX	DE,HL
002C66 CD CA 32    8306                   CALL	STACCS
002C69 D1          8307                   POP	DE
002C6A 18 B7       8308                   JR	INPN1
002C6C             8309   ;
002C6C             8310   ;INPUT ['][SPC(x)][TAB(x[,y])]["prompt",]var[,var...]
002C6C             8311   ;INPUT LINE [SPC(x)][TAB(x[,y])]["prompt",]var[,var...]
002C6C             8312   ;
002C6C FE 23       8313   INPUT:          CP	'#'
002C6E 28 B0       8314                   JR	Z,INPUTN
002C70 0E 00       8315                   LD	C,0		;FLAG PROMPT
002C72 FE 86       8316                   CP	TLINE
002C74 20 04       8317                   JR	NZ,INPUT0
002C76 FD 23       8318                   INC	IY		;SKIP "LINE"
002C78 0E 80       8319                   LD	C,80H
002C7A 21 00 54    8320   INPUT0:         LD	HL,BUFFER
002C7D 36 0D       8321                   LD	(HL),CR		;INITIALISE EMPTY
002C7F CD C2 35    8322   INPUT1:         CALL	TERMQ
002C82 28 99       8323                   JR	Z,XEQGO6	;DONE
002C84 FD 23       8324                   INC	IY
002C86 FE 2C       8325                   CP	','
002C88 28 51       8326                   JR	Z,INPUT3	;SKIP COMMA
002C8A FE 3B       8327                   CP	';'
002C8C 28 4D       8328                   JR	Z,INPUT3
002C8E E5          8329                   PUSH	HL		;SAVE BUFFER POINTER
002C8F FE 22       8330                   CP	'"'
002C91 20 0A       8331                   JR	NZ,INPUT6
002C93 C5          8332                   PUSH	BC
002C94 CD FE 19    8333                   CALL	CONS
002C97 C1          8334                   POP	BC
002C98 CD 3D 36    8335                   CALL	PTEXT		;PRINT PROMPT
002C9B 18 05       8336                   JR	INPUT9
002C9D CD E8 35    8337   INPUT6:         CALL	FORMAT		;SPC, TAB, '
002CA0 20 05       8338                   JR	NZ,INPUT2
002CA2 E1          8339   INPUT9:         POP	HL
002CA3 CB C1       8340                   SET	0,C		;FLAG NO PROMPT
002CA5 18 D3       8341                   JR	INPUT0
002CA7 FD 2B       8342   INPUT2:         DEC	IY
002CA9 C5          8343                   PUSH	BC
002CAA CD 60 26    8344                   CALL	VAR_
002CAD C1          8345                   POP	BC
002CAE E1          8346                   POP	HL
002CAF F5          8347                   PUSH	AF		;SAVE TYPE
002CB0 7E          8348                   LD	A,(HL)
002CB1 23          8349                   INC	HL
002CB2 FE 0D       8350                   CP	CR		;BUFFER EMPTY?
002CB4 CC DF 2C    8351                   CALL	Z,REFILL
002CB7 CB 79       8352                   BIT	7,C
002CB9 F5          8353                   PUSH	AF
002CBA C4 5B 36    8354                   CALL	NZ,LINES
002CBD F1          8355                   POP	AF
002CBE CC 4A 36    8356                   CALL	Z,FETCHS
002CC1 F1          8357                   POP	AF		;RESTORE TYPE
002CC2 C5          8358                   PUSH	BC
002CC3 E5          8359                   PUSH	HL
002CC4 B7          8360                   OR	A
002CC5 FA D6 2C    8361                   JP	M,INPUT4	;STRING
002CC8 F5          8362                   PUSH	AF
002CC9 DD E5       8363                   PUSH	IX
002CCB CD AA 1C    8364                   CALL	VAL0
002CCE DD E1       8365                   POP	IX
002CD0 F1          8366                   POP	AF
002CD1 CD 78 32    8367                   CALL	STOREN
002CD4 18 03       8368                   JR	INPUT5
002CD6 CD CA 32    8369   INPUT4:         CALL	STACCS
002CD9 E1          8370   INPUT5:         POP	HL
002CDA C1          8371                   POP	BC
002CDB CB 81       8372   INPUT3:         RES	0,C
002CDD 18 A0       8373                   JR	INPUT1
002CDF             8374   ;
002CDF CB 41       8375   REFILL:         BIT	0,C
002CE1 20 0A       8376                   JR	NZ,REFIL0	;NO PROMPT
002CE3 3E 3F       8377                   LD	A,'?'
002CE5 CD 8E 41    8378                   CALL	OUTCHR		;PROMPT
002CE8 3E 20       8379                   LD	A,' '
002CEA CD 8E 41    8380                   CALL	OUTCHR
002CED 21 00 54    8381   REFIL0:         LD	HL,BUFFER
002CF0 C5          8382                   PUSH	BC
002CF1 E5          8383                   PUSH	HL
002CF2 DD E5       8384                   PUSH	IX
002CF4 CD E9 05    8385                   CALL	OSLINE
002CF7 DD E1       8386                   POP	IX
002CF9 E1          8387                   POP	HL
002CFA C1          8388                   POP	BC
002CFB 47          8389                   LD	B,A		;POS AT ENTRY
002CFC AF          8390                   XOR	A
002CFD 32 FB 55    8391                   LD	(COUNT),A
002D00 B8          8392                   CP	B
002D01 C8          8393                   RET	Z
002D02 7E          8394   REFIL1:         LD	A,(HL)
002D03 FE 0D       8395                   CP	CR
002D05 C8          8396                   RET	Z
002D06 23          8397                   INC	HL
002D07 10 F9       8398                   DJNZ	REFIL1
002D09 C9          8399                   RET
002D0A             8400   ;
002D0A             8401   ;READ var[,var...]
002D0A             8402   ;
002D0A FE 23       8403   READ:           CP	'#'
002D0C CA 20 2C    8404                   JP	Z,INPUTN
002D0F 2A F0 55    8405                   LD	HL,(DATPTR)
002D12 7E          8406   READ0:          LD	A,(HL)
002D13 FE 3A       8407                   CP	':'
002D15 CC 02 2D    8408                   CALL	Z,REFIL1
002D18 23          8409                   INC	HL		;SKIP COMMA | "DATA"
002D19 FE 0D       8410                   CP	CR		;END OF DATA STMT?
002D1B CC 4A 2D    8411                   CALL	Z,GETDAT
002D1E E5          8412                   PUSH	HL
002D1F CD 60 26    8413                   CALL	VAR_
002D22 E1          8414                   POP	HL
002D23 B7          8415                   OR	A
002D24 FA 3A 2D    8416                   JP	M,READ1		;STRING
002D27 E5          8417                   PUSH	HL
002D28 FD E3       8418                   EX	(SP),IY
002D2A F5          8419                   PUSH	AF		;SAVE TYPE
002D2B DD E5       8420                   PUSH	IX
002D2D CD B0 18    8421                   CALL	EXPRN
002D30 DD E1       8422                   POP	IX
002D32 F1          8423                   POP	AF
002D33 CD 78 32    8424                   CALL	STOREN
002D36 FD E3       8425                   EX	(SP),IY
002D38 18 07       8426                   JR	READ2
002D3A CD 4A 36    8427   READ1:          CALL	FETCHS
002D3D E5          8428                   PUSH	HL
002D3E CD CA 32    8429                   CALL	STACCS
002D41 E1          8430   READ2:          POP	HL
002D42 22 F0 55    8431                   LD	(DATPTR),HL
002D45 CD 8C 45    8432                   CALL	NLIST
002D48 18 C8       8433                   JR	READ0
002D4A             8434   ;
002D4A CD 85 36    8435   GETDAT:         CALL	DSRCH
002D4D 23          8436                   INC	HL
002D4E D0          8437                   RET	NC
002D4F 3E 2A       8438                   LD	A,42
002D51 18 64       8439                   JR	ERROR4ex		;"Out of DATA"
002D53             8440   ;
002D53             8441   ;IF expr statement
002D53             8442   ;IF expr THEN statement [ELSE statement]
002D53             8443   ;IF expr THEN line [ELSE line]
002D53             8444   ;IF expr THEN
002D53             8445   ;
002D53 CD B7 18    8446   IF_:            CALL	EXPRI
002D56 CD E4 1F    8447                   CALL	TEST
002D59 28 2A       8448                   JR	Z,IFNOT		;FALSE
002D5B FD 7E 00    8449                   LD	A,(IY)
002D5E FE 8C       8450                   CP	TTHEN
002D60 C2 24 25    8451                   JP	NZ,XEQ
002D63 FD 23       8452   IF0:            INC	IY		;SKIP "THEN"
002D65 FD 7E 00    8453                   LD	A,(IY)
002D68 FE 3B       8454                   CP	';'
002D6A 28 F7       8455                   JR	Z,IF0
002D6C CD 97 45    8456   IF1:            CALL	NXT
002D6F FE 8D       8457                   CP	TLINO
002D71 C2 24 25    8458                   JP	NZ,XEQ		;STATEMENT FOLLOWS
002D74 C3 3E 29    8459                   JP	GOTO		;LINE NO. FOLLOWS
002D77             8460   ;
002D77 FD 7E 00    8461   IFELSE:         LD	A,(IY)
002D7A FD 23       8462                   INC	IY
002D7C FE 3B       8463                   CP	';'
002D7E 20 0A       8464                   JR	NZ,IFNEXT
002D80 18 1E       8465                   JR	IFTHEN
002D82             8466   ;
002D82 CD 25 37    8467   IF2:            CALL	QUOTE		;SKIP STRING
002D85 FD 7E 00    8468   IFNOT:          LD	A,(IY)
002D88 FD 23       8469                   INC	IY
002D8A FE 22       8470   IFNEXT:         CP	'"'
002D8C 28 F4       8471                   JR	Z,IF2		;QUOTED STRING
002D8E FE F4       8472                   CP	TREM
002D90 CA BC 25    8473                   JP	Z,REM		;REM
002D93 FE 0D       8474                   CP	CR
002D95 CA 0F 25    8475                   JP	Z,XEQ0		;END OF LINE
002D98 FE 8B       8476                   CP	TELSE
002D9A 28 D0       8477                   JR	Z,IF1		;ELSE CLAUSE
002D9C FE 8C       8478                   CP	TTHEN
002D9E 20 E5       8479                   JR	NZ,IFNOT	;TRY FOR END AGAIN
002DA0 FD 7E 00    8480   IFTHEN:         LD	A,(IY)
002DA3 FE 0D       8481                   CP	CR
002DA5 20 D0       8482                   JR	NZ,IFELSE
002DA7 01 8B 00    8483                   LD	BC,TELSE
002DAA 11 8C CD    8484                   LD	DE,TENDIF*256+TTHEN
002DAD FD 23       8485                   INC	IY
002DAF CD 9D 36    8486                   CALL	NSCAN
002DB2 CA 2B 25    8487                   JP	Z,XEQ1
002DB5 3E 31       8488   NENDIF:         LD	A,49
002DB7 C3 D0 3F    8489   ERROR4ex:         JP	ERROR_		;"Missing ENDIF"
002DBA             8490   ;
002DBA             8491   ; ELSE (multi-line)
002DBA             8492   ;
002DBA 01 FD FF    8493   MELSE:          LD	BC,-3
002DBD FD 09       8494                   ADD	IY,BC
002DBF 01 CD 00    8495                   LD	BC,TENDIF
002DC2 11 8C CD    8496                   LD	DE,TENDIF*256+TTHEN
002DC5 CD 9D 36    8497                   CALL	NSCAN
002DC8 20 EB       8498                   JR	NZ,NENDIF
002DCA C3 24 25    8499   XEQGO7:         JP	XEQ
002DCD             8500   ;
002DCD             8501   ; WHEN and OTHERWISE:
002DCD             8502   ;
002DCD 01 FD FF    8503   WHEN:           LD	BC,-3
002DD0 FD 09       8504                   ADD	IY,BC
002DD2 01 CB 00    8505                   LD	BC,TENDCASE
002DD5 11 CA CB    8506                   LD	DE,TENDCASE*256+TOF
002DD8 CD 9D 36    8507                   CALL	NSCAN
002DDB 28 ED       8508                   JR	Z,XEQGO7
002DDD 3E 2F       8509                   LD	A,47
002DDF 18 D6       8510                   JR	ERROR4ex		;"Missing ENDCASE"
002DE1             8511   ;
002DE1             8512   ; CASE
002DE1             8513   ;
002DE1 CD 86 17    8514   CASE:           CALL	EXPR		;String or numeric
002DE4 08          8515                   EX	AF,AF'
002DE5 06 00       8516                   LD	B,0		;Flag numeric
002DE7 F2 F0 2D    8517                   JP	P,CASE6		;numeric
002DEA CD A4 20    8518                   CALL	PUSHS		;put string on stack
002DED C1          8519                   POP	BC		;C = length
002DEE 06 01       8520                   LD	B,1		;Flag string
002DF0 FD 7E 00    8521   CASE6:          LD	A,(IY)
002DF3 FD 23       8522                   INC	IY
002DF5 FE CA       8523                   CP	TOF
002DF7 3E 25       8524                   LD	A,37
002DF9 20 BC       8525                   JR	NZ,ERROR4ex	;"Missing OF"
002DFB FD 7E 00    8526                   LD	A,(IY)
002DFE FD 23       8527                   INC	IY		;Address line-length byte
002E00 FE 0D       8528                   CP	CR
002E02 3E 30       8529                   LD	A,48
002E04 20 B1       8530                   JR	NZ,ERROR4ex	;"OF not last"
002E06 AF          8531   CASE1:          XOR	A		;Level
002E07 D9          8532   CASE0:          EXX
002E08 E5          8533                   PUSH	HL		;Push to stack
002E09 D9          8534                   EXX
002E0A E5          8535                   PUSH	HL
002E0B C5          8536                   PUSH	BC
002E0C 6F          8537                   LD	L,A		;Level
002E0D 01 C9 CC    8538                   LD	BC,TOTHERWISE*256+TWHEN
002E10 11 CA CB    8539                   LD	DE,TENDCASE*256+TOF
002E13 CD 9F 36    8540                   CALL	NSCAN1
002E16 C1          8541                   POP	BC		;Restore from stack
002E17 E1          8542                   POP	HL
002E18 D9          8543                   EXX
002E19 E1          8544                   POP	HL
002E1A D9          8545                   EXX
002E1B 3E 2F       8546                   LD	A,47
002E1D C2 D0 3F    8547                   JP	NZ,ERROR_	;Missing ENDCASE
002E20 FD 7E FF    8548                   LD	A,(IY-1)
002E23 FE CB       8549                   CP	TENDCASE
002E25 28 56       8550                   JR	Z,CASE9
002E27 FE CC       8551                   CP	TOTHERWISE
002E29 28 52       8552                   JR	Z,CASE9
002E2B CB 40       8553   CASE4:          BIT	0,B		;Numeric or string?
002E2D 20 69       8554                   JR	NZ,CASE3
002E2F C5          8555                   PUSH	BC		;Type/exponent/length
002E30 E5          8556                   PUSH	HL		;MS 32 bits
002E31 D9          8557                   EXX
002E32 E5          8558                   PUSH	HL		;LS 32 bits
002E33 D9          8559                   EXX
002E34 CD B0 18    8560                   CALL	EXPRN
002E37 DD 21 00 00 8561                   LD	IX,0
002E3B DD 39       8562                   ADD	IX,SP		;Address stack
002E3D D9          8563                   EXX
002E3E DD 5E 00    8564                   LD	E,(IX+0)	;Get LS 32-bits
002E41 DD 56 01    8565                   LD	D,(IX+1)
002E44 D9          8566                   EXX
002E45 DD 5E 02    8567                   LD	E,(IX+2)
002E48 DD 56 03    8568                   LD	D,(IX+3)	;Get MS 32-bits
002E4B DD 46 04    8569                   LD	B,(IX+4)	;Get exponent
002E4E 3E 09       8570                   LD	A,9
002E50 CD A1 45    8571                   CALL	FPP		;In case integer vs float
002E53 7D          8572                   LD	A,L
002E54 B7          8573                   OR	A		;NZ if equal
002E55 D9          8574                   EXX
002E56 E1          8575                   POP	HL
002E57 D9          8576                   EXX
002E58 E1          8577                   POP	HL
002E59 C1          8578                   POP	BC
002E5A 20 2C       8579                   JR	NZ,CASE5	;Match found
002E5C FD 7E 00    8580   CASE2:          LD	A,(IY)
002E5F FD 23       8581                   INC	IY
002E61 FE 2C       8582                   CP	','
002E63 28 C6       8583                   JR	Z,CASE4		;Not found, try another
002E65 D9          8584                   EXX
002E66 FD E5       8585                   PUSH	IY
002E68 E3          8586                   EX	(SP),HL
002E69 3E 0D       8587                   LD	A,CR
002E6B 47          8588                   LD	B,A
002E6C ED B1       8589                   CPIR			;Find CR
002E6E E3          8590                   EX	(SP),HL
002E6F FD E1       8591                   POP	IY
002E71 D9          8592                   EXX
002E72 FD 7E FE    8593                   LD	A,(IY-2)	;Last token in previous line
002E75 FE CA       8594                   CP	TOF		;CASE statement in WHEN line
002E77 20 8D       8595                   JR	NZ,CASE1
002E79 3E 01       8596                   LD	A,1
002E7B 18 8A       8597                   JR	CASE0
002E7D             8598   ;
002E7D             8599   ;Finished, level stack if string:
002E7D             8600   ;
002E7D CB 40       8601   CASE9:          BIT	0,B
002E7F 28 49       8602                   JR	Z,XEQGO5
002E81 26 00       8603                   LD	H,0
002E83 69          8604                   LD	L,C
002E84 39          8605                   ADD	HL,SP
002E85 F9          8606                   LD	SP,HL
002E86 18 42       8607                   JR	XEQGO5
002E88             8608   ;
002E88             8609   ;Matched, so skip any more expressions:
002E88             8610   ;
002E88 CD 97 45    8611   CASE5:          CALL	NXT
002E8B FE 2C       8612                   CP	','
002E8D 20 EE       8613                   JR	NZ,CASE9	;End of list
002E8F FD 23       8614                   INC	IY
002E91 C5          8615                   PUSH	BC		;Save type and string length
002E92 CD 86 17    8616                   CALL	EXPR		;Evaluate but discard
002E95 C1          8617                   POP	BC
002E96 18 F0       8618                   JR	CASE5
002E98             8619   ;
002E98             8620   ;String compare:
002E98             8621   ;
002E98 C5          8622   CASE3:          PUSH	BC
002E99 CD C0 18    8623                   CALL	EXPRS
002E9C C1          8624                   POP	BC
002E9D 21 00 00    8625                   LD	HL,0
002EA0 39          8626                   ADD	HL,SP
002EA1 43          8627                   LD	B,E
002EA2 11 00 53    8628                   LD	DE,ACCS
002EA5 C5          8629                   PUSH	BC
002EA6 CD 80 20    8630                   CALL	SCP		;String compare
002EA9 C1          8631                   POP	BC
002EAA 06 01       8632                   LD	B,1
002EAC 20 AE       8633                   JR	NZ,CASE2
002EAE 18 D8       8634                   JR	CASE5
002EB0             8635   ;
002EB0             8636   ; WHILE
002EB0             8637   ;
002EB0 FD E5       8638   WHILE:          PUSH	IY		;Save current position
002EB2 CD 12 33    8639                   CALL	CHECK
002EB5 CD B8 2E    8640                   CALL	WHICHK		;Push marker
002EB8 CD B7 18    8641   WHICHK:         CALL	EXPRI
002EBB CD E4 1F    8642                   CALL	TEST
002EBE 20 0A       8643                   JR	NZ,XEQGO5
002EC0 C1          8644                   POP	BC		;Pop marker
002EC1 C1          8645                   POP	BC		;Level stack
002EC2 01 C7 CE    8646                   LD	BC,TWHILE+[TENDWHILE*256]
002EC5 16 01       8647                   LD	D,1
002EC7 CD DC 36    8648                   CALL	WSRCH
002ECA C3 24 25    8649   XEQGO5:         JP	XEQ
002ECD             8650   ;
002ECD             8651   ; ENDWHILE
002ECD             8652   ;
002ECD C1          8653   ENDWHI:         POP	BC		;Marker
002ECE D1          8654                   POP	DE		;Saved text pointer
002ECF D5          8655                   PUSH	DE
002ED0 C5          8656                   PUSH	BC
002ED1 B7          8657                   OR	A
002ED2 21 B8 2E    8658                   LD	HL,WHICHK
002ED5 ED 42       8659                   SBC	HL,BC
002ED7 28 0B       8660                   JR	Z,ENDWH1
002ED9 3E 03       8661                   LD	A,3
002EDB CD BD 34    8662                   CALL	RESLOC
002EDE 20 ED       8663                   JR	NZ,ENDWHI
002EE0 3E 2E       8664                   LD	A,46
002EE2 18 52       8665                   JR	ERROR5		;"Not in a WHILE loop"
002EE4             8666   ;
002EE4 FD E5       8667   ENDWH1:         PUSH	IY
002EE6 FD 21 00 00 8668                   LD	IY,0
002EEA FD 19       8669                   ADD	IY,DE
002EEC CD B7 18    8670                   CALL	EXPRI
002EEF CD E4 1F    8671                   CALL	TEST
002EF2 D1          8672                   POP	DE		;Text pointer
002EF3 20 D5       8673                   JR	NZ,XEQGO5
002EF5 C1          8674                   POP	BC		;Junk marker
002EF6 C1          8675                   POP	BC		;Junk pointer
002EF7 FD 21 00 00 8676                   LD	IY,0
002EFB FD 19       8677                   ADD	IY,DE
002EFD 18 CB       8678                   JR	XEQGO5
002EFF             8679   ;
002EFF             8680   ;CLS
002EFF             8681   ;
002EFF CD 10 0E    8682   CLS:            CALL	CLRSCN
002F02 AF          8683                   XOR	A
002F03 32 FB 55    8684                   LD	(COUNT),A
002F06 18 C2       8685                   JR	XEQGO5
002F08             8686   ;
002F08             8687   ;STOP
002F08             8688   ;
002F08 CD 86 45    8689   STOP:           CALL	TELL
002F0B 0D          8690                   DB	CR
002F0C 0A          8691                   DB	LF
002F0D FA          8692                   DB	TSTOP
002F0E 00          8693                   DB	0
002F0F CD E7 41    8694                   CALL	SETLIN		;FIND CURRENT LINE
002F12 CD 0E 42    8695                   CALL	SAYLN
002F15 CD 87 41    8696                   CALL	CRLF
002F18 C3 3C 38    8697                   JP	CLOOP
002F1B             8698   ;
002F1B             8699   ;REPORT
002F1B             8700   ;
002F1B CD 71 45    8701   REPOR:          CALL	REPORT
002F1E 18 AA       8702                   JR	XEQGO5
002F20             8703   ;
002F20             8704   ;CLEAR
002F20             8705   ;
002F20 CD CF 40    8706   CLR:            CALL	CLEAR
002F23 2A DC 55    8707                   LD	HL,(PAGE_)
002F26 18 3B       8708                   JR	RESTR1
002F28             8709   ;
002F28             8710   ;RESTORE DATA / ERROR / LOCAL
002F28             8711   ;
002F28 FD 23       8712   RESDEL:         INC	IY		;Skip DATA / ERROR / LOCAL
002F2A 79          8713                   LD	A,C		;Save error code
002F2B 08          8714                   EX	AF,AF'
002F2C 78          8715                   LD	A,B		;1=DATA, 2=ERROR, 0=LOCAL
002F2D CD BD 34    8716                   CALL	RESLOC
002F30 20 98       8717                   JR	NZ,XEQGO5
002F32 08          8718                   EX	AF,AF'		;Get error code
002F33 21          8719                   DB	21H
002F34 3E 29       8720   NOLINE:         LD	A,41		;'No such line'
002F36 C3 D0 3F    8721   ERROR5:         JP	ERROR_
002F39             8722   ;
002F39             8723   ;RESTORE [line | +n | DATA | ERROR | LOCAL]
002F39             8724   ;
002F39 FE 85       8725   RESTOR:         CP	TERROR
002F3B 01 35 02    8726                   LD	BC,200H + 53	;'ON ERROR not LOCAL'
002F3E 28 E8       8727                   JR	Z,RESDEL
002F40 FE DC       8728                   CP	TDATA
002F42 01 36 01    8729                   LD	BC,100H + 54	;'DATA not LOCAL'
002F45 28 E1       8730                   JR	Z,RESDEL
002F47 FE EA       8731                   CP	TLOCAL
002F49 01 0C 00    8732                   LD	BC,12		;'Not in a FN or PROC'
002F4C 28 DA       8733                   JR	Z,RESDEL
002F4E FE 2B       8734                   CP	'+'
002F50 28 1A       8735                   JR	Z,RESREL
002F52 2A DC 55    8736                   LD	HL,(PAGE_)
002F55 CD C2 35    8737                   CALL	TERMQ
002F58 28 09       8738                   JR	Z,RESTR1
002F5A CD E4 18    8739                   CALL	ITEMI
002F5D D9          8740                   EXX
002F5E CD CF 41    8741                   CALL	FINDL		;SEARCH FOR LINE
002F61 20 D1       8742                   JR	NZ,NOLINE
002F63 CD 85 36    8743   RESTR1:         CALL	DSRCH
002F66 22 F0 55    8744                   LD	(DATPTR),HL
002F69 C3 24 25    8745                   JP	XEQ
002F6C             8746   ;
002F6C CD B7 18    8747   RESREL:         CALL	EXPRI
002F6F D9          8748                   EXX
002F70 EB          8749                   EX	DE,HL
002F71 FD E5       8750                   PUSH	IY
002F73 E1          8751                   POP	HL
002F74 3E 0D       8752                   LD	A,CR
002F76 47          8753                   LD	B,A
002F77 ED B1       8754                   CPIR			;FIND LINE END
002F79 1D          8755                   DEC	E
002F7A 28 E7       8756                   JR	Z,RESTR1
002F7C FA 63 2F    8757                   JP	M,RESTR1
002F7F AF          8758                   XOR	A
002F80 47          8759                   LD	B,A
002F81 4E          8760   RESTR2:         LD	C,(HL)
002F82 B9          8761                   CP	C
002F83 28 AF       8762                   JR	Z,NOLINE
002F85 09          8763                   ADD	HL,BC
002F86 1D          8764                   DEC	E
002F87 20 F8       8765                   JR	NZ,RESTR2
002F89 18 D8       8766                   JR	RESTR1
002F8B             8767   ;
002F8B             8768   ;PTR#channel=expr
002F8B             8769   ;PAGE=expr
002F8B             8770   ;TIME=expr
002F8B             8771   ;LOMEM=expr
002F8B             8772   ;HIMEM=expr
002F8B             8773   ;
002F8B CD 5D 37    8774   PTR:            CALL	CHANEL
002F8E CD DB 35    8775                   CALL	EQUALS
002F91 7B          8776                   LD	A,E
002F92 F5          8777                   PUSH	AF
002F93 CD B7 18    8778                   CALL	EXPRI
002F96 E5          8779                   PUSH	HL
002F97 D9          8780                   EXX
002F98 D1          8781                   POP	DE
002F99 F1          8782                   POP	AF
002F9A CD 97 06    8783                   CALL	PUTPTR
002F9D 18 61       8784                   JR	XEQGO1ex
002F9F             8785   ;
002F9F CD DB 35    8786   PAGEV:          CALL	EQUALS
002FA2 CD B7 18    8787                   CALL	EXPRI
002FA5 D9          8788                   EXX
002FA6 2E 00       8789                   LD	L,0
002FA8 22 DC 55    8790                   LD	(PAGE_),HL
002FAB 18 53       8791                   JR	XEQGO1ex
002FAD             8792   ;
002FAD FE 24       8793   TIMEV:          CP	'$'
002FAF 28 0E       8794                   JR	Z,TIMEVS
002FB1 CD DB 35    8795                   CALL	EQUALS
002FB4 CD B7 18    8796                   CALL	EXPRI
002FB7 E5          8797                   PUSH	HL
002FB8 D9          8798                   EXX
002FB9 D1          8799                   POP	DE
002FBA CD DB 0D    8800                   CALL	PUTIME
002FBD 18 41       8801                   JR	XEQGO1ex
002FBF             8802   ;
002FBF FD 23       8803   TIMEVS:         INC	IY		;SKIP '$'
002FC1 CD DB 35    8804                   CALL	EQUALS
002FC4 CD C0 18    8805                   CALL	EXPRS
002FC7 CD F8 0D    8806                   CALL	PUTIMS
002FCA 18 34       8807                   JR	XEQGO1ex
002FCC             8808   ;
002FCC CD DB 35    8809   LOMEMV:         CALL	EQUALS
002FCF CD B7 18    8810                   CALL	EXPRI
002FD2 CD CF 40    8811                   CALL	CLEAR
002FD5 D9          8812                   EXX
002FD6 22 DE 55    8813                   LD	(LOMEM),HL
002FD9 22 E0 55    8814                   LD	(FREE),HL
002FDC 18 22       8815                   JR	XEQGO1ex
002FDE             8816   ;
002FDE CD DB 35    8817   HIMEMV:         CALL	EQUALS
002FE1 CD B7 18    8818                   CALL	EXPRI
002FE4 D9          8819                   EXX
002FE5 ED 5B E0 55 8820                   LD	DE,(FREE)
002FE9 14          8821                   INC	D
002FEA AF          8822                   XOR	A
002FEB ED 52       8823                   SBC	HL,DE
002FED 19          8824                   ADD	HL,DE
002FEE DA D0 3F    8825                   JP	C,ERROR_		;"No room"
002FF1 ED 5B E2 55 8826                   LD	DE,(HIMEM)
002FF5 22 E2 55    8827                   LD	(HIMEM),HL
002FF8 EB          8828                   EX	DE,HL
002FF9 ED 72       8829                   SBC	HL,SP
002FFB C2 24 25    8830                   JP	NZ,XEQ
002FFE EB          8831                   EX	DE,HL
002FFF F9          8832                   LD	SP,HL		;LOAD STACK POINTER
003000 C3 24 25    8833   XEQGO1ex:         JP	XEQ
003003             8834   ;
003003             8835   ;WIDTH expr
003003             8836   ;
003003 CD B7 18    8837   WIDTHV:         CALL	EXPRI
003006 D9          8838                   EXX
003007 7D          8839                   LD	A,L
003008 32 FC 55    8840                   LD	(WIDTH),A
00300B 18 F3       8841                   JR	XEQGO1ex
00300D             8842   ;
00300D             8843   ;TRACE ON
00300D             8844   ;TRACE OFF
00300D             8845   ;TRACE line
00300D             8846   ;
00300D FD 23       8847   TRACE:          INC	IY
00300F 21 00 00    8848                   LD	HL,0
003012 FE EE       8849                   CP	TON
003014 28 0A       8850                   JR	Z,TRACE0
003016 FE 87       8851                   CP	TOFF
003018 28 07       8852                   JR	Z,TRACE1
00301A FD 2B       8853                   DEC	IY
00301C CD B7 18    8854                   CALL	EXPRI
00301F D9          8855                   EXX
003020 2B          8856   TRACE0:         DEC	HL
003021 22 E6 55    8857   TRACE1:         LD	(TRACEN),HL
003024 18 DA       8858                   JR	XEQGO1ex
003026             8859   ;
003026             8860   ;VDU expr,expr;....[|]
003026             8861   ;
003026 CD B7 18    8862   VDU:            CALL	EXPRI
003029 D9          8863                   EXX
00302A 7D          8864                   LD	A,L
00302B 06 01       8865                   LD	B,1
00302D CD 97 05    8866   VDU1:           CALL	OSWRCH
003030 10 FB       8867                   DJNZ	VDU1
003032 FD 7E 00    8868                   LD	A,(IY)
003035 FE 7C       8869                   CP	'|'
003037 28 15       8870                   JR	Z,VDU4
003039 FE 2C       8871                   CP	','
00303B 28 08       8872                   JR	Z,VDU2
00303D FE 3B       8873                   CP	';'
00303F 20 06       8874                   JR	NZ,VDU3
003041 7C          8875                   LD	A,H
003042 CD 97 05    8876                   CALL	OSWRCH
003045 FD 23       8877   VDU2:           INC	IY
003047 CD C2 35    8878   VDU3:           CALL	TERMQ
00304A 20 DA       8879                   JR	NZ,VDU
00304C 18 B2       8880                   JR	XEQGO1ex
00304E             8881   ;
00304E FD 23       8882   VDU4:           INC	IY
003050 AF          8883                   XOR	A
003051 06 09       8884                   LD	B,9
003053 18 D8       8885                   JR	VDU1
003055             8886   ;
003055             8887   ;CLOSE channel number
003055             8888   ;
003055 CD 5D 37    8889   CLOSE:          CALL	CHANEL
003058 CD 55 06    8890                   CALL	OSSHUT
00305B 18 A3       8891                   JR	XEQGO1ex
00305D             8892   ;
00305D             8893   ;BPUT #channel,byte
00305D             8894   ;BPUT #channel,string[;]
00305D             8895   ;
00305D CD 5D 37    8896   BPUT:           CALL	CHANEL		;CHANNEL NUMBER
003060 D5          8897                   PUSH	DE
003061 CD 2D 21    8898                   CALL	COMMA
003064 CD 86 17    8899                   CALL	EXPR
003067 08          8900                   EX	AF,AF'
003068 FA 76 30    8901                   JP	M,BPUTS
00306B CD 9F 1C    8902                   CALL	SFIX
00306E D9          8903                   EXX
00306F 7D          8904                   LD	A,L
003070 D1          8905                   POP	DE
003071 CD 65 06    8906   BPUT1:          CALL	OSBPUT
003074 18 8A       8907   BPUTX:          JR	XEQGO1ex
003076             8908   ;
003076             8909   ;
003076 7B          8910   BPUTS:          LD	A,E
003077 D1          8911                   POP	DE
003078 57          8912                   LD	D,A
003079 21 00 53    8913                   LD	HL,ACCS
00307C B7          8914                   OR	A
00307D 28 08       8915                   JR	Z,BPUTS0
00307F 7E          8916   BPUTS1:         LD	A,(HL)
003080 23          8917                   INC	HL
003081 CD 65 06    8918                   CALL	OSBPUT
003084 15          8919                   DEC	D
003085 20 F8       8920                   JR	NZ,BPUTS1
003087 CD 97 45    8921   BPUTS0:         CALL	NXT
00308A FE 3B       8922                   CP	';'
00308C 3E 0A       8923                   LD	A,LF
00308E 20 E1       8924                   JR	NZ,BPUT1
003090 FD 23       8925                   INC	IY
003092 18 E0       8926                   JR	BPUTX
003094             8927   ;
003094             8928   ;CALL address[,var[,var...]]
003094             8929   ;
003094 CD B7 18    8930   CALL:           CALL	EXPRI		;ADDRESS
003097 D9          8931                   EXX
003098 E5          8932                   PUSH	HL		;SAVE IT
003099 06 00       8933                   LD	B,0		;PARAMETER COUNTER
00309B 11 00 54    8934                   LD	DE,BUFFER	;VECTOR
00309E CD 97 45    8935   CALL1:          CALL	NXT
0030A1 FE 2C       8936                   CP	','
0030A3 20 17       8937                   JR	NZ,CALL2
0030A5 FD 23       8938                   INC	IY
0030A7 04          8939                   INC	B
0030A8 CD 97 45    8940                   CALL	NXT
0030AB C5          8941                   PUSH	BC
0030AC D5          8942                   PUSH	DE
0030AD CD 60 26    8943                   CALL	VAR_
0030B0 D1          8944                   POP	DE
0030B1 C1          8945                   POP	BC
0030B2 13          8946                   INC	DE
0030B3 12          8947                   LD	(DE),A		;PARAMETER TYPE
0030B4 13          8948                   INC	DE
0030B5 EB          8949                   EX	DE,HL
0030B6 73          8950                   LD	(HL),E		;PARAMETER ADDRESS
0030B7 23          8951                   INC	HL
0030B8 72          8952                   LD	(HL),D
0030B9 EB          8953                   EX	DE,HL
0030BA 18 E2       8954                   JR	CALL1
0030BC 78          8955   CALL2:          LD	A,B
0030BD 32 00 54    8956                   LD	(BUFFER),A	;PARAMETER COUNT
0030C0 E1          8957                   POP	HL		;RESTORE ADDRESS
0030C1 CD CB 30    8958                   CALL	USR1
0030C4 C3 24 25    8959                   JP	XEQ
0030C7             8960   ;
0030C7             8961   ;USR(address)
0030C7             8962   ;
0030C7 CD E4 18    8963   USR:            CALL	ITEMI
0030CA D9          8964                   EXX
0030CB E5          8965   USR1:           PUSH	HL		;ADDRESS ON STACK
0030CC FD E3       8966                   EX	(SP),IY
0030CE 24          8967                   INC	H		;PAGE &FF?
0030CF 21 FA 30    8968                   LD	HL,USR2		;RETURN ADDRESS
0030D2 E5          8969                   PUSH	HL
0030D3 DD 21 00 55 8970                   LD	IX,STAVAR
0030D7 CC 2C 11    8971                   CALL	Z,OSCALL	;INTERCEPT PAGE &FF
0030DA DD 4E 18    8972                   LD	C,(IX+24)
0030DD C5          8973                   PUSH	BC
0030DE F1          8974                   POP	AF		;LOAD FLAGS
0030DF DD 7E 04    8975                   LD	A,(IX+4)	;LOAD Z80 REGISTERS
0030E2 DD 46 08    8976                   LD	B,(IX+8)
0030E5 DD 4E 0C    8977                   LD	C,(IX+12)
0030E8 DD 56 10    8978                   LD	D,(IX+16)
0030EB DD 5E 14    8979                   LD	E,(IX+20)
0030EE DD 66 20    8980                   LD	H,(IX+32)
0030F1 DD 6E 30    8981                   LD	L,(IX+48)
0030F4 DD 21 00 54 8982                   LD	IX,BUFFER
0030F8 FD E9       8983                   JP	(IY)		;OFF TO USER ROUTINE
0030FA FD E1       8984   USR2:           POP	IY
0030FC AF          8985                   XOR	A
0030FD 4F          8986                   LD	C,A
0030FE C9          8987                   RET
0030FF             8988   ;
0030FF             8989   ; LEFT$(A$[,N]) = string
0030FF             8990   ; MID$(A$,N[,M]) = string
0030FF             8991   ; RIGHT$(A$[,N]) = string
0030FF             8992   ;
0030FF CD 48 26    8993   LEFTSL:         CALL    GETSTR
003102 21 00 FF    8994                   LD	HL,0FF00H	;Default all but last
003105 20 48       8995                   JR	NZ,MIDSL1
003107 18 26       8996                   JR	MIDSL0
003109             8997   ;
003109 CD 48 26    8998   RITESL:         CALL	GETSTR
00310C 21 FF FF    8999                   LD	HL,0FFFFH	;Default last char only
00310F 20 3E       9000                   JR	NZ,MIDSL1
003111 18 1C       9001                   JR	MIDSL0
003113             9002   ;
003113 CD 48 26    9003   MIDSL:          CALL	GETSTR
003116 3E 05       9004                   LD	A,5
003118 C2 D0 3F    9005                   JP	NZ,ERROR_	;'Missing comma'
00311B FD 23       9006                   INC	IY
00311D DD E5       9007                   PUSH	IX
00311F CD B7 18    9008                   CALL	EXPRI
003122 DD E1       9009                   POP	IX
003124 D9          9010                   EXX
003125 CD 97 45    9011                   CALL	NXT
003128 2D          9012                   DEC	L
003129 26 FE       9013                   LD	H,254		;Default rest of string
00312B FE 2C       9014                   CP	','
00312D 20 20       9015                   JR	NZ,MIDSL1
00312F FD 23       9016   MIDSL0:         INC	IY
003131 E5          9017                   PUSH	HL
003132 DD E5       9018                   PUSH	IX
003134 CD B7 18    9019                   CALL	EXPRI
003137 DD E1       9020                   POP	IX
003139 D9          9021                   EXX
00313A 7D          9022                   LD	A,L
00313B E1          9023                   POP	HL
00313C B7          9024                   OR	A
00313D 28 0D       9025                   JR	Z,MIDSL2	;Zero length
00313F 3D          9026                   DEC	A
003140 85          9027                   ADD	A,L
003141 67          9028                   LD	H,A
003142 30 0B       9029                   JR	NC,MIDSL1
003144 7D          9030                   LD	A,L
003145 3C          9031                   INC	A
003146 28 07       9032                   JR	Z,MIDSL1
003148 26 FE       9033                   LD	H,254
00314A 18 03       9034                   JR	MIDSL1
00314C             9035   ;
00314C 21 01 00    9036   MIDSL2:         LD	HL,1
00314F CD 39 21    9037   MIDSL1:         CALL	BRAKET
003152 CD DB 35    9038                   CALL	EQUALS
003155 E5          9039                   PUSH	HL
003156 DD E5       9040                   PUSH	IX
003158 CD C0 18    9041                   CALL	EXPRS
00315B DD E1       9042                   POP	IX
00315D E1          9043                   POP	HL
00315E 4B          9044                   LD	C,E
00315F DD 46 00    9045                   LD	B,(IX+0)
003162 DD 5E 02    9046                   LD	E,(IX+2)
003165 DD 56 03    9047                   LD	D,(IX+3)
003168             9048   ;
003168             9049   ; Source string at ACCS, length C
003168             9050   ; Destination string at DE, length B
003168             9051   ; L = first character to modify 0-254
003168             9052   ; H =  last character to modify 0-254
003168             9053   ; IF L=255 THEN modify rightmost H + 2 chars
003168             9054   ; ELSE IF H=255 modify all but last character
003168             9055   ; ELSE IF L > H do nothing
003168             9056   ; IX = destination VARPTR
003168             9057   ;
003168 7D          9058                   LD	A,L
003169 3C          9059                   INC	A
00316A 20 0F       9060                   JR	NZ,SUBSL1
00316C 24          9061                   INC	H
00316D 24          9062                   INC	H
00316E 79          9063                   LD	A,C
00316F BC          9064                   CP	H
003170 30 01       9065                   JR	NC,SUBSL0
003172 67          9066                   LD	H,A
003173 78          9067   SUBSL0:         LD	A,B
003174 94          9068                   SUB	H
003175 30 01       9069                   JR	NC,SUBSL6
003177 AF          9070                   XOR	A
003178 6F          9071   SUBSL6:         LD	L,A
003179 18 12       9072                   JR	SUBSL5
00317B             9073   ;
00317B 7C          9074   SUBSL1:         LD	A,H
00317C 3C          9075                   INC	A
00317D 20 06       9076                   JR	NZ,SUBSL2
00317F 78          9077                   LD	A,B
003180 D6 02       9078                   SUB	2
003182 38 24       9079                   JR	C,SUBSL9
003184 67          9080                   LD	H,A
003185 7D          9081   SUBSL2:         LD	A,L
003186 B8          9082                   CP	B
003187 30 1F       9083                   JR	NC,SUBSL9
003189 7C          9084                   LD	A,H
00318A B8          9085                   CP	B
00318B 38 03       9086                   JR	C,SUBSL3
00318D 78          9087   SUBSL5:         LD	A,B
00318E 3D          9088                   DEC	A
00318F 67          9089                   LD	H,A
003190 7C          9090   SUBSL3:         LD	A,H
003191 95          9091                   SUB	L
003192 38 14       9092                   JR	C,SUBSL9
003194 3C          9093                   INC	A
003195 B9          9094                   CP	C
003196 38 01       9095                   JR	C,SUBSL4
003198 79          9096                   LD	A,C
003199 06 00       9097   SUBSL4:         LD	B,0
00319B 60          9098                   LD	H,B
00319C 4F          9099                   LD	C,A
00319D B7          9100                   OR	A
00319E 28 08       9101                   JR	Z,SUBSL9
0031A0 EB          9102                   EX	DE,HL
0031A1 19          9103                   ADD	HL,DE
0031A2 EB          9104                   EX	DE,HL
0031A3 21 00 53    9105                   LD	HL,ACCS
0031A6 ED B0       9106                   LDIR
0031A8 C3 24 25    9107   SUBSL9:         JP	XEQ
0031AB             9108   ;
0031AB             9109   ; EXITex FOR [var]
0031AB             9110   ; EXITex REPEAT
0031AB             9111   ; EXITex WHILE
0031AB             9112   ;
0031AB FD 23       9113   EXITex:           INC	IY		;Skip FOR/REPEAT/WHILE
0031AD FE E3       9114                   CP	TFOR
0031AF 20 0C       9115                   JR	NZ,EXIT0
0031B1 DD 21 00 00 9116                   LD	IX,0		;For EXITex FOR <var>
0031B5 CD C2 35    9117                   CALL	TERMQ
0031B8 C4 6F 42    9118                   CALL	NZ,GETVAR
0031BB 3E E3       9119                   LD	A,TFOR
0031BD 16 01       9120   EXIT0:          LD	D,1		;Level for WSRCH
0031BF 5F          9121                   LD	E,A
0031C0 7B          9122   EXIT1:          LD	A,E
0031C1 C1          9123                   POP	BC		;Marker
0031C2 21 EB 29    9124                   LD	HL,FORCHK
0031C5 B7          9125                   OR	A
0031C6 ED 42       9126                   SBC	HL,BC
0031C8 28 25       9127                   JR	Z,EXIT4
0031CA 21 77 29    9128                   LD	HL,REPCHK
0031CD B7          9129                   OR	A
0031CE ED 42       9130                   SBC	HL,BC
0031D0 28 38       9131                   JR	Z,EXIT6
0031D2 21 B8 2E    9132                   LD	HL,WHICHK
0031D5 B7          9133                   OR	A
0031D6 ED 42       9134                   SBC	HL,BC
0031D8 28 3A       9135                   JR	Z,EXIT7
0031DA C5          9136                   PUSH	BC		;Put back marker
0031DB DD E5       9137                   PUSH	IX
0031DD C1          9138                   POP	BC
0031DE D9          9139                   EXX
0031DF 3E 03       9140                   LD	A,3
0031E1 CD BD 34    9141                   CALL	RESLOC
0031E4 D9          9142                   EXX
0031E5 C5          9143                   PUSH	BC
0031E6 DD E1       9144                   POP	IX
0031E8 20 D6       9145                   JR	NZ,EXIT1
0031EA 3E 2C       9146                   LD	A,44
0031EC C3 D0 3F    9147                   JP	ERROR_		;'Bad EXITex'
0031EF             9148   ;
0031EF C1          9149   EXIT4:          POP	BC		;VARPTR
0031F0 21 0E 00    9150                   LD	HL,14		;Skip text pointer, limit & step
0031F3 39          9151                   ADD	HL,SP
0031F4 F9          9152                   LD	SP,HL		;Pop FOR record
0031F5 FE E3       9153                   CP	TFOR
0031F7 20 C7       9154                   JR	NZ,EXIT1
0031F9 DD E5       9155                   PUSH	IX
0031FB E1          9156                   POP	HL
0031FC 7C          9157                   LD	A,H
0031FD B5          9158                   OR	L
0031FE 28 02       9159                   JR	Z,EXIT5
003200 ED 42       9160                   SBC	HL,BC
003202 01 E3 ED    9161   EXIT5:          LD	BC,TFOR+[TNEXT*256]
003205 28 15       9162                   JR	Z,EXIT8
003207 14          9163                   INC	D		;Count nested FOR loops
003208 18 B6       9164                   JR	EXIT1
00320A             9165   ;
00320A C1          9166   EXIT6:          POP	BC		;Text pointer
00320B FE F5       9167                   CP	TREPEAT
00320D 20 B1       9168                   JR	NZ,EXIT1
00320F 01 F5 FD    9169                   LD	BC,TREPEAT+[TUNTIL*256]
003212 18 08       9170                   JR	EXIT8
003214             9171   ;
003214 C1          9172   EXIT7:          POP	BC		;Text pointer
003215 FE C7       9173                   CP	TWHILE
003217 20 A7       9174                   JR	NZ,EXIT1
003219 01 C7 CE    9175                   LD	BC,TWHILE+[TENDWHILE*256]
00321C CD DC 36    9176   EXIT8:          CALL	WSRCH
00321F CD CE 35    9177                   CALL	SPAN		;Skip UNTIL expression
003222 C3 24 25    9178                   JP	XEQ
003225             9179   ;
003225             9180   ;PUT port,data
003225             9181   ;
003225 CD B7 18    9182   PUT:            CALL	EXPRI		;PORT ADDRESS
003228 D9          9183                   EXX
003229 E5          9184                   PUSH	HL
00322A CD 2D 21    9185                   CALL	COMMA
00322D CD B7 18    9186                   CALL	EXPRI		;DATA
003230 D9          9187                   EXX
003231 C1          9188                   POP	BC
003232 ED 69       9189                   OUT	(C),L		;OUTPUT TO PORT BC
003234 C3 24 25    9190                   JP	XEQ
003237             9191   ;
003237             9192   ;SUBROUTINES:
003237             9193   ;
003237             9194   ;ASSIGN - Assign a numeric value to a variable.
003237             9195   ;Outputs: NC,  Z     - OK, numeric scalar
003237             9196   ;         NC, NZ, PE - OK, string array  (D = type, E = operator)
003237             9197   ; else if NC, NZ, P  - OK, numeric array (D = type, E = operator)
003237             9198   ; else if NC, NZ     - OK, string scalar
003237             9199   ;          C, NZ     - illegal / invalid
003237             9200   ;
003237 CD 6F 42    9201   ASSIGN:         CALL	GETVAR		;VARIABLE
00323A D8          9202                   RET	C		;ILLEGAL VARIABLE
00323B C4 59 42    9203                   CALL	NZ,PUTVAR
00323E 57          9204                   LD	D,A		;Type
00323F CD 97 45    9205                   CALL	NXT
003242 FD 23       9206                   INC	IY
003244 5F          9207                   LD	E,A		;Operator (or =)
003245 FE 3D       9208                   CP	'='
003247 C4 DB 35    9209                   CALL	NZ,EQUALS
00324A 7A          9210                   LD	A,D
00324B E6 C0       9211                   AND	11000000B
00324D C0          9212                   RET	NZ		;String or array
00324E D5          9213                   PUSH	DE
00324F E5          9214                   PUSH	HL
003250 CD B0 18    9215                   CALL	EXPRN
003253 DD E1       9216                   POP	IX
003255 D1          9217                   POP	DE
003256             9218   ;
003256             9219   ; Falls through to...
003256             9220   ;
003256             9221   ; MODIFY - Update numeric variable according to operator:
003256             9222   ;   Inputs: D = type
003256             9223   ;           E = operator
003256             9224   ;           HLH'L'C = value
003256             9225   ;           IX = destination VARPTR
003256             9226   ; Destroys: Everything except IX,IY,SP
003256             9227   ;
003256 7B          9228   MODIFY:         LD	A,E
003257 FE 3D       9229                   CP	'='
003259 28 1C       9230                   JR	Z,STORE0	;Simple assignment
00325B D5          9231                   PUSH	DE
00325C D9          9232                   EXX
00325D EB          9233                   EX	DE,HL
00325E D9          9234                   EXX
00325F EB          9235                   EX	DE,HL
003260 41          9236                   LD	B,C
003261 E3          9237                   EX	(SP),HL
003262 7C          9238                   LD	A,H
003263 E3          9239                   EX	(SP),HL
003264 CD A9 19    9240                   CALL	LOADN
003267 E3          9241                   EX	(SP),HL
003268 7D          9242                   LD	A,L
003269 E3          9243                   EX	(SP),HL
00326A E6 0F       9244                   AND	15
00326C DD E5       9245                   PUSH	IX
00326E CD A1 45    9246                   CALL	FPP
003271 DD E1       9247                   POP	IX
003273 D1          9248                   POP	DE
003274 DA D0 3F    9249                   JP	C,ERROR_
003277 7A          9250   STORE0:         LD	A,D		;Type
003278 FE 05       9251   STOREN:         CP	5
00327A 28 12       9252                   JR	Z,STORE5
00327C F5          9253                   PUSH	AF
00327D 0C          9254                   INC	C		;SPEED - & PRESERVE F'
00327E 0D          9255                   DEC	C		; WHEN CALLED BY FNEND0
00327F C4 9F 1C    9256                   CALL	NZ,SFIX		;CONVERT TO INTEGER
003282 F1          9257                   POP	AF
003283 FE 04       9258                   CP	4
003285 28 0A       9259                   JR	Z,STORE4
003287 BF          9260                   CP	A		;SET ZERO
003288 D9          9261   STORE1:         EXX
003289 DD 75 00    9262                   LD	(IX+0),L
00328C D9          9263                   EXX
00328D C9          9264                   RET
00328E             9265   ;
00328E DD 71 04    9266   STORE5:         LD	(IX+4),C
003291 D9          9267   STORE4:         EXX
003292 DD 75 00    9268                   LD	(IX+0),L
003295 DD 74 01    9269                   LD	(IX+1),H
003298 D9          9270                   EXX
003299 DD 75 02    9271                   LD	(IX+2),L
00329C DD 74 03    9272                   LD	(IX+3),H
00329F C9          9273                   RET
0032A0             9274   ;
0032A0             9275   ; MODIFS - Update string variable according to operator:
0032A0             9276   ;   Inputs: H = type
0032A0             9277   ;           L = operator (= or +)
0032A0             9278   ;           E = string length (string in accumulator)
0032A0             9279   ;           IX = destination VARPTR
0032A0             9280   ; Destroys: Everything except SP, IY
0032A0             9281   ;
0032A0 7D          9282   MODIFS:         LD	A,L		;Operator
0032A1 FE 2B       9283                   CP	'+'
0032A3 7C          9284                   LD	A,H		;Type
0032A4 20 24       9285                   JR	NZ,STACCS
0032A6 DD E5       9286                   PUSH	IX
0032A8 FD E3       9287                   EX	(SP),IY
0032AA CD A4 20    9288                   CALL	PUSHS
0032AD FD E5       9289                   PUSH	IY
0032AF DD E1       9290                   POP	IX
0032B1 CD 91 1A    9291                   CALL	LOADS
0032B4 C1          9292                   POP	BC
0032B5 7B          9293                   LD	A,E
0032B6 81          9294                   ADD	A,C
0032B7 3E 13       9295                   LD	A,19		;String too long
0032B9 38 61       9296   ERRORC:         JR	C,ERROR6
0032BB 78          9297                   LD	A,B		;Type
0032BC 0C          9298                   INC	C
0032BD 0D          9299                   DEC	C
0032BE 28 08       9300                   JR	Z,MODFS1	;Zero length
0032C0 21 00 00    9301                   LD	HL,0
0032C3 44          9302                   LD	B,H
0032C4 39          9303                   ADD	HL,SP
0032C5 ED B0       9304                   LDIR
0032C7 F9          9305                   LD	SP,HL
0032C8 FD E1       9306   MODFS1:         POP	IY
0032CA             9307   ;
0032CA             9308   ; Falls through to:
0032CA             9309   ;
0032CA 21 00 53    9310   STACCS:         LD	HL,ACCS
0032CD 1F          9311   STORES:         RRA
0032CE 30 4F       9312                   JR	NC,STORS3	;FIXED STRING
0032D0 E5          9313                   PUSH	HL
0032D1 CD B6 19    9314                   CALL	LOAD4
0032D4 7B          9315                   LD	A,E		;LENGTH OF STRING
0032D5 D9          9316                   EXX
0032D6 6F          9317                   LD	L,A
0032D7 7C          9318                   LD	A,H		;LENGTH ALLOCATED
0032D8 D9          9319                   EXX
0032D9 BB          9320                   CP	E
0032DA 30 24       9321                   JR	NC,STORS1	;ENOUGH ROOM
0032DC D9          9322                   EXX
0032DD 65          9323                   LD	H,L
0032DE D9          9324                   EXX
0032DF E5          9325                   PUSH	HL
0032E0 06 00       9326                   LD	B,0
0032E2 4F          9327                   LD	C,A
0032E3 09          9328                   ADD	HL,BC
0032E4 ED 4B E0 55 9329                   LD	BC,(FREE)
0032E8 ED 42       9330                   SBC	HL,BC		;IS STRING LAST?
0032EA E1          9331                   POP	HL
0032EB 28 12       9332                   JR	Z,STORS0
0032ED 60          9333                   LD	H,B
0032EE 69          9334                   LD	L,C		;DESTINATION
0032EF             9335   ;
0032EF B7          9336                   OR	A		;V5 optimisation
0032F0 28 0D       9337                   JR	Z,STORS0
0032F2 7B          9338                   LD	A,E
0032F3 5F          9339   STORS2:         LD	E,A
0032F4 1D          9340                   DEC	E
0032F5 A3          9341                   AND	E
0032F6 20 FB       9342                   JR	NZ,STORS2
0032F8 37          9343                   SCF
0032F9 CB 13       9344                   RL	E
0032FB 7B          9345                   LD	A,E
0032FC D9          9346                   EXX
0032FD 67          9347                   LD	H,A
0032FE D9          9348                   EXX
0032FF             9349   ;
0032FF 37          9350   STORS0:         SCF
003300 CD 91 32    9351   STORS1:         CALL	STORE4		;PRESERVES CARRY!
003303 06 00       9352                   LD	B,0
003305 4B          9353                   LD	C,E
003306 EB          9354                   EX	DE,HL
003307 E1          9355                   POP	HL
003308 0D          9356                   DEC	C
003309 0C          9357                   INC	C
00330A C8          9358                   RET	Z		;NULL STRING
00330B ED B0       9359                   LDIR
00330D D0          9360                   RET	NC		;STRING REPLACED
00330E ED 53 E0 55 9361                   LD	(FREE),DE
003312 E5          9362   CHECK:          PUSH	HL
003313 2A E0 55    9363                   LD	HL,(FREE)
003316 24          9364                   INC	H
003317 ED 72       9365                   SBC	HL,SP
003319 E1          9366                   POP	HL
00331A D8          9367                   RET	C
00331B AF          9368                   XOR	A
00331C C3 D0 3F    9369   ERROR6:         JP	ERROR_		;"No room"
00331F             9370   ;
00331F 4B          9371   STORS3:         LD	C,E
003320 DD E5       9372                   PUSH	IX
003322 D1          9373                   POP	DE
003323 AF          9374                   XOR	A
003324 47          9375                   LD	B,A
003325 B9          9376                   CP	C
003326 28 02       9377                   JR	Z,STORS5
003328 ED B0       9378                   LDIR
00332A 3E 0D       9379   STORS5:         LD	A,CR
00332C 12          9380                   LD	(DE),A
00332D C9          9381                   RET
00332E             9382   ;
00332E             9383   ; SAVRET - SAVE 'RETURNed' PARAMETER INFO
00332E             9384   ;
00332E DD 75 00    9385   SAVRET:         LD	(IX+0),L		;Formal VARPTR
003331 DD 74 01    9386                   LD	(IX+1),H
003334 DD 77 02    9387                   LD	(IX+2),A
003337 FD E3       9388                   EX	(SP),IY
003339 F5          9389                   PUSH	AF
00333A FD E5       9390                   PUSH	IY
00333C DD E5       9391                   PUSH	IX
00333E CD 97 45    9392                   CALL	NXT
003341 CD 60 26    9393                   CALL	VAR_
003344 DD E1       9394                   POP	IX
003346 DD 75 04    9395                   LD	(IX+4),L		;Actual VARPTR
003349 DD 74 05    9396                   LD	(IX+5),H
00334C DD 77 06    9397                   LD	(IX+6),A
00334F FD E1       9398                   POP	IY
003351 F1          9399                   POP	AF
003352 01 08 00    9400                   LD	BC,8
003355 DD 09       9401                   ADD	IX,BC
003357 18 2D       9402                   JR	ARGUE0
003359             9403   ;
003359             9404   ;ARGUE: TRANSFER FN OR PROC ARGUMENTS FROM THE
003359             9405   ; CALLING STATEMENT TO THE DUMMY VARIABLES VIA
003359             9406   ; THE STACK.  IT MUST BE DONE THIS WAY TO MAKE
003359             9407   ; PROCFRED(A,B)    DEF PROCFRED(B,A)     WORK.
003359             9408   ;   Inputs: DE addresses parameter list
003359             9409   ;           IY addresses dummy variable list
003359             9410   ;           IX addresses RETURNed parameter data block
003359             9411   ;  Outputs: DE,IY updated
003359             9412   ; Destroys: Everything
003359             9413   ;
003359 3E FF       9414   ARGUE:          LD	A,-1
00335B F5          9415                   PUSH	AF		;PUT MARKER ON STACK
00335C FD 23       9416   ARGUE1:         INC	IY		;BUMP PAST ( | ,
00335E 13          9417                   INC	DE
00335F D5          9418                   PUSH	DE
003360 06 00       9419                   LD	B,0
003362 CD 97 45    9420                   CALL	NXT
003365 FE F8       9421                   CP	TRETURN
003367 20 06       9422                   JR	NZ,ARGUE9
003369 FD 23       9423                   INC	IY		;SKIP 'RETURN'
00336B CD 97 45    9424                   CALL	NXT
00336E 04          9425                   INC	B		;FLAG 'RETURN'
00336F C5          9426   ARGUE9:         PUSH	BC
003370 DD E5       9427                   PUSH	IX
003372 CD 6F 42    9428                   CALL	GETVAR		;FORMAL PARAMETER
003375 38 49       9429                   JR	C,ARGERR
003377 C4 59 42    9430                   CALL	NZ,PUTVAR
00337A DD E1       9431                   POP	IX
00337C C1          9432                   POP	BC
00337D D1          9433                   POP	DE
00337E E5          9434                   PUSH	HL		;VARPTR
00337F F5          9435                   PUSH	AF
003380 D5          9436                   PUSH	DE
003381 05          9437                   DEC	B
003382 28 AA       9438                   JR	Z,SAVRET
003384 FD E3       9439                   EX	(SP),IY
003386 CB 77       9440   ARGUE0:         BIT	6,A		;ARRAY?
003388 20 3B       9441                   JR	NZ,ARGUE3
00338A B7          9442                   OR	A		;TYPE
00338B FA A1 33    9443                   JP	M,ARGUE2	;STRING
00338E DD E5       9444                   PUSH	IX
003390 CD B0 18    9445                   CALL	EXPRN		;ACTUAL PARAMETER
003393 DD E1       9446                   POP	IX
003395 FD E3       9447                   EX	(SP),IY
003397 D1          9448                   POP	DE
003398 F1          9449                   POP	AF
003399 D9          9450                   EXX
00339A E5          9451                   PUSH	HL
00339B D9          9452                   EXX
00339C E5          9453                   PUSH	HL
00339D 47          9454                   LD	B,A
00339E C5          9455                   PUSH	BC
00339F 18 13       9456                   JR	ARGUE4
0033A1             9457   ;
0033A1 DD E5       9458   ARGUE2:         PUSH	IX
0033A3 CD C0 18    9459                   CALL	EXPRS
0033A6 D9          9460                   EXX
0033A7 C1          9461                   POP	BC
0033A8 FD E3       9462                   EX	(SP),IY
0033AA D1          9463                   POP	DE
0033AB D9          9464                   EXX
0033AC F1          9465                   POP	AF
0033AD CD A4 20    9466                   CALL	PUSHS
0033B0 D9          9467                   EXX
0033B1 C5          9468                   PUSH	BC
0033B2 DD E1       9469                   POP	IX
0033B4 CD 97 45    9470   ARGUE4:         CALL	NXT
0033B7 FE 2C       9471                   CP	','
0033B9 20 27       9472                   JR	NZ,ARGUE5
0033BB 1A          9473                   LD	A,(DE)
0033BC FE 2C       9474                   CP	','
0033BE 28 9C       9475                   JR	Z,ARGUE1	;ANOTHER
0033C0 3E 1F       9476   ARGERR:         LD	A,31
0033C2 C3 D0 3F    9477                   JP	ERROR_		;"Bad arguments"
0033C5             9478   ;
0033C5 DD E5       9479   ARGUE3:         PUSH	IX
0033C7 CD 97 45    9480                   CALL	NXT
0033CA CD 6F 42    9481                   CALL	GETVAR
0033CD 38 F1       9482                   JR	C,ARGERR
0033CF DD 4E 00    9483                   LD	C,(IX+0)
0033D2 DD 46 01    9484                   LD	B,(IX+1)
0033D5 DD E1       9485                   POP	IX
0033D7 CD 97 45    9486                   CALL	NXT
0033DA FD E3       9487                   EX	(SP),IY
0033DC D1          9488                   POP	DE
0033DD F1          9489                   POP	AF
0033DE C5          9490                   PUSH	BC		;STACK ARRAY POINTER
0033DF F5          9491                   PUSH	AF		;STACK TYPE
0033E0 18 D2       9492                   JR	ARGUE4
0033E2             9493   ;
0033E2 CD 39 21    9494   ARGUE5:         CALL	BRAKET
0033E5 1A          9495                   LD	A,(DE)
0033E6 FE 29       9496                   CP	')'
0033E8 20 D6       9497                   JR	NZ,ARGERR
0033EA 13          9498                   INC	DE
0033EB D9          9499   UNSTAK:         EXX
0033EC C1          9500   ARGUE6:         POP	BC
0033ED 78          9501                   LD	A,B
0033EE 3C          9502                   INC	A
0033EF D9          9503                   EXX
0033F0 C8          9504                   RET	Z		;MARKER POPPED
0033F1 D9          9505                   EXX
0033F2 3D          9506                   DEC	A
0033F3 CB 77       9507                   BIT	6,A		;ARRAY
0033F5 20 19       9508                   JR	NZ,ARGUE8
0033F7 B7          9509                   OR	A
0033F8 FA 06 34    9510                   JP	M,ARGUE7	;STRING
0033FB E1          9511                   POP	HL
0033FC D9          9512                   EXX
0033FD E1          9513                   POP	HL
0033FE D9          9514                   EXX
0033FF DD E1       9515                   POP	IX
003401 CD 78 32    9516                   CALL	STOREN		;WRITE TO DUMMY
003404 18 E6       9517                   JR	ARGUE6
003406             9518   ;
003406 CD C2 20    9519   ARGUE7:         CALL	POPS
003409 DD E1       9520                   POP	IX
00340B CD CA 32    9521                   CALL	STACCS
00340E 18 DC       9522                   JR	ARGUE6
003410             9523   ;
003410 C1          9524   ARGUE8:         POP	BC		;ARRAY POINTER
003411 DD E1       9525                   POP	IX
003413 DD 71 00    9526                   LD	(IX+0),C
003416 DD 70 01    9527                   LD	(IX+1),B
003419 18 D1       9528                   JR	ARGUE6
00341B             9529   ;
00341B             9530   ;Restore RETURNed parameters, via the stack to ensure that
00341B             9531   ; PROCFRED(A,B)    DEF PROCFRED(RETURN B,RETURN A)  works.
00341B             9532   ;
00341B 3E FF       9533   RETXFR:         LD	A,-1
00341D F5          9534                   PUSH	AF		;PUT MARKER ON STACK
00341E D9          9535   RETXF1:         EXX
00341F DD 6E 04    9536                   LD	L,(IX+4)	;Actual parameter (destination)
003422 DD 66 05    9537                   LD	H,(IX+5)
003425 E5          9538                   PUSH	HL		;STACK VARPTR
003426 DD 6E 00    9539                   LD	L,(IX+0)	;Formal parameter (source)
003429 DD 66 01    9540                   LD	H,(IX+1)
00342C DD 7E 02    9541                   LD	A,(IX+2)
00342F CB 77       9542                   BIT	6,A		;ARRAY?
003431 20 19       9543                   JR	NZ,RETXF3
003433 B7          9544                   OR	A		;TYPE
003434 FA 52 34    9545                   JP	M,RETXF2	;STRING
003437 E5          9546                   PUSH	HL
003438 DD E3       9547                   EX	(SP),IX
00343A CD A9 19    9548                   CALL	LOADN
00343D DD E1       9549                   POP	IX
00343F D9          9550                   EXX			;STACK VALUE
003440 E5          9551                   PUSH	HL
003441 D9          9552                   EXX
003442 E5          9553                   PUSH	HL
003443 DD 46 06    9554   RETXF6:         LD	B,(IX+6)
003446 C5          9555                   PUSH	BC		;TYPE & EXPONENT
003447 CD 12 33    9556   RETXF5:         CALL	CHECK		;CHECK ROOM
00344A 18 1E       9557                   JR	RETXF4
00344C             9558   ;
00344C 5E          9559   RETXF3:         LD	E,(HL)
00344D 23          9560                   INC	HL
00344E 56          9561                   LD	D,(HL)
00344F D5          9562                   PUSH	DE		;STACK ARRAY POINTER
003450 18 F1       9563                   JR	RETXF6
003452             9564   ;
003452 E5          9565   RETXF2:         PUSH	HL
003453 DD E3       9566                   EX	(SP),IX
003455 CD 91 1A    9567                   CALL	LOADS
003458 DD E1       9568                   POP	IX
00345A DD 7E 06    9569                   LD	A,(IX+6)
00345D D9          9570                   EXX
00345E DD E5       9571                   PUSH	IX
003460 E1          9572                   POP	HL
003461 D9          9573                   EXX
003462 CD A4 20    9574                   CALL	PUSHS
003465 D9          9575                   EXX
003466 E5          9576                   PUSH	HL
003467 DD E1       9577                   POP	IX
003469 D9          9578                   EXX
00346A 11 08 00    9579   RETXF4:         LD	DE,8
00346D DD 19       9580                   ADD	IX,DE
00346F D9          9581                   EXX
003470 10 AC       9582                   DJNZ	RETXF1
003472 C3 EB 33    9583                   JP	UNSTAK
003475             9584   ;
003475             9585   ;Restore 'RETURNed' parameters,
003475             9586   ;
003475 C1          9587   RESRET:         POP	BC		;B = 'RETURN' COUNT
003476 26 00       9588                   LD	H,0
003478 68          9589                   LD	L,B
003479 29          9590                   ADD	HL,HL
00347A 29          9591                   ADD	HL,HL
00347B 29          9592                   ADD	HL,HL		;RETURN COUNT * 8
00347C 39          9593                   ADD	HL,SP
00347D DD 21 00 00 9594                   LD	IX,0
003481 DD 39       9595                   ADD	IX,SP		;ADDRESS PARAMETER LIST
003483 F5          9596                   PUSH	AF
003484 D5          9597                   PUSH	DE
003485 E5          9598                   PUSH	HL
003486 D9          9599                   EXX
003487 C5          9600                   PUSH	BC
003488 D5          9601                   PUSH	DE
003489 D9          9602                   EXX
00348A 78          9603                   LD	A,B
00348B 21 00 53    9604                   LD	HL,ACCS
00348E 11 00 54    9605                   LD	DE,BUFFER
003491 01 FF 00    9606                   LD	BC,255
003494 ED B0       9607                   LDIR
003496 47          9608                   LD	B,A
003497 CD 1B 34    9609                   CALL	RETXFR		;TRANSFER VIA STACK
00349A 21 00 54    9610                   LD	HL,BUFFER
00349D 11 00 53    9611                   LD	DE,ACCS
0034A0 01 FF 00    9612                   LD	BC,255
0034A3 ED B0       9613                   LDIR
0034A5 D9          9614                   EXX
0034A6 D1          9615                   POP	DE
0034A7 C1          9616                   POP	BC
0034A8 D9          9617                   EXX
0034A9 E1          9618                   POP	HL
0034AA D1          9619                   POP	DE
0034AB F1          9620                   POP	AF
0034AC 18 0A       9621                   JR	RESAR1
0034AE             9622   ;
0034AE             9623   ; Restore LOCAL array or memory block:
0034AE             9624   ;
0034AE C1          9625   RESARR:         POP	BC
0034AF CB 78       9626                   BIT	7,B		;String array?
0034B1 E1          9627                   POP	HL
0034B2 C1          9628                   POP	BC
0034B3 09          9629                   ADD	HL,BC
0034B4 39          9630                   ADD	HL,SP
0034B5 C4 6F 37    9631                   CALL	NZ,FREESA	;Free string array
0034B8 F9          9632   RESAR1:         LD	SP,HL
0034B9 DD 23       9633                   INC	IX		;Flag something restored
0034BB 18 05       9634                   JR	RESLO1
0034BD             9635   ;
0034BD             9636   ; RESLOC - Restore local variables/arrays or DATA/ERROR status from stack
0034BD             9637   ;   Inputs: A = 0 if everything OK, bit0 set if DATPTR, bit1 set if ERRTRP
0034BD             9638   ;  Outputs: Z if nothing was restored, NZ if something was restored
0034BD             9639   ; Destroys: A,B,C,D,E,H,L,H',L',IX,SP,flags
0034BD             9640   ;
0034BD D1          9641   RESLOC:         POP	DE		;Return address
0034BE DD 21 00 00 9642                   LD	IX,0		;To flag nothing was restored
0034C2 C1          9643   RESLO1:         POP	BC		;Marker ?
0034C3 21 B6 35    9644                   LD	HL,LOCCHK
0034C6 B7          9645                   OR	A
0034C7 ED 42       9646                   SBC	HL,BC
0034C9 28 1A       9647                   JR	Z,RESLO2	;Something to restore
0034CB B7          9648                   OR	A
0034CC 20 0F       9649                   JR	NZ,RESLO8
0034CE 21 FA 2A    9650                   LD	HL,RETCHK
0034D1 ED 42       9651                   SBC	HL,BC
0034D3 28 A0       9652                   JR	Z,RESRET
0034D5 21 66 27    9653                   LD	HL,ARRCHK
0034D8 B7          9654                   OR	A
0034D9 ED 42       9655                   SBC	HL,BC
0034DB 28 D1       9656                   JR	Z,RESARR
0034DD DD E5       9657   RESLO8:         PUSH	IX
0034DF E1          9658                   POP	HL
0034E0 7C          9659                   LD	A,H
0034E1 B5          9660                   OR	L
0034E2 C5          9661   RESLO0:         PUSH	BC		;Put back marker
0034E3 EB          9662                   EX	DE,HL
0034E4 E9          9663                   JP	(HL)		;Return
0034E5             9664   ;
0034E5 DD E1       9665   RESLO2:         POP	IX		;Variable pointer
0034E7 B7          9666                   OR	A
0034E8 28 20       9667                   JR	Z,RESLO3	;Everything allowed
0034EA DD E5       9668                   PUSH	IX
0034EC C1          9669                   POP	BC
0034ED CB 47       9670                   BIT	0,A
0034EF 28 07       9671                   JR	Z,RESLO6	;Bit 0 set, so
0034F1 21 F0 55    9672                   LD	HL,DATPTR	;test for DATPTR
0034F4 ED 42       9673                   SBC	HL,BC
0034F6 28 12       9674                   JR	Z,RESLO3
0034F8 B7          9675   RESLO6:         OR	A
0034F9 CB 4F       9676                   BIT	1,A
0034FB 28 07       9677                   JR	Z,RESLO7	;Bit 1 set, so
0034FD 21 EA 55    9678                   LD	HL,ERRTRP	;test for ERRPTR
003500 ED 42       9679                   SBC	HL,BC
003502 28 06       9680                   JR	Z,RESLO3
003504 C5          9681   RESLO7:         PUSH	BC		;Put back pointer
003505 01 B6 35    9682                   LD	BC,LOCCHK
003508 18 D8       9683                   JR	RESLO0
00350A             9684   ;
00350A C1          9685   RESLO3:         POP	BC		;Type / exponent
00350B CB 70       9686                   BIT	6,B
00350D 20 14       9687                   JR	NZ,RESLO4	;Array?
00350F CB 78       9688                   BIT	7,B
003511 20 23       9689                   JR	NZ,RESLO5	;String?
003513 E1          9690                   POP	HL
003514 D9          9691                   EXX
003515 E1          9692                   POP	HL
003516 D9          9693                   EXX
003517 CB 60       9694                   BIT	4,B
003519 20 A7       9695                   JR	NZ,RESLO1
00351B F5          9696                   PUSH	AF
00351C 78          9697                   LD	A,B
00351D CD 78 32    9698                   CALL	STOREN		;Numeric
003520 F1          9699                   POP	AF
003521 18 9F       9700                   JR	RESLO1
003523             9701   ;
003523 E1          9702   RESLO4:         POP	HL
003524 CB 60       9703                   BIT	4,B
003526 20 9A       9704                   JR	NZ,RESLO1
003528 DD 75 00    9705                   LD	(IX+0),L	;Array
00352B DD 74 01    9706                   LD	(IX+1),H
00352E 18 92       9707                   JR	RESLO1
003530             9708   ;
003530 06 00       9709   RESLO9:         LD	B,0
003532 09          9710                   ADD	HL,BC
003533 F9          9711                   LD	SP,HL
003534 18 8C       9712   RESLGO:         JR	RESLO1
003536             9713   ;
003536 21 00 00    9714   RESLO5:         LD	HL,0
003539 39          9715                   ADD	HL,SP
00353A CB 60       9716                   BIT	4,B
00353C 20 F2       9717                   JR	NZ,RESLO9
00353E F5          9718                   PUSH	AF
00353F D5          9719                   PUSH	DE
003540 59          9720                   LD	E,C
003541 78          9721                   LD	A,B
003542 CD CD 32    9722                   CALL	STORES		;String
003545 D1          9723                   POP	DE
003546 F1          9724                   POP	AF
003547 F9          9725                   LD	SP,HL
003548 18 EA       9726                   JR	RESLGO
00354A             9727   ;
00354A             9728   ;SAVLOC: SUBROUTINE TO STACK LOCAL PARAMETERS
00354A             9729   ;  OF A FUNCTION OR PROCEDURE.
00354A             9730   ;THERE IS A LOT OF STACK MANIPULATION - CARE!!
00354A             9731   ;   Inputs: IY is parameters pointer
00354A             9732   ;  Outputs: IY updated
00354A             9733   ;           A' incremented for each RETURN
00354A             9734   ; Destroys: A',A,B,C,D,E,H,L,IX,IY,F,SP
00354A             9735   ;
00354A D1          9736   SAVLOC:         POP	DE		;RETURN ADDRESS
00354B FD 23       9737   SAVLO1:         INC	IY		;BUMP PAST ( | ,
00354D CD 97 45    9738                   CALL	NXT
003550 FE F8       9739                   CP	TRETURN
003552 20 08       9740                   JR	NZ,SAVLO6
003554 08          9741                   EX	AF,AF'
003555 3C          9742                   INC	A		;RETURN counter
003556 08          9743                   EX	AF,AF'
003557 FD 23       9744                   INC	IY		;Bump past RETURN
003559 CD 97 45    9745                   CALL	NXT
00355C D5          9746   SAVLO6:         PUSH	DE
00355D D9          9747                   EXX
00355E C5          9748                   PUSH	BC
00355F D5          9749                   PUSH	DE
003560 E5          9750                   PUSH	HL
003561 D9          9751                   EXX
003562 CD 60 26    9752                   CALL	VAR_		;DUMMY VARIABLE
003565 D9          9753                   EXX
003566 E1          9754                   POP	HL
003567 D1          9755                   POP	DE
003568 C1          9756                   POP	BC
003569 D9          9757                   EXX
00356A D1          9758                   POP	DE
00356B CB 77       9759                   BIT	6,A		;ARRAY?
00356D 20 12       9760                   JR	NZ,SAVLO3
00356F B7          9761                   OR	A		;TYPE
003570 FA 8B 35    9762                   JP	M,SAVLO2	;STRING
003573 D9          9763                   EXX
003574 E5          9764                   PUSH	HL		;SAVE H'L'
003575 D9          9765                   EXX
003576 47          9766                   LD	B,A		;TYPE
003577 CD A9 19    9767                   CALL	LOADN
00357A D9          9768                   EXX
00357B E3          9769                   EX	(SP),HL
00357C D9          9770                   EXX
00357D E5          9771                   PUSH	HL
00357E C5          9772                   PUSH	BC
00357F 18 30       9773                   JR	SAVLO4
003581             9774   ;
003581 DD 4E 00    9775   SAVLO3:         LD	C,(IX+0)	;ARRAY POINTER
003584 DD 46 01    9776                   LD	B,(IX+1)
003587 C5          9777                   PUSH	BC		;SAVE TO STACK
003588 F5          9778                   PUSH	AF		;SAVE TYPE
003589 18 26       9779                   JR	SAVLO4
00358B             9780   ;
00358B F5          9781   SAVLO2:         PUSH	AF		;STRING TYPE
00358C D5          9782                   PUSH	DE
00358D D9          9783                   EXX
00358E E5          9784                   PUSH	HL
00358F D9          9785                   EXX
003590 CD 91 1A    9786                   CALL	LOADS
003593 D9          9787                   EXX
003594 E1          9788                   POP	HL
003595 D9          9789                   EXX
003596 4B          9790                   LD	C,E
003597 D1          9791                   POP	DE
003598 CD 12 33    9792                   CALL	CHECK
00359B F1          9793                   POP	AF		;LEVEL STACK
00359C 21 00 00    9794                   LD	HL,0
00359F 45          9795                   LD	B,L
0035A0 ED 42       9796                   SBC	HL,BC
0035A2 39          9797                   ADD	HL,SP
0035A3 F9          9798                   LD	SP,HL
0035A4 47          9799                   LD	B,A		;TYPE
0035A5 C5          9800                   PUSH	BC
0035A6 28 09       9801                   JR	Z,SAVLO4
0035A8 D5          9802                   PUSH	DE
0035A9 11 00 53    9803                   LD	DE,ACCS
0035AC EB          9804                   EX	DE,HL
0035AD 45          9805                   LD	B,L
0035AE ED B0       9806                   LDIR			;SAVE STRING ON STACK
0035B0 D1          9807                   POP	DE
0035B1 DD E5       9808   SAVLO4:         PUSH	IX		;VARPTR
0035B3 CD B6 35    9809                   CALL	SAVLO5
0035B6             9810   LOCCHK:         EQU	$
0035B6 CD 12 33    9811   SAVLO5:         CALL	CHECK
0035B9 CD 97 45    9812                   CALL	NXT
0035BC FE 2C       9813                   CP	','		;MORE?
0035BE 28 8B       9814                   JR	Z,SAVLO1
0035C0 EB          9815                   EX	DE,HL
0035C1 E9          9816                   JP	(HL)		;"RETURN"
0035C2             9817   ;
0035C2 CD 97 45    9818   TERMQ:          CALL	NXT
0035C5 FE 8B       9819                   CP	TELSE
0035C7 D0          9820                   RET	NC
0035C8 FE 3A       9821                   CP	':'		;ASSEMBLER SEPARATOR
0035CA D0          9822                   RET	NC
0035CB FE 0D       9823                   CP	CR
0035CD C9          9824                   RET
0035CE             9825   ;
0035CE CD C2 35    9826   SPAN:           CALL	TERMQ
0035D1 C8          9827                   RET	Z
0035D2 FD 23       9828                   INC	IY
0035D4 FE 22       9829                   CP	'"'
0035D6 CC 25 37    9830                   CALL	Z,QUOTE
0035D9 18 F3       9831                   JR	SPAN
0035DB             9832   ;
0035DB CD 97 45    9833   EQUALS:         CALL	NXT
0035DE FD 23       9834                   INC	IY
0035E0 FE 3D       9835                   CP	'='
0035E2 C8          9836                   RET	Z
0035E3 3E 04       9837                   LD	A,4
0035E5 C3 D0 3F    9838                   JP	ERROR_		;"Mistake"
0035E8             9839   ;
0035E8 FE 8A       9840   FORMAT:         CP	TTAB
0035EA 28 0C       9841                   JR	Z,DOTAB
0035EC FE 89       9842                   CP	TSPC
0035EE 28 38       9843                   JR	Z,DOSPC
0035F0             9844                   ; CP	'''
0035F0 FE 27       9845                   CP	39	; apostrophe
0035F2 C0          9846                   RET	NZ
0035F3 CD 87 41    9847                   CALL	CRLF
0035F6 AF          9848                   XOR	A
0035F7 C9          9849                   RET
0035F8             9850   ;
0035F8 C5          9851   DOTAB:          PUSH	BC
0035F9 CD B7 18    9852                   CALL	EXPRI
0035FC D9          9853                   EXX
0035FD C1          9854                   POP	BC
0035FE FD 7E 00    9855                   LD	A,(IY)
003601 FE 2C       9856                   CP	','
003603 28 11       9857                   JR	Z,DOTAB1
003605 CD 39 21    9858                   CALL	BRAKET
003608 7D          9859                   LD	A,L
003609 21 FB 55    9860   TABIT:          LD	HL,COUNT
00360C BE          9861                   CP	(HL)
00360D C8          9862                   RET	Z
00360E F5          9863                   PUSH	AF
00360F DC 87 41    9864                   CALL	C,CRLF
003612 F1          9865                   POP	AF
003613 96          9866                   SUB	(HL)
003614 18 19       9867                   JR	SPACES
003616 FD 23       9868   DOTAB1:         INC	IY
003618 C5          9869                   PUSH	BC
003619 E5          9870                   PUSH	HL
00361A CD B7 18    9871                   CALL	EXPRI
00361D D9          9872                   EXX
00361E D1          9873                   POP	DE
00361F C1          9874                   POP	BC
003620 CD 39 21    9875                   CALL	BRAKET
003623 CD 20 0E    9876                   CALL	PUTCSR
003626 AF          9877                   XOR	A
003627 C9          9878                   RET
003628             9879   ;
003628 C5          9880   DOSPC:          PUSH	BC
003629 CD E4 18    9881                   CALL	ITEMI
00362C D9          9882                   EXX
00362D 7D          9883                   LD	A,L
00362E C1          9884                   POP	BC
00362F B7          9885   SPACES:         OR	A
003630 C8          9886                   RET	Z
003631 C5          9887                   PUSH	BC
003632 47          9888                   LD	B,A
003633 3E 20       9889   FILL1:          LD	A,' '
003635 CD 8E 41    9890                   CALL	OUTCHR
003638 10 F9       9891                   DJNZ	FILL1
00363A C1          9892                   POP	BC
00363B AF          9893                   XOR	A
00363C C9          9894                   RET
00363D             9895   ;
00363D 21 00 53    9896   PTEXT:          LD	HL,ACCS
003640 1C          9897                   INC	E
003641 1D          9898   PTEXT1:         DEC	E
003642 C8          9899                   RET	Z
003643 7E          9900                   LD	A,(HL)
003644 23          9901                   INC	HL
003645 CD 8E 41    9902                   CALL	OUTCHR
003648 18 F7       9903                   JR	PTEXT1
00364A             9904   ;
00364A F5          9905   FETCHS:         PUSH	AF
00364B C5          9906                   PUSH	BC
00364C E5          9907                   PUSH	HL
00364D FD E3       9908                   EX	(SP),IY
00364F CD 67 36    9909                   CALL	XTRACT
003652 CD 97 45    9910                   CALL	NXT
003655 FD E3       9911                   EX	(SP),IY
003657 E1          9912                   POP	HL
003658 C1          9913                   POP	BC
003659 F1          9914                   POP	AF
00365A C9          9915                   RET
00365B             9916   ;
00365B 11 00 53    9917   LINES:          LD	DE,ACCS
00365E 7E          9918   LINE1S:         LD	A,(HL)
00365F 12          9919                   LD	(DE),A
003660 FE 0D       9920                   CP	CR
003662 C8          9921                   RET	Z
003663 23          9922                   INC	HL
003664 1C          9923                   INC	E
003665 18 F7       9924                   JR	LINE1S
003667             9925   ;
003667 CD 97 45    9926   XTRACT:         CALL	NXT
00366A FE 22       9927                   CP	'"'
00366C FD 23       9928                   INC	IY
00366E CA FE 19    9929                   JP	Z,CONS
003671 FD 2B       9930                   DEC	IY
003673 11 00 53    9931                   LD	DE,ACCS
003676 FD 7E 00    9932   XTRAC1:         LD	A,(IY)
003679 12          9933                   LD	(DE),A
00367A FE 2C       9934                   CP	','
00367C C8          9935                   RET	Z
00367D FE 0D       9936                   CP	CR
00367F C8          9937                   RET	Z
003680 FD 23       9938                   INC	IY
003682 1C          9939                   INC	E
003683 18 F1       9940                   JR	XTRAC1
003685             9941   ;
003685 3E DC       9942   DSRCH:          LD	A,TDATA
003687 06 00       9943   SEARCHex:         LD	B,0
003689 4E          9944   SRCH1:          LD	C,(HL)
00368A 0C          9945                   INC	C
00368B 0D          9946                   DEC	C
00368C 28 0C       9947                   JR	Z,SRCH2		;FAIL
00368E 23          9948                   INC	HL
00368F 23          9949                   INC	HL
003690 23          9950                   INC	HL
003691 BE          9951                   CP	(HL)
003692 C8          9952                   RET	Z
003693 0D          9953                   DEC	C
003694 0D          9954                   DEC	C
003695 0D          9955                   DEC	C
003696 09          9956                   ADD	HL,BC
003697 C3 89 36    9957                   JP	SRCH1
00369A 2B          9958   SRCH2:          DEC	HL		;POINT TO CR
00369B 37          9959                   SCF
00369C C9          9960                   RET
00369D             9961   ;
00369D             9962   ; NSCAN - scan for token at start of line, with nesting of inner structures
00369D             9963   ; Alternative entry at NSCAN1 with L = level (used by CASE)
00369D             9964   ;
00369D             9965   ;   Inputs: B = token to find (1, start of line)
00369D             9966   ;           C = token to find (2, start of line)
00369D             9967   ;           E = token to nest (end of line)
00369D             9968   ;           D = token to unnest (start of line)
00369D             9969   ;           IY = start search area (line length byte)
00369D             9970   ;  Outputs: NZ if not found
00369D             9971   ;           Z if found, IY points to byte after token
00369D             9972   ; Destroys: A,B,C,L,IY,F
00369D             9973   ;
00369D 2E 00       9974   NSCAN:          LD	L,0		;nest level
00369F FD 7E 00    9975   NSCAN1:         LD	A,(IY)		;get line length
0036A2 B7          9976                   OR	A		;test zero = end of prog
0036A3 28 34       9977                   JR	Z,NSCAN6
0036A5 FD 7E 03    9978                   LD	A,(IY+3)	;initial token
0036A8 B8          9979                   CP	B		;test value reqd
0036A9 28 1D       9980                   JR	Z,NSCAN3	;found (1)
0036AB B9          9981                   CP	C
0036AC 28 1A       9982                   JR	Z,NSCAN3	;found (2)
0036AE BA          9983   NSCAN7:         CP	D		;unnest?
0036AF 28 22       9984                   JR	Z,NSCAN5
0036B1 C5          9985   NSCAN2:         PUSH	BC
0036B2 06 00       9986                   LD	B,0
0036B4 FD 4E 00    9987                   LD	C,(IY)
0036B7 FD 09       9988                   ADD	IY,BC		;go to next line
0036B9 FD 7E FE    9989                   LD	A,(IY-2)
0036BC BB          9990                   CP	E		;nest?
0036BD 79          9991                   LD	A,C
0036BE C1          9992                   POP	BC
0036BF 20 DE       9993                   JR	NZ,NSCAN1	;continue
0036C1 FE 05       9994                   CP	5		;empty line ?
0036C3 38 DA       9995                   JR	C,NSCAN1	;continue
0036C5 2C          9996                   INC	L		;increment nest level
0036C6 18 D7       9997                   JR	NSCAN1		;continue
0036C8             9998   ;
0036C8 2C          9999   NSCAN3:         INC	L
0036C9 2D          10000                   DEC	L
0036CA 20 E2       10001                   JR	NZ,NSCAN7
0036CC 01 04 00    10002   NSCAN4:         LD	BC,4
0036CF FD 09       10003                   ADD	IY,BC
0036D1 AF          10004                   XOR	A		;Z
0036D2 C9          10005                   RET
0036D3             10006   ;
0036D3 2D          10007   NSCAN5:         DEC	L		;decrement nest level
0036D4 F2 B1 36    10008                   JP	P,NSCAN2
0036D7 18 F3       10009                   JR	NSCAN4
0036D9             10010   ;
0036D9 F6 01       10011   NSCAN6:         OR	1		;NZ
0036DB C9          10012                   RET
0036DC             10013   ;
0036DC             10014   ; WSRCH - search for token, with nesting of inner structures
0036DC             10015   ;
0036DC             10016   ;   Inputs: B = token to find or unnest (anywhere)
0036DC             10017   ;           C = token to nest (anywhere), ignore after EXITex
0036DC             10018   ;           D = ordinal (1 = find first token, 2 = second)
0036DC             10019   ;           IY = address to start looking
0036DC             10020   ;  Outputs: IY points to byte after that found
0036DC             10021   ;           if not found abort to END
0036DC             10022   ; Destroys: A,D,IY,F
0036DC             10023   ;
0036DC FD 7E 00    10024   WSRCH:          LD	A,(IY)
0036DF FD 23       10025                   INC	IY
0036E1 FE 22       10026                   CP	'"'
0036E3 CC 25 37    10027                   CALL	Z,QUOTE
0036E6 FE F4       10028                   CP	TREM
0036E8 28 22       10029                   JR	Z,WSRCHM
0036EA FE 10       10030                   CP	TEXIT
0036EC 28 30       10031                   JR	Z,WSRCHE
0036EE B8          10032                   CP	B
0036EF 28 29       10033                   JR	Z,WSRCHX
0036F1 B9          10034                   CP	C
0036F2 28 23       10035                   JR	Z,WSRCHP
0036F4 FE 0D       10036                   CP	CR
0036F6 20 E4       10037                   JR	NZ,WSRCH
0036F8 FD 7E 00    10038   WSRCH1:         LD	A,(IY)			;Line length
0036FB FD 23       10039                   INC	IY
0036FD B7          10040                   OR	A
0036FE CA 5E 25    10041                   JP	Z,END
003701 FD 23       10042                   INC	IY
003703 FD 23       10043                   INC	IY			;Skip line number
003705 FD 7E 00    10044                   LD	A,(IY)
003708 FE DC       10045                   CP	TDATA
00370A 20 D0       10046                   JR	NZ,WSRCH
00370C FD 7E 00    10047   WSRCHM:         LD	A,(IY)
00370F FD 23       10048                   INC	IY
003711 FE 0D       10049                   CP	CR
003713 20 F7       10050                   JR	NZ,WSRCHM		;Skip to end of line
003715 18 E1       10051                   JR	WSRCH1
003717             10052   ;
003717 14          10053   WSRCHP:         INC	D
003718 18 C2       10054                   JR	WSRCH
00371A             10055   ;
00371A 15          10056   WSRCHX:         DEC	D
00371B 20 BF       10057                   JR	NZ,WSRCH
00371D C9          10058                   RET
00371E             10059   ;
00371E CD 97 45    10060   WSRCHE:         CALL	NXT
003721 FD 23       10061                   INC	IY
003723 18 B7       10062                   JR	WSRCH
003725             10063   ;
003725             10064   ; QUOTE - skip quoted string
003725             10065   ;
003725 FD 7E 00    10066   QUOTE:          LD	A,(IY)
003728 FD 23       10067                   INC	IY
00372A FE 0D       10068                   CP	CR
00372C CA 34 37    10069                   JP	Z,MISQUO
00372F FE 22       10070                   CP	'"'
003731 20 F2       10071                   JR	NZ,QUOTE
003733 C9          10072                   RET
003734             10073   ;
003734 3E 09       10074   MISQUO:         LD	A,9
003736 C3 D0 3F    10075                   JP	ERROR_		;"Missing quote"
003739             10076   ;
003739             10077   ; X14OR5 - multiply by 1, 4 or 5
003739             10078   ;   Inputs: DE = number to be multiplied
003739             10079   ;           A = 1, 4 or 5 (else multiply by 4)
003739             10080   ;  Outputs: DE = DE * A
003739             10081   ;           Carry set if overflow
003739             10082   ; Destroys: D,E,H,L,F
003739             10083   ;
003739 62          10084   X14OR5:         LD	H,D
00373A 6B          10085                   LD	L,E
00373B FE 01       10086                   CP	1
00373D C8          10087                   RET	Z
00373E FE 05       10088                   CP	5
003740 29          10089                   ADD	HL,HL
003741 D8          10090                   RET	C
003742 29          10091                   ADD	HL,HL
003743 D8          10092                   RET	C
003744 EB          10093                   EX	DE,HL
003745 C0          10094                   RET	NZ
003746 19          10095                   ADD	HL,DE
003747 EB          10096                   EX	DE,HL
003748 C9          10097                   RET
003749             10098   ;
003749             10099   ; MUL16 - 16-bit multiply
003749             10100   ;   Inputs: HL = number to be multiplied
003749             10101   ;           BC = multiplier
003749             10102   ;  Outputs: HL = HL * BC
003749             10103   ;           Carry set if overflow
003749             10104   ; Destroys: A,D,E,H,L,F
003749             10105   ;
003749 EB          10106   MUL16:          EX	DE,HL
00374A 21 00 00    10107                   LD	HL,0
00374D 3E 10       10108                   LD	A,16
00374F 29          10109   MUL161:         ADD	HL,HL
003750 D8          10110                   RET	C		;OVERFLOW
003751 CB 23       10111                   SLA	E
003753 CB 12       10112                   RL	D
003755 30 02       10113                   JR	NC,MUL162
003757 09          10114                   ADD	HL,BC
003758 D8          10115                   RET	C
003759 3D          10116   MUL162:         DEC	A
00375A 20 F3       10117                   JR	NZ,MUL161
00375C C9          10118                   RET
00375D             10119   ;
00375D CD 97 45    10120   CHANEL:         CALL	NXT
003760 FE 23       10121                   CP	'#'
003762 3E 2D       10122                   LD	A,45
003764 C2 D0 3F    10123                   JP	NZ,ERROR_	;"Missing #"
003767 FD 23       10124   CHNL:           INC	IY		;SKIP '#'
003769 CD E4 18    10125                   CALL	ITEMI
00376C D9          10126                   EXX
00376D EB          10127                   EX	DE,HL
00376E C9          10128                   RET
00376F             10129   ;
00376F             10130   ; FREESA - Free members of a string array if adjacent to the top of heap
00376F             10131   ;   Inputs: BC = length of array (= 4 * number of elements)
00376F             10132   ;           HL addresses array first byte *above* array
00376F             10133   ;  Outputs: NZ if any array element freed, Z if none
00376F             10134   ; Destroys: nothing
00376F             10135   ;
00376F F5          10136   FREESA:         PUSH	AF
003770 C5          10137   FREES0:         PUSH	BC
003771 D5          10138                   PUSH	DE
003772 E5          10139                   PUSH	HL
003773 AF          10140                   XOR	A
003774 50          10141                   LD	D,B
003775 59          10142                   LD	E,C
003776 47          10143                   LD	B,A
003777 D5          10144   FREES1:         PUSH	DE
003778 2B          10145                   DEC	HL
003779 56          10146                   LD	D,(HL)
00377A 2B          10147                   DEC	HL
00377B 5E          10148                   LD	E,(HL)
00377C 2B          10149                   DEC	HL
00377D 4E          10150                   LD	C,(HL)
00377E 2B          10151                   DEC	HL
00377F E5          10152                   PUSH	HL
003780 2A E0 55    10153                   LD	HL,(FREE)
003783 EB          10154                   EX	DE,HL
003784 09          10155                   ADD	HL,BC
003785 ED 52       10156                   SBC	HL,DE
003787 20 07       10157                   JR	NZ,FREES2
003789 19          10158                   ADD	HL,DE
00378A ED 42       10159                   SBC	HL,BC
00378C 22 E0 55    10160                   LD	(FREE),HL
00378F B4          10161                   OR	H
003790 D1          10162   FREES2:         POP	DE
003791 E1          10163                   POP	HL
003792 0E 04       10164                   LD	C,4
003794 B7          10165                   OR	A
003795 ED 42       10166                   SBC	HL,BC
003797 EB          10167                   EX	DE,HL
003798 20 DD       10168                   JR	NZ,FREES1
00379A B7          10169                   OR	A
00379B E1          10170                   POP	HL
00379C D1          10171                   POP	DE
00379D C1          10172                   POP	BC
00379E B7          10173                   OR	A
00379F 20 CF       10174                   JR	NZ,FREES0
0037A1 F1          10175                   POP	AF
0037A2 C9          10176                   RET
0037A3             10177   ;
0037A3             10178   ;                END
0037A3             10179   ; --- End exec.asm ---
0037A3             10180   
0037A3             10181   ; --- Begin main.asm ---
0037A3             10182   ;
0037A3             10183   ;Automatically created from original source on 2024-12-15 15:29:12
0037A3             10184   ;
0037A3             10185                   .ASSUME ADL = 0
0037A3             10186   ;	.ORG 0x0000
0037A3             10187   ;                SEGMENT CODE
0037A3             10188   ;
0037A3             10189   ;                XDEF	NEWIT
0037A3             10190   ;                XDEF	BAD
0037A3             10191   ;                XDEF	CLEAN
0037A3             10192   ;                XDEF	LINNUM
0037A3             10193   ;                XDEF	ERROR_
0037A3             10194   ;                XDEF	GETTOP
0037A3             10195   ;                XDEF	DEL
0037A3             10196   ;                XDEF	LISTIT
0037A3             10197   ;
0037A3             10198   ;BBC BASIC INTERPRETER - Z80 VERSION
0037A3             10199   ;COMMANDS AND COMMON MODULE - "MAIN"
0037A3             10200   ;(C) COPYRIGHT R.T.RUSSELL 1981-2025
0037A3             10201   ;
0037A3             10202   ;THE NAME BBC BASIC IS USED WITH THE PERMISSION
0037A3             10203   ;OF THE BRITISH BROADCASTING CORPORATION AND IS
0037A3             10204   ;NOT TRANSFERRABLE TO A FORKED OR DERIVED WORK.
0037A3             10205   ;
0037A3             10206   ;VERSION 2.3, 07-05-1984
0037A3             10207   ;VERSION 3.0, 01-03-1987
0037A3             10208   ;VERSION 5.0, 31-05-2024
0037A3             10209   ;VERSION 5.1, 10-08-2024
0037A3             10210   ;
0037A3             10211   ;                XREF	XEQ
0037A3             10212   ;                XREF	RUN0
0037A3             10213   ;                XREF	CHAIN0
0037A3             10214   ;                XREF	TERMQ
0037A3             10215   ;                XREF	MUL16
0037A3             10216   ;                XREF	X14OR5
0037A3             10217   ;                XREF	SPACES
0037A3             10218   ;                XREF	ESCAPE
0037A3             10219   ;                XREF	CHECK
0037A3             10220   ;                XREF	SEARCH
0037A3             10221   ;
0037A3             10222   ;                XREF	OSWRCH
0037A3             10223   ;                XREF	OSLINE
0037A3             10224   ;                XREF	OSINIT
0037A3             10225   ;                XREF	OSLOAD
0037A3             10226   ;                XREF	OSSAVE
0037A3             10227   ;                XREF	OSBGET
0037A3             10228   ;                XREF	OSBPUT
0037A3             10229   ;                XREF	OSSHUT
0037A3             10230   ;                XREF	OSSTAT
0037A3             10231   ;                XREF	PROMPT
0037A3             10232   ;                XREF	LTRAP
0037A3             10233   ;                XREF	OSCLI
0037A3             10234   ;                XREF	RESET
0037A3             10235   ;
0037A3             10236   ;                XREF	COMMA
0037A3             10237   ;                XREF	BRAKET
0037A3             10238   ;                XREF	ZERO
0037A3             10239   ;                XREF	ITEMI
0037A3             10240   ;                XREF	EXPRI
0037A3             10241   ;                XREF	EXPRS
0037A3             10242   ;                XREF	DECODE
0037A3             10243   ;                XREF	LOADN
0037A3             10244   ;                XREF	SFIX
0037A3             10245   ;
0037A3             10246   ;                XDEF	NXT
0037A3             10247   ;                XDEF	NLIST
0037A3             10248   ;                XDEF	START
0037A3             10249   ;                XDEF	OUTCHR
0037A3             10250   ;                XDEF	OUT
0037A3             10251   ;                XDEF	ERROR_
0037A3             10252   ;                XDEF	EXTERR
0037A3             10253   ;                XDEF	REPORT
0037A3             10254   ;                XDEF	CLOOP
0037A3             10255   ;                XDEF	WARM
0037A3             10256   ;                XDEF	CLEAR
0037A3             10257   ;                XDEF	CRLF
0037A3             10258   ;                XDEF	SAYLN
0037A3             10259   ;                XDEF	LOAD0
0037A3             10260   ;                XDEF	TELL
0037A3             10261   ;                XDEF	FINDL
0037A3             10262   ;                XDEF	GETTOP
0037A3             10263   ;                XDEF	SETLIN
0037A3             10264   ;                XDEF	GETVAR
0037A3             10265   ;                XDEF	PUTVAR
0037A3             10266   ;                XDEF	GETDEF
0037A3             10267   ;                XDEF	LOCATE
0037A3             10268   ;                XDEF	CREATE
0037A3             10269   ;                XDEF	PBCDL
0037A3             10270   ;                XDEF	LEXAN2
0037A3             10271   ;                XDEF	RANGE
0037A3             10272   ;                XDEF	VERMSG
0037A3             10273   ;                XDEF	KEYWDS
0037A3             10274   ;                XDEF	KEYWDL
0037A3             10275   ;
0037A3             10276   ;                XREF	PAGE_
0037A3             10277   ;                XREF	ACCS
0037A3             10278   ;                XREF	BUFFER
0037A3             10279   ;                XREF	LOMEM
0037A3             10280   ;                XREF	HIMEM
0037A3             10281   ;                XREF	COUNT
0037A3             10282   ;                XREF	WIDTH
0037A3             10283   ;                XREF	FREE
0037A3             10284   ;                XREF	STAVAR
0037A3             10285   ;                XREF	DYNVAR
0037A3             10286   ;                XREF	ERRTXT
0037A3             10287   ;                XREF	ERR
0037A3             10288   ;                XREF	ERL
0037A3             10289   ;                XREF	CURLIN
0037A3             10290   ;                XREF	ERRTRP
0037A3             10291   ;                XREF	ONERSP
0037A3             10292   ;                XREF	FNPTR
0037A3             10293   ;                XREF	PROPTR
0037A3             10294   ;                XREF	AUTONO
0037A3             10295   ;                XREF	INCREM
0037A3             10296   ;                XREF	LISTON
0037A3             10297   ;                XREF	TRACEN
0037A3             10298   ;
0037A3             10299   ; CR             EQU	0DH
0037A3             10300   ; LF             EQU	0AH
0037A3             10301   ; ESC            EQU	1BH
0037A3             10302   ;
0037A3             10303   TERROR:         EQU	85H
0037A3             10304   TLINE:          EQU	86H
0037A3             10305   TELSE:          EQU	8BH
0037A3             10306   TTHEN:          EQU	8CH
0037A3             10307   TLINO:          EQU	8DH
0037A3             10308   TFN:            EQU	0A4H
0037A3             10309   TTO:            EQU	0B8H
0037A3             10310   TWHILE:         EQU	0C7H
0037A3             10311   TCASE:          EQU	0C8H
0037A3             10312   TWHEN:          EQU	0C9H
0037A3             10313   TOF:            EQU	0CAH
0037A3             10314   TENDCASE:       EQU	0CBH
0037A3             10315   TOTHERWISE:     EQU	0CCH
0037A3             10316   TENDIF:         EQU	0CDH
0037A3             10317   TENDWHILE:      EQU	0CEH
0037A3             10318   TDATA:          EQU	0DCH
0037A3             10319   TDIM:           EQU	0DEH
0037A3             10320   TFOR:           EQU	0E3H
0037A3             10321   TGOSUB:         EQU	0E4H
0037A3             10322   TGOTO:          EQU	0E5H
0037A3             10323   TIF:            EQU	0E7H
0037A3             10324   TLOCAL:         EQU	0EAH
0037A3             10325   TNEXT:          EQU	0EDH
0037A3             10326   TON:            EQU	0EEH
0037A3             10327   TPROC:          EQU	0F2H
0037A3             10328   TREM:           EQU	0F4H
0037A3             10329   TREPEAT:        EQU	0F5H
0037A3             10330   TRESTORE:       EQU	0F7H
0037A3             10331   TTRACE:         EQU	0FCH
0037A3             10332   TUNTIL:         EQU	0FDH
0037A3             10333   TEXIT:          EQU	10H
0037A3             10334   ;
0037A3             10335   TOKLO:          EQU	8FH
0037A3             10336   TOKHI:          EQU	93H
0037A3             10337   OFFSET:         EQU	0CFH-TOKLO
0037A3             10338   ;
0037A3 C3 CD 37    10339   START:          JP	COLD
0037A6 C3 3B 38    10340                   JP	WARM
0037A9 C3 6D 26    10341                   JP	ESCAPE
0037AC C3 E1 3F    10342                   JP	EXTERR
0037AF C3 86 45    10343                   JP	TELL
0037B2 C3 74 45    10344                   JP	TEXT_
0037B5 C3 E4 18    10345                   JP	ITEMI
0037B8 C3 B7 18    10346                   JP	EXPRI
0037BB C3 C0 18    10347                   JP	EXPRS
0037BE C3 37 0A    10348                   JP	OSCLI
0037C1 C3 5D 06    10349                   JP	OSBGET
0037C4 C3 65 06    10350                   JP	OSBPUT
0037C7 C3 6E 06    10351                   JP	OSSTAT
0037CA C3 55 06    10352                   JP	OSSHUT
0037CD 21 00 55    10353   COLD:           LD	HL,STAVAR	;COLD START
0037D0 F9          10354                   LD	SP,HL
0037D1 36 0A       10355                   LD	(HL),10
0037D3 2C          10356                   INC	L
0037D4 36 09       10357                   LD	(HL),9
0037D6 2C          10358                   INC	L
0037D7 AF          10359                   XOR	A
0037D8 77          10360   PURGE:          LD	(HL),A		;CLEAR SCRATCHPAD
0037D9 2C          10361                   INC	L
0037DA 20 FC       10362                   JR	NZ,PURGE
0037DC 3E 37       10363                   LD	A,37H		;V3.0
0037DE 32 FE 55    10364                   LD	(LISTON),A
0037E1 21 1A 38    10365                   LD	HL,NOTICE
0037E4 22 EE 55    10366                   LD	(ERRTXT),HL
0037E7 CD 82 05    10367                   CALL	OSINIT
0037EA ED 53 E2 55 10368                   LD	(HIMEM),DE
0037EE 22 DC 55    10369                   LD	(PAGE_),HL
0037F1 CD CA 40    10370                   CALL	NEWIT
0037F4 C2 DD 24    10371                   JP	NZ,CHAIN0	;AUTO-RUN
0037F7 CD 86 45    10372                   CALL	TELL
0037FA 42 42 43 20 10373   VERMSG:         DB	"BBC BASIC (Z80) Version 5.00  "
       42 41 53 49 
       43 20 28 5A 
       38 30 29 20 
       56 65 72 73 
       69 6F 6E 20 
       35 2E 30 30 
       20 20       
003818 0D          10374                   DB	CR
003819 0A          10375                   DB	LF
00381A 28 43 29 20 10376   NOTICE:         DB	"(C) Copyright R.T.Russell 2025"
       43 6F 70 79 
       72 69 67 68 
       74 20 52 2E 
       54 2E 52 75 
       73 73 65 6C 
       6C 20 32 30 
       32 35       
003838 0D          10377                   DB	CR
003839 0A          10378                   DB	LF
00383A 00          10379                   DB	0
00383B F6          10380   WARM:           DB	0F6H
00383C 37          10381   CLOOP:          SCF
00383D ED 7B E2 55 10382                   LD	SP,(HIMEM)
003841 CD 95 05    10383                   CALL	PROMPT		;PROMPT USER
003844 21 FE 55    10384                   LD	HL,LISTON
003847 7E          10385                   LD	A,(HL)
003848 E6 0F       10386                   AND	0FH		;LISTO
00384A F6 30       10387                   OR	30H		;OPT 3
00384C 77          10388                   LD	(HL),A
00384D ED 62       10389                   SBC	HL,HL		;HL <- 0 (V3.0)
00384F 22 EA 55    10390                   LD	(ERRTRP),HL
003852 22 EC 55    10391                   LD	(ONERSP),HL
003855 22 F4 55    10392                   LD	(CURLIN),HL	;For CMOS EDIT->LIST
003858 2A E8 55    10393                   LD	HL,(AUTONO)
00385B E5          10394                   PUSH	HL
00385C 7C          10395                   LD	A,H
00385D B5          10396                   OR	L
00385E 28 17       10397                   JR	Z,NOAUTO
003860 E5          10398                   PUSH	HL
003861 CD 22 42    10399                   CALL	PBCD		;AUTO NUMBER
003864 E1          10400                   POP	HL
003865 ED 4B FF 55 10401                   LD	BC,(INCREM)
003869 06 00       10402                   LD	B,0
00386B 09          10403                   ADD	HL,BC
00386C DA 3B 44    10404                   JP	C,TOOBIGmn
00386F 22 E8 55    10405                   LD	(AUTONO),HL
003872 3E 20       10406                   LD	A,' '
003874 CD 8E 41    10407                   CALL	OUTCHR
003877 21 00 53    10408   NOAUTO:         LD	HL,ACCS
00387A CD E9 05    10409                   CALL	OSLINE		;GET CONSOLE INPUT
00387D AF          10410                   XOR	A
00387E 32 FB 55    10411                   LD	(COUNT),A
003881 FD 21 00 53 10412                   LD	IY,ACCS
003885 21 6D 3C    10413                   LD	HL,COMNDS
003888 CD 32 40    10414                   CALL	LEX0
00388B E1          10415                   POP	HL
00388C 20 19       10416                   JR	NZ,NOTCMD
00388E 87          10417                   ADD	A,A
00388F 4F          10418                   LD	C,A
003890 7C          10419                   LD	A,H
003891 B5          10420                   OR	L
003892 20 0F       10421                   JR	NZ,INAUTO
003894 47          10422                   LD	B,A
003895 21 9D 3C    10423                   LD	HL,CMDTABmn
003898 09          10424                   ADD	HL,BC
003899 7E          10425                   LD	A,(HL)		;TABLE ENTRY
00389A 23          10426                   INC	HL
00389B 66          10427                   LD	H,(HL)
00389C 6F          10428                   LD	L,A
00389D FD 23       10429                   INC	IY
00389F CD 97 45    10430                   CALL	NXT
0038A2 E9          10431                   JP	(HL)		;EXECUTE COMMAND
0038A3             10432   ;
0038A3 FD 21 00 53 10433   INAUTO:         LD	IY,ACCS
0038A7 7C          10434   NOTCMD:         LD	A,H
0038A8 B5          10435                   OR	L
0038A9 CC 16 44    10436                   CALL	Z,LINNUM
0038AC CD 97 45    10437                   CALL	NXT
0038AF 11 00 54    10438                   LD	DE,BUFFER
0038B2 0E 01       10439                   LD	C,1		;LEFT MODE
0038B4 E5          10440                   PUSH	HL
0038B5 CD A4 44    10441                   CALL	LEXAN2		;LEXICAL ANALYSIS
0038B8 E1          10442                   POP	HL
0038B9 12          10443                   LD	(DE),A		;TERMINATOR
0038BA AF          10444                   XOR	A
0038BB 47          10445                   LD	B,A
0038BC 4B          10446                   LD	C,E		;BC=LINE LENGTH
0038BD 13          10447                   INC	DE
0038BE 12          10448                   LD	(DE),A		;ZERO NEXT
0038BF 7C          10449                   LD	A,H
0038C0 B5          10450                   OR	L
0038C1 FD 21 00 54 10451                   LD	IY,BUFFER	;FOR XEQ
0038C5 CA 24 25    10452                   JP	Z,XEQ		;DIRECT MODE
0038C8 C5          10453                   PUSH	BC
0038C9 CD CF 41    10454                   CALL	FINDL
0038CC CC 75 40    10455                   CALL	Z,DEL
0038CF C1          10456                   POP	BC
0038D0 79          10457                   LD	A,C
0038D1 B7          10458                   OR	A
0038D2 28 39       10459                   JR	Z,CLOOP2	;DELETE LINE ONLY
0038D4 C6 04       10460                   ADD	A,4
0038D6 4F          10461                   LD	C,A		;LENGTH INCLUSIVE
0038D7 D5          10462                   PUSH	DE		;LINE NUMBER
0038D8 C5          10463                   PUSH	BC		;SAVE LINE LENGTH
0038D9 EB          10464                   EX	DE,HL
0038DA C5          10465                   PUSH	BC
0038DB CD B1 40    10466                   CALL	GETTOP
0038DE C1          10467                   POP	BC
0038DF E5          10468                   PUSH	HL
0038E0 09          10469                   ADD	HL,BC
0038E1 E5          10470                   PUSH	HL
0038E2 24          10471                   INC	H
0038E3 AF          10472                   XOR	A
0038E4 ED 72       10473                   SBC	HL,SP
0038E6 E1          10474                   POP	HL
0038E7 D2 D0 3F    10475                   JP	NC,ERROR_	;"No room"
0038EA E3          10476                   EX	(SP),HL
0038EB E5          10477                   PUSH	HL
0038EC 23          10478                   INC	HL
0038ED B7          10479                   OR	A
0038EE ED 52       10480                   SBC	HL,DE
0038F0 44          10481                   LD	B,H		;BC=AMOUNT TO MOVE
0038F1 4D          10482                   LD	C,L
0038F2 E1          10483                   POP	HL
0038F3 D1          10484                   POP	DE
0038F4 28 02       10485                   JR	Z,ATEND
0038F6 ED B8       10486                   LDDR			;MAKE SPACE
0038F8 C1          10487   ATEND:          POP	BC		;LINE LENGTH
0038F9 D1          10488                   POP	DE		;LINE NUMBER
0038FA 23          10489                   INC	HL
0038FB 71          10490                   LD	(HL),C		;STORE LENGTH
0038FC 23          10491                   INC	HL
0038FD 73          10492                   LD	(HL),E		;STORE LINE NUMBER
0038FE 23          10493                   INC	HL
0038FF 72          10494                   LD	(HL),D
003900 23          10495                   INC	HL
003901 11 00 54    10496                   LD	DE,BUFFER
003904 EB          10497                   EX	DE,HL
003905 0D          10498                   DEC	C
003906 0D          10499                   DEC	C
003907 0D          10500                   DEC	C
003908 ED B0       10501                   LDIR			;ADD LINE
00390A CD A6 40    10502                   CALL	CLEAN
00390D C3 3C 38    10503   CLOOP2:         JP	CLOOP
003910             10504   ;
003910             10505   ;LIST OF TOKENS AND KEYWORDS.
003910             10506   ;IF A KEYWORD IS FOLLOWED BY NUL THEN IT WILL
003910             10507   ; ONLY MATCH WITH THE WORD FOLLOWED IMMEDIATELY
003910             10508   ; BY A DELIMITER.
003910             10509   ;
003910 80          10510   KEYWDS:         DB	80H
003911 41 4E 44    10511                   DB	"AND"
003914 94          10512                   DB	94H
003915 41 42 53    10513                   DB	"ABS"
003918 95          10514                   DB	95H
003919 41 43 53    10515                   DB	"ACS"
00391C 96          10516                   DB	96H
00391D 41 44 56 41 10517                   DB	"ADVAL"
       4C          
003922 97          10518                   DB	97H
003923 41 53 43    10519                   DB	"ASC"
003926 98          10520                   DB	98H
003927 41 53 4E    10521                   DB	"ASN"
00392A 99          10522                   DB	99H
00392B 41 54 4E    10523                   DB	"ATN"
00392E 9A          10524                   DB	9AH
00392F 42 47 45 54 10525                   DB	"BGET "
       20          
003934 D5          10526                   DB	0D5H
003935 42 50 55 54 10527                   DB	"BPUT "
       20          
00393A 0F          10528                   DB	0FH
00393B 42 59 20    10529                   DB	"BY "		; v5
00393E FB          10530                   DB	0FBH
00393F 43 4F 4C 4F 10531                   DB	"COLOUR"
       55 52       
003945 FB          10532                   DB	0FBH
003946 43 4F 4C 4F 10533                   DB	"COLOR"
       52          
00394B D6          10534                   DB	0D6H
00394C 43 41 4C 4C 10535                   DB	"CALL"
003950 C8          10536                   DB	0C8H
003951 43 41 53 45 10537                   DB	"CASE"		; v5
003955 D7          10538                   DB	0D7H
003956 43 48 41 49 10539                   DB	"CHAIN"
       4E          
00395B BD          10540                   DB	0BDH
00395C 43 48 52 24 10541                   DB	"CHR$"
003960 D8          10542                   DB	0D8H
003961 43 4C 45 41 10543                   DB	"CLEAR "
       52 20       
003967 D9          10544                   DB	0D9H
003968 43 4C 4F 53 10545                   DB	"CLOSE "
       45 20       
00396E DA          10546                   DB	0DAH
00396F 43 4C 47 20 10547                   DB	"CLG "
003973 DB          10548                   DB	0DBH
003974 43 4C 53 20 10549                   DB	"CLS "
003978 9B          10550                   DB	9BH
003979 43 4F 53    10551                   DB	"COS"
00397C 9C          10552                   DB	9CH
00397D 43 4F 55 4E 10553                   DB	"COUNT "
       54 20       
003983 01          10554                   DB	01H
003984 43 49 52 43 10555                   DB	"CIRCLE"	; v5
       4C 45       
00398A DC          10556                   DB	0DCH
00398B 44 41 54 41 10557                   DB	"DATA"
00398F 9D          10558                   DB	9DH
003990 44 45 47    10559                   DB	"DEG"
003993 DD          10560                   DB	0DDH
003994 44 45 46    10561                   DB	"DEF"
003997 81          10562                   DB	81H
003998 44 49 56    10563                   DB	"DIV"
00399B DE          10564                   DB	0DEH
00399C 44 49 4D    10565                   DB	"DIM"
00399F DF          10566                   DB	0DFH
0039A0 44 52 41 57 10567                   DB	"DRAW"
0039A4 E1          10568                   DB	0E1H
0039A5 45 4E 44 50 10569                   DB	"ENDPROC "
       52 4F 43 20 
0039AD CE          10570                   DB	0CEH
0039AE 45 4E 44 57 10571                   DB	"ENDWHILE "	; v5
       48 49 4C 45 
       20          
0039B7 CB          10572                   DB	0CBH
0039B8 45 4E 44 43 10573                   DB	"ENDCASE "	; v5
       41 53 45 20 
0039C0 CD          10574                   DB	0CDH
0039C1 45 4E 44 49 10575                   DB	"ENDIF "	; v5
       46 20       
0039C7 E0          10576                   DB	0E0H
0039C8 45 4E 44 20 10577                   DB	"END "
0039CC E2          10578                   DB	0E2H
0039CD 45 4E 56 45 10579                   DB	"ENVELOPE"
       4C 4F 50 45 
0039D5 8B          10580                   DB	8BH
0039D6 45 4C 53 45 10581                   DB	"ELSE"
0039DA A0          10582                   DB	0A0H
0039DB 45 56 41 4C 10583                   DB	"EVAL"
0039DF 9E          10584                   DB	9EH
0039E0 45 52 4C 20 10585                   DB	"ERL "
0039E4 85          10586                   DB	85H
0039E5 45 52 52 4F 10587                   DB	"ERROR"
       52          
0039EA C5          10588                   DB	0C5H
0039EB 45 4F 46 20 10589                   DB	"EOF "
0039EF 82          10590                   DB	82H
0039F0 45 4F 52    10591                   DB	"EOR"
0039F3 9F          10592                   DB	9FH
0039F4 45 52 52 20 10593                   DB	"ERR "
0039F8 10          10594                   DB	10H
0039F9 45 58 49 54 10595                   DB	"EXIT "		; v5
       20          
0039FE A1          10596                   DB	0A1H
0039FF 45 58 50    10597                   DB	"EXP"
003A02 A2          10598                   DB	0A2H
003A03 45 58 54 20 10599                   DB	"EXT "
003A07 02          10600                   DB	02H
003A08 45 4C 4C 49 10601                   DB	"ELLIPSE"	; v5
       50 53 45    
003A0F E3          10602                   DB	0E3H
003A10 46 4F 52    10603                   DB	"FOR"
003A13 A3          10604                   DB	0A3H
003A14 46 41 4C 53 10605                   DB	"FALSE "
       45 20       
003A1A 03          10606                   DB	03H
003A1B 46 49 4C 4C 10607                   DB	"FILL"		; v5
003A1F A4          10608                   DB	0A4H
003A20 46 4E       10609                   DB	"FN"
003A22 E5          10610                   DB	0E5H
003A23 47 4F 54 4F 10611                   DB	"GOTO"
003A27 BE          10612                   DB	0BEH
003A28 47 45 54 24 10613                   DB	"GET$"
003A2C A5          10614                   DB	0A5H
003A2D 47 45 54    10615                   DB	"GET"
003A30 E4          10616                   DB	0E4H
003A31 47 4F 53 55 10617                   DB	"GOSUB"
       42          
003A36 E6          10618                   DB	0E6H
003A37 47 43 4F 4C 10619                   DB	"GCOL"
003A3B 93          10620                   DB	93H
003A3C 48 49 4D 45 10621                   DB	"HIMEM "
       4D 20       
003A42 E8          10622                   DB	0E8H
003A43 49 4E 50 55 10623                   DB	"INPUT"
       54          
003A48 E7          10624                   DB	0E7H
003A49 49 46       10625                   DB	"IF"
003A4B BF          10626                   DB	0BFH
003A4C 49 4E 4B 45 10627                   DB	"INKEY$"
       59 24       
003A52 A6          10628                   DB	0A6H
003A53 49 4E 4B 45 10629                   DB	"INKEY"
       59          
003A58 A8          10630                   DB	0A8H
003A59 49 4E 54    10631                   DB	"INT"
003A5C A7          10632                   DB	0A7H
003A5D 49 4E 53 54 10633                   DB	"INSTR("
       52 28       
003A63 0C          10634                   DB	0CH
003A64 49 4E 53 54 10635                   DB	"INSTALL"	; v5
       41 4C 4C    
003A6B 86          10636                   DB	86H
003A6C 4C 49 4E 45 10637                   DB	"LINE"
003A70 92          10638                   DB	92H
003A71 4C 4F 4D 45 10639                   DB	"LOMEM "
       4D 20       
003A77 EA          10640                   DB	0EAH
003A78 4C 4F 43 41 10641                   DB	"LOCAL"
       4C          
003A7D C0          10642                   DB	0C0H
003A7E 4C 45 46 54 10643                   DB	"LEFT$("
       24 28       
003A84 A9          10644                   DB	0A9H
003A85 4C 45 4E    10645                   DB	"LEN"
003A88 E9          10646                   DB	0E9H
003A89 4C 45 54    10647                   DB	"LET"
003A8C AB          10648                   DB	0ABH
003A8D 4C 4F 47    10649                   DB	"LOG"
003A90 AA          10650                   DB	0AAH
003A91 4C 4E       10651                   DB	"LN"
003A93 C1          10652                   DB	0C1H
003A94 4D 49 44 24 10653                   DB	"MID$("
       28          
003A99 EB          10654                   DB	0EBH
003A9A 4D 4F 44 45 10655                   DB	"MODE"
003A9E 83          10656                   DB	83H
003A9F 4D 4F 44    10657                   DB	"MOD"
003AA2 EC          10658                   DB	0ECH
003AA3 4D 4F 56 45 10659                   DB	"MOVE"
003AA7 04          10660                   DB	04H
003AA8 4D 4F 55 53 10661                   DB	"MOUSE"		; v5
       45          
003AAD ED          10662                   DB	0EDH
003AAE 4E 45 58 54 10663                   DB	"NEXT"
003AB2 AC          10664                   DB	0ACH
003AB3 4E 4F 54    10665                   DB	"NOT"
003AB6 EE          10666                   DB	0EEH
003AB7 4F 4E       10667                   DB	"ON"
003AB9 87          10668                   DB	87H
003ABA 4F 46 46 20 10669                   DB	"OFF "
003ABE CA          10670                   DB	0CAH
003ABF 4F 46 20    10671                   DB	"OF "		; v5
003AC2 05          10672                   DB	05H
003AC3 4F 52 49 47 10673                   DB	"ORIGIN"	; v5
       49 4E       
003AC9 84          10674                   DB	84H
003ACA 4F 52       10675                   DB	"OR"
003ACC 8E          10676                   DB	8EH
003ACD 4F 50 45 4E 10677                   DB	"OPENIN"
       49 4E       
003AD3 AE          10678                   DB	0AEH
003AD4 4F 50 45 4E 10679                   DB	"OPENOUT"
       4F 55 54    
003ADB AD          10680                   DB	0ADH
003ADC 4F 50 45 4E 10681                   DB	"OPENUP"
       55 50       
003AE2 FF          10682                   DB	0FFH
003AE3 4F 53 43 4C 10683                   DB	"OSCLI"
       49          
003AE8 CC          10684                   DB	0CCH
003AE9 4F 54 48 45 10685                   DB	"OTHERWISE"	; v5
       52 57 49 53 
       45          
003AF2 F1          10686                   DB	0F1H
003AF3 50 52 49 4E 10687                   DB	"PRINT"
       54          
003AF8 90          10688                   DB	90H
003AF9 50 41 47 45 10689                   DB	"PAGE "
       20          
003AFE 8F          10690                   DB	8FH
003AFF 50 54 52 20 10691                   DB	"PTR "
003B03 AF          10692                   DB	0AFH
003B04 50 49 20    10693                   DB	"PI "
003B07 F0          10694                   DB	0F0H
003B08 50 4C 4F 54 10695                   DB	"PLOT"
003B0C B0          10696                   DB	0B0H
003B0D 50 4F 49 4E 10697                   DB	"POINT("
       54 28       
003B13 F2          10698                   DB	0F2H
003B14 50 52 4F 43 10699                   DB	"PROC"
003B18 B1          10700                   DB	0B1H
003B19 50 4F 53 20 10701                   DB	"POS "
003B1D 0E          10702                   DB	0EH
003B1E 50 55 54    10703                   DB	"PUT"		; Token changed
003B21 06          10704                   DB	06H
003B22 51 55 49 54 10705                   DB	"QUIT "		; v5
       20          
003B27 F8          10706                   DB	0F8H
003B28 52 45 54 55 10707                   DB	"RETURN "
       52 4E 20    
003B2F F5          10708                   DB	0F5H
003B30 52 45 50 45 10709                   DB	"REPEAT"
       41 54       
003B36 F6          10710                   DB	0F6H
003B37 52 45 50 4F 10711                   DB	"REPORT "
       52 54 20    
003B3E F3          10712                   DB	0F3H
003B3F 52 45 41 44 10713                   DB	"READ"
003B43 F4          10714                   DB	0F4H
003B44 52 45 4D    10715                   DB	"REM"
003B47 F9          10716                   DB	0F9H
003B48 52 55 4E 20 10717                   DB	"RUN "
003B4C B2          10718                   DB	0B2H
003B4D 52 41 44    10719                   DB	"RAD"
003B50 F7          10720                   DB	0F7H
003B51 52 45 53 54 10721                   DB	"RESTORE"
       4F 52 45    
003B58 C2          10722                   DB	0C2H
003B59 52 49 47 48 10723                   DB	"RIGHT$("
       54 24 28    
003B60 B3          10724                   DB	0B3H
003B61 52 4E 44 20 10725                   DB	"RND "
003B65 07          10726                   DB	07H
003B66 52 45 43 54 10727                   DB	"RECTANGLE"	; v5
       41 4E 47 4C 
       45          
003B6F 88          10728                   DB	88H
003B70 53 54 45 50 10729                   DB	"STEP"
003B74 B4          10730                   DB	0B4H
003B75 53 47 4E    10731                   DB	"SGN"
003B78 B5          10732                   DB	0B5H
003B79 53 49 4E    10733                   DB	"SIN"
003B7C B6          10734                   DB	0B6H
003B7D 53 51 52    10735                   DB	"SQR"
003B80 89          10736                   DB	89H
003B81 53 50 43    10737                   DB	"SPC"
003B84 C3          10738                   DB	0C3H
003B85 53 54 52 24 10739                   DB	"STR$"
003B89 C4          10740                   DB	0C4H
003B8A 53 54 52 49 10741                   DB	"STRING$("
       4E 47 24 28 
003B92 D4          10742                   DB	0D4H
003B93 53 4F 55 4E 10743                   DB	"SOUND"
       44          
003B98 FA          10744                   DB	0FAH
003B99 53 54 4F 50 10745                   DB	"STOP "
       20          
003B9E C6          10746                   DB	0C6H
003B9F 53 55 4D    10747                   DB	"SUM"		; v5
003BA2 08          10748                   DB	08H
003BA3 53 57 41 50 10749                   DB	"SWAP"		; v5
003BA7 09          10750                   DB	09H
003BA8 53 59 53    10751                   DB	"SYS"		; v5
003BAB B7          10752                   DB	0B7H
003BAC 54 41 4E    10753                   DB	"TAN"
003BAF 8A          10754                   DB	8AH
003BB0 54 41 42 28 10755                   DB	"TAB("
003BB4 8C          10756                   DB	8CH
003BB5 54 48 45 4E 10757                   DB	"THEN"
003BB9 91          10758                   DB	91H
003BBA 54 49 4D 45 10759                   DB	"TIME "
       20          
003BBF 0A          10760                   DB	0AH
003BC0 54 49 4E 54 10761                   DB	"TINT"
003BC4 B8          10762                   DB	0B8H
003BC5 54 4F       10763                   DB	"TO"
003BC7 FC          10764                   DB	0FCH
003BC8 54 52 41 43 10765                   DB	"TRACE"
       45          
003BCD B9          10766                   DB	0B9H
003BCE 54 52 55 45 10767                   DB	"TRUE "
       20          
003BD3 FD          10768                   DB	0FDH
003BD4 55 4E 54 49 10769                   DB	"UNTIL"
       4C          
003BD9 BA          10770                   DB	0BAH
003BDA 55 53 52    10771                   DB	"USR"
003BDD EF          10772                   DB	0EFH
003BDE 56 44 55    10773                   DB	"VDU"
003BE1 BB          10774                   DB	0BBH
003BE2 56 41 4C    10775                   DB	"VAL"
003BE5 BC          10776                   DB	0BCH
003BE6 56 50 4F 53 10777                   DB	"VPOS "
       20          
003BEB C7          10778                   DB	0C7H
003BEC 57 48 49 4C 10779                   DB	"WHILE"		; v5
       45          
003BF1 C9          10780                   DB	0C9H
003BF2 57 48 45 4E 10781                   DB	"WHEN"		; v5
003BF6 0B          10782                   DB	0BH
003BF7 57 41 49 54 10783                   DB	"WAIT "		; v5
       20          
003BFC FE          10784                   DB	0FEH
003BFD 57 49 44 54 10785                   DB	"WIDTH"
       48          
003C02             10786   ;'LEFT' TOKENS:
003C02 CF          10787                   DB	0CFH
003C03 50 54 52    10788                   DB	"PTR"
003C06 D1          10789                   DB	0D1H
003C07 54 49 4D 45 10790                   DB	"TIME"
003C0B D3          10791                   DB	0D3H
003C0C 48 49 4D 45 10792                   DB	"HIMEM"
       4D          
003C11 D2          10793                   DB	0D2H
003C12 4C 4F 4D 45 10794                   DB	"LOMEM"
       4D          
003C17 D0          10795                   DB	0D0H
003C18 50 41 47 45 10796                   DB	"PAGE"
003C1C             10797   ;
003C1C 11          10798                   DB	11H
003C1D 4D 69 73 73 10799                   DB	"Missing "
       69 6E 67 20 
003C25 12          10800                   DB	12H
003C26 4E 6F 20 73 10801                   DB	"No such "
       75 63 68 20 
003C2E 13          10802                   DB	13H
003C2F 42 61 64 20 10803                   DB	"Bad "
003C33 14          10804                   DB	14H
003C34 20 72 61 6E 10805                   DB	" range"
       67 65       
003C3A 15          10806                   DB	15H
003C3B 76 61 72 69 10807                   DB	"variable"
       61 62 6C 65 
003C43 16          10808                   DB	16H
003C44 4F 75 74 20 10809                   DB	"Out of"
       6F 66       
003C4A 17          10810                   DB	17H
003C4B 4E 6F 20    10811                   DB	"No "
003C4E 18          10812                   DB	18H
003C4F 20 73 70 61 10813                   DB	" space"
       63 65       
003C55 19          10814                   DB	19H
003C56 4E 6F 74 20 10815                   DB	"Not in a "
       69 6E 20 61 
       20          
003C5F 1A          10816                   DB	1AH
003C60 20 6C 6F 6F 10817                   DB	" loop"
       70          
003C65 1B          10818                   DB	1BH
003C66 20 6E 6F 74 10819                   DB	" not "
       20          
003C6B             10820   KEYWDL:         EQU	$-KEYWDS
003C6B FF FF       10821                   DW	-1
003C6D             10822   ;
003C6D             10823   ;LIST OF IMMEDIATE MODE COMMANDS:
003C6D             10824   ;
003C6D 80          10825   COMNDS:         DB	80H
003C6E 41 55 54 4F 10826                   DB	"AUTO"
003C72 81          10827                   DB	81H
003C73 44 45 4C 45 10828                   DB	"DELETE"
       54 45       
003C79 82          10829                   DB	82H
003C7A 4C 49 53 54 10830                   DB	"LIST"
003C7E 83          10831                   DB	83H
003C7F 4C 4F 41 44 10832                   DB	"LOAD"
003C83 84          10833                   DB	84H
003C84 4E 45 57 20 10834                   DB	"NEW "
003C88 85          10835                   DB	85H
003C89 4F 4C 44 20 10836                   DB	"OLD "
003C8D 86          10837                   DB	86H
003C8E 52 45 4E 55 10838                   DB	"RENUMBER"
       4D 42 45 52 
003C96 87          10839                   DB	87H
003C97 53 41 56 45 10840                   DB	"SAVE"
003C9B FF FF       10841                   DW	-1
003C9D             10842   ;
003C9D             10843   ;IMMEDIATE MODE COMMANDS:
003C9D             10844   ;
003C9D 6F 3F       10845   CMDTABmn:         DW	AUTO
003C9F 12 3E       10846                   DW	DELETE
003CA1 3A 3E       10847                   DW	LIST
003CA3 8E 3F       10848                   DW	LOAD
003CA5 89 3F       10849                   DW	NEW
003CA7 9C 3F       10850                   DW	OLD
003CA9 BF 3E       10851                   DW	RENUM
003CAB B5 3F       10852                   DW	SAVE
003CAD             10853   ;
003CAD             10854   ;ERROR MESSAGES:
003CAD             10855   ;
003CAD 17          10856   ERRWDS:         DB	17H
003CAE 72 6F 6F 6D 10857                   DB	"room"
003CB2 00          10858                   DB	0
003CB3 16          10859                   DB	16H
003CB4 14          10860                   DB	14H
003CB5 00 00       10861                   DW	0
003CB7 4D 75 6C 74 10862                   DB	"Multiple label"
       69 70 6C 65 
       20 6C 61 62 
       65 6C       
003CC5 00          10863                   DB	0
003CC6 4D 69 73 74 10864                   DB	"Mistake"
       61 6B 65    
003CCD 00          10865                   DB	0
003CCE 11          10866                   DB	11H
003CCF 2C          10867                   DB	','
003CD0 00          10868                   DB	0
003CD1 54 79 70 65 10869                   DB	"Type mismatch"
       20 6D 69 73 
       6D 61 74 63 
       68          
003CDE 00          10870                   DB	0
003CDF 19          10871                   DB	19H
003CE0 A4          10872                   DB	TFN
003CE1 00 00       10873                   DW	0
003CE3 11          10874                   DB	11H
003CE4 22          10875                   DB	'"'
003CE5 00          10876                   DB	0
003CE6 13          10877                   DB	13H
003CE7 DE          10878                   DB	TDIM
003CE8 00          10879                   DB	0
003CE9 DE          10880                   DB	TDIM
003CEA 18          10881                   DB	18H
003CEB 00          10882                   DB	0
003CEC 19          10883                   DB	19H
003CED A4          10884                   DB	TFN
003CEE 20 6F 72 20 10885                   DB	" or "
003CF2 F2          10886                   DB	TPROC
003CF3 00          10887                   DB	0
003CF4 19          10888                   DB	19H
003CF5 F2          10889                   DB	TPROC
003CF6 00          10890                   DB	0
003CF7 13          10891                   DB	13H
003CF8 75 73 65 20 10892                   DB	"use of array"
       6F 66 20 61 
       72 72 61 79 
003D04 00          10893                   DB	0
003D05 13          10894                   DB	13H
003D06 73 75 62 73 10895                   DB	"subscript"
       63 72 69 70 
       74          
003D0F 00          10896                   DB	0
003D10 53 79 6E 74 10897                   DB	"Syntax error"
       61 78 20 65 
       72 72 6F 72 
003D1C 00          10898                   DB	0
003D1D 45 73 63 61 10899                   DB	"Escape"
       70 65       
003D23 00          10900                   DB	0
003D24 44 69 76 69 10901                   DB	"Division by zero"
       73 69 6F 6E 
       20 62 79 20 
       7A 65 72 6F 
003D34 00          10902                   DB	0
003D35 53 74 72 69 10903                   DB	"String too long"
       6E 67 20 74 
       6F 6F 20 6C 
       6F 6E 67    
003D44 00          10904                   DB	0
003D45 4E 75 6D 62 10905                   DB	"Number too big"
       65 72 20 74 
       6F 6F 20 62 
       69 67       
003D53 00          10906                   DB	0
003D54 2D 76 65 20 10907                   DB	"-ve root"
       72 6F 6F 74 
003D5C 00          10908                   DB	0
003D5D 4C 6F 67    10909                   DB	"Log"
003D60 14          10910                   DB	14H
003D61 00          10911                   DB	0
003D62 41 63 63 75 10912                   DB	"Accuracy lost"
       72 61 63 79 
       20 6C 6F 73 
       74          
003D6F 00          10913                   DB	0
003D70 45 78 70 6F 10914                   DB	"Exponent"
       6E 65 6E 74 
003D78 14          10915                   DB	14H
003D79 00 00       10916                   DW	0
003D7B 12          10917                   DB	12H
003D7C 15          10918                   DB	15H
003D7D 00          10919                   DB	0
003D7E 11          10920                   DB	11H
003D7F 29          10921                   DB	')'
003D80 00          10922                   DB	0
003D81 13          10923                   DB	13H
003D82 68 65 78 20 10924                   DB	"hex or binary"
       6F 72 20 62 
       69 6E 61 72 
       79          
003D8F 00          10925                   DB	0
003D90 12          10926                   DB	12H
003D91 A4          10927                   DB	TFN
003D92 2F          10928                   DB	'/'
003D93 F2          10929                   DB	TPROC
003D94 00          10930                   DB	0
003D95 13          10931                   DB	13H
003D96 63 61 6C 6C 10932                   DB	"call"
003D9A 00          10933                   DB	0
003D9B 13          10934                   DB	13H
003D9C 61 72 67 75 10935                   DB	"arguments"
       6D 65 6E 74 
       73          
003DA5 00          10936                   DB	0
003DA6 19          10937                   DB	19H
003DA7 E3          10938                   DB	TFOR
003DA8 1A          10939                   DB	1AH
003DA9 00          10940                   DB	0
003DAA 43 61 6E 27 10941                   DB	"Can't match "
       74 20 6D 61 
       74 63 68 20 
003DB6 E3          10942                   DB	TFOR
003DB7 00          10943                   DB	0
003DB8 13          10944                   DB	13H
003DB9 E3          10945                   DB	TFOR
003DBA 20          10946                   DB	' '
003DBB 15          10947                   DB	15H
003DBC 00 00       10948                   DW	0
003DBE 11          10949                   DB	11H
003DBF B8          10950                   DB	TTO
003DC0 00 00       10951                   DW	0
003DC2 17          10952                   DB	17H
003DC3 E4          10953                   DB	TGOSUB
003DC4 00          10954                   DB	0
003DC5 EE          10955                   DB	TON
003DC6 20 73 79 6E 10956                   DB	" syntax"
       74 61 78    
003DCD 00          10957                   DB	0
003DCE EE          10958                   DB	TON
003DCF 14          10959                   DB	14H
003DD0 00          10960                   DB	0
003DD1 12          10961                   DB	12H
003DD2 6C 69 6E 65 10962                   DB	"line"
003DD6 00          10963                   DB	0
003DD7 16          10964                   DB	16H
003DD8 20          10965                   DB	' '
003DD9 DC          10966                   DB	TDATA
003DDA 00          10967                   DB	0
003DDB 19          10968                   DB	19H
003DDC F5          10969                   DB	TREPEAT
003DDD 1A          10970                   DB	1AH
003DDE 00          10971                   DB	0
003DDF 13          10972                   DB	13H
003DE0 10          10973                   DB	TEXIT
003DE1 00          10974                   DB	0
003DE2 11          10975                   DB	11H
003DE3 23          10976                   DB	'#'
003DE4 00          10977                   DB	0
003DE5 19          10978                   DB	19H		;46 Not in a WHILE loop
003DE6 C7          10979                   DB	TWHILE
003DE7 1A          10980                   DB	1AH
003DE8 00          10981                   DB	0
003DE9 11          10982                   DB	11H		;47 Missing ENDCASE
003DEA CB          10983                   DB	TENDCASE
003DEB 00          10984                   DB	0
003DEC CA          10985                   DB	TOF		;48 OF not last
003DED 1B          10986                   DB	1BH
003DEE 6C 61 73 74 10987                   DB	"last"
003DF2 00          10988                   DB	0
003DF3 11          10989                   DB	11H		;49 Missing ENDIF
003DF4 CD          10990                   DB	TENDIF
003DF5 00          10991                   DB	0
003DF6 00 00       10992                   DW	0
003DF8 00          10993                   DB	0
003DF9 EE          10994                   DB	TON		;53 ON ERROR not LOCAL
003DFA 20          10995                   DB	' '
003DFB 85          10996                   DB	TERROR
003DFC 1B          10997                   DB	1BH
003DFD EA          10998                   DB	TLOCAL
003DFE 00          10999                   DB	0
003DFF DC          11000                   DB	TDATA		;54 DATA not LOCAL
003E00 1B          11001                   DB	1BH
003E01 EA          11002                   DB	TLOCAL
003E02 00          11003                   DB	0
003E03             11004   ;
003E03             11005   ;Indent tokens (first four needn't be at start of line):
003E03             11006   ;
003E03 E3          11007   TOKADD:         DB	TFOR
003E04 F5          11008                   DB	TREPEAT
003E05 C7          11009                   DB	TWHILE
003E06 C8          11010                   DB	TCASE
003E07 8B          11011                   DB	TELSE
003E08 C9          11012                   DB	TWHEN
003E09 CC          11013                   DB	TOTHERWISE
003E0A             11014   LENADD:         EQU	$-TOKADD
003E0A             11015   ;
003E0A             11016   ;Outdent tokens (first three needn't be at start of line):
003E0A             11017   ;
003E0A ED          11018   TOKSUB:         DB	TNEXT
003E0B FD          11019                   DB	TUNTIL
003E0C CE          11020                   DB	TENDWHILE
003E0D CB          11021                   DB	TENDCASE
003E0E CD          11022                   DB	TENDIF
003E0F 8B          11023                   DB	TELSE
003E10 C9          11024                   DB	TWHEN
003E11 CC          11025                   DB	TOTHERWISE
003E12             11026   LENSUB:         EQU	$-TOKSUB
003E12             11027   ;
003E12             11028   ;COMMANDS:
003E12             11029   ;
003E12             11030   ;DELETE line,line
003E12             11031   ;
003E12 CD 63 44    11032   DELETE:         CALL	DLPAIR
003E15 7E          11033   DELET1:         LD	A,(HL)
003E16 B7          11034                   OR	A
003E17 28 79       11035                   JR	Z,WARMNC
003E19 23          11036                   INC	HL
003E1A 5E          11037                   LD	E,(HL)
003E1B 23          11038                   INC	HL
003E1C 56          11039                   LD	D,(HL)
003E1D 2B          11040                   DEC	HL
003E1E 2B          11041                   DEC	HL
003E1F EB          11042                   EX	DE,HL
003E20 37          11043                   SCF
003E21 ED 42       11044                   SBC	HL,BC
003E23 EB          11045                   EX	DE,HL
003E24 30 6C       11046                   JR	NC,WARMNC
003E26 C5          11047                   PUSH	BC
003E27 CD 75 40    11048                   CALL	DEL
003E2A C1          11049                   POP	BC
003E2B 18 E8       11050                   JR	DELET1
003E2D             11051   ;
003E2D             11052   ;LISTO expr
003E2D             11053   ;
003E2D FD 23       11054   LISTO:          INC	IY		;SKIP "O"
003E2F CD B7 18    11055                   CALL	EXPRI
003E32 D9          11056                   EXX
003E33 7D          11057                   LD	A,L
003E34 32 FE 55    11058                   LD	(LISTON),A
003E37 C3 3C 38    11059                   JP	CLOOP
003E3A             11060   ;
003E3A             11061   ;LIST
003E3A             11062   ;LIST line
003E3A             11063   ;LIST line,line [IF string]
003E3A             11064   ;LIST ,line
003E3A             11065   ;LIST line,
003E3A             11066   ;
003E3A FE 4F       11067   LIST:           CP	'O'
003E3C 28 EF       11068                   JR	Z,LISTO
003E3E 0E 01       11069                   LD	C,1
003E40 11 00 54    11070                   LD	DE,BUFFER
003E43 CD A4 44    11071                   CALL	LEXAN2
003E46 12          11072                   LD	(DE),A
003E47 FD 21 00 54 11073                   LD	IY,BUFFER
003E4B CD 63 44    11074                   CALL	DLPAIR
003E4E CD 97 45    11075                   CALL	NXT
003E51 FE E7       11076                   CP	TIF		;IF CLAUSE ?
003E53 3E 00       11077                   LD	A,0		;INIT IF-CLAUSE LENGTH
003E55 20 15       11078                   JR	NZ,LISTB
003E57 FD 23       11079                   INC	IY		;SKIP IF
003E59 CD 97 45    11080                   CALL	NXT		;SKIP SPACES (IF ANY)
003E5C EB          11081                   EX	DE,HL
003E5D FD E5       11082                   PUSH	IY
003E5F E1          11083                   POP	HL		;HL ADDRESSES IF CLAUSE
003E60 3E 0D       11084                   LD	A,CR
003E62 C5          11085                   PUSH	BC
003E63 01 00 01    11086                   LD	BC,256
003E66 ED B1       11087                   CPIR			;LOCATE CR
003E68 79          11088                   LD	A,C
003E69 2F          11089                   CPL			;A = SUBSTRING LENGTH
003E6A C1          11090                   POP	BC
003E6B EB          11091                   EX	DE,HL
003E6C 5F          11092   LISTB:          LD	E,A		;IF-CLAUSE LENGTH
003E6D 78          11093                   LD	A,B
003E6E B1          11094                   OR	C
003E6F 20 01       11095                   JR	NZ,LISTA
003E71 0B          11096                   DEC	BC
003E72 D9          11097   LISTA:          EXX
003E73 DD 21 FE 55 11098                   LD	IX,LISTON
003E77 1E 00       11099                   LD	E,0		;INDENTATION COUNT
003E79 D9          11100                   EXX
003E7A 3E 14       11101                   LD	A,20
003E7C             11102   ;
003E7C C5          11103   LISTC:          PUSH	BC		;SAVE HIGH LINE NUMBER
003E7D D5          11104                   PUSH	DE		;SAVE IF-CLAUSE LENGTH
003E7E E5          11105                   PUSH	HL		;SAVE PROGRAM POINTER
003E7F 08          11106                   EX	AF,AF'
003E80 7E          11107                   LD	A,(HL)
003E81 B7          11108                   OR	A
003E82 28 0E       11109                   JR	Z,WARMNC
003E84             11110   ;
003E84             11111   ;CHECK IF PAST TERMINATING LINE NUMBER:
003E84             11112   ;
003E84 7B          11113                   LD	A,E		;A = IF-CLAUSE LENGTH
003E85 23          11114                   INC	HL
003E86 5E          11115                   LD	E,(HL)
003E87 23          11116                   INC	HL
003E88 56          11117                   LD	D,(HL)		;DE = LINE NUMBER
003E89 2B          11118                   DEC	HL
003E8A 2B          11119                   DEC	HL
003E8B D5          11120                   PUSH	DE		;SAVE LINE NUMBER
003E8C EB          11121                   EX	DE,HL
003E8D 37          11122                   SCF
003E8E ED 42       11123                   SBC	HL,BC
003E90 EB          11124                   EX	DE,HL
003E91 D1          11125                   POP	DE		;RESTORE LINE NUMBER
003E92 D2 3B 38    11126   WARMNC:         JP	NC,WARM
003E95 4E          11127                   LD	C,(HL)		;C = LINE LENGTH + 4
003E96 47          11128                   LD	B,A		;B = IF-CLAUSE LENGTH
003E97             11129   ;
003E97             11130   ;CHECK FOR IF CLAUSE:
003E97             11131   ;
003E97 23          11132                   INC	HL
003E98 23          11133                   INC	HL
003E99 23          11134                   INC	HL		;HL ADDRESSES LINE TEXT
003E9A 0D          11135                   DEC	C
003E9B 0D          11136                   DEC	C
003E9C 0D          11137                   DEC	C
003E9D 0D          11138                   DEC	C		;C = LINE LENGTH
003E9E D5          11139                   PUSH	DE		;SAVE LINE NUMBER
003E9F E5          11140                   PUSH	HL		;SAVE LINE ADDRESS
003EA0 AF          11141                   XOR	A		;A <- 0
003EA1 B8          11142                   CP	B		;WAS THERE AN IF-CLAUSE
003EA2 FD E5       11143                   PUSH	IY
003EA4 D1          11144                   POP	DE		;DE ADDRESSES IF-CLAUSE
003EA5 C4 7A 1E    11145                   CALL	NZ,SEARCH	;SEARCH FOR IF CLAUSE
003EA8 E1          11146                   POP	HL		;RESTORE LINE ADDRESS
003EA9 D1          11147                   POP	DE		;RESTORE LINE NUMBER
003EAA FD E5       11148                   PUSH	IY
003EAC CC E9 40    11149                   CALL	Z,LISTIT	;LIST IF MATCH
003EAF FD E1       11150                   POP	IY
003EB1             11151   ;
003EB1 08          11152                   EX	AF,AF'
003EB2 3D          11153                   DEC	A
003EB3 CD 38 06    11154                   CALL	LTRAP
003EB6 E1          11155                   POP	HL		;RESTORE POINTER
003EB7 5E          11156                   LD	E,(HL)
003EB8 16 00       11157                   LD	D,0
003EBA 19          11158                   ADD	HL,DE		;ADDRESS NEXT LINE
003EBB D1          11159                   POP	DE		;RESTORE IF-CLAUSE LEN
003EBC C1          11160                   POP	BC		;RESTORE HI LINE NUMBER
003EBD 18 BD       11161                   JR	LISTC
003EBF             11162   ;
003EBF             11163   ;RENUMBER
003EBF             11164   ;RENUMBER start
003EBF             11165   ;RENUMBER start,increment
003EBF             11166   ;RENUMBER ,increment
003EBF             11167   ;
003EBF CD CF 40    11168   RENUM:          CALL	CLEAR		;USES DYNAMIC AREA
003EC2 CD 40 44    11169                   CALL	PAIR		;LOAD HL,BC
003EC5 D9          11170                   EXX
003EC6 2A DC 55    11171                   LD	HL,(PAGE_)
003EC9 ED 5B DE 55 11172                   LD	DE,(LOMEM)
003ECD 7E          11173   RENUM1:         LD	A,(HL)		;BUILD TABLE
003ECE B7          11174                   OR	A
003ECF 28 28       11175                   JR	Z,RENUM2
003ED1 23          11176                   INC	HL
003ED2 4E          11177                   LD	C,(HL)		;OLD LINE NUMBER
003ED3 23          11178                   INC	HL
003ED4 46          11179                   LD	B,(HL)
003ED5 EB          11180                   EX	DE,HL
003ED6 71          11181                   LD	(HL),C
003ED7 23          11182                   INC	HL
003ED8 70          11183                   LD	(HL),B
003ED9 23          11184                   INC	HL
003EDA D9          11185                   EXX
003EDB E5          11186                   PUSH	HL
003EDC 09          11187                   ADD	HL,BC		;ADD INCREMENT
003EDD DA 3B 44    11188                   JP	C,TOOBIGmn	;"Too big"
003EE0 D9          11189                   EXX
003EE1 C1          11190                   POP	BC
003EE2 71          11191                   LD	(HL),C
003EE3 23          11192                   INC	HL
003EE4 70          11193                   LD	(HL),B
003EE5 23          11194                   INC	HL
003EE6 EB          11195                   EX	DE,HL
003EE7 2B          11196                   DEC	HL
003EE8 2B          11197                   DEC	HL
003EE9 AF          11198                   XOR	A
003EEA 47          11199                   LD	B,A
003EEB 4E          11200                   LD	C,(HL)
003EEC 09          11201                   ADD	HL,BC		;NEXT LINE
003EED EB          11202                   EX	DE,HL
003EEE E5          11203                   PUSH	HL
003EEF 24          11204                   INC	H
003EF0 ED 72       11205                   SBC	HL,SP
003EF2 E1          11206                   POP	HL
003EF3 EB          11207                   EX	DE,HL
003EF4 38 D7       11208                   JR	C,RENUM1	;CONTINUE
003EF6 C3 D0 3F    11209                   JP	ERROR_		;'No room' (A = 0)
003EF9             11210   ;
003EF9 EB          11211   RENUM2:         EX	DE,HL
003EFA 36 FF       11212                   LD	(HL),-1
003EFC 23          11213                   INC	HL
003EFD 36 FF       11214                   LD	(HL),-1
003EFF ED 5B DE 55 11215                   LD	DE,(LOMEM)
003F03 D9          11216                   EXX
003F04 2A DC 55    11217                   LD	HL,(PAGE_)
003F07 4E          11218   RENUM3:         LD	C,(HL)
003F08 79          11219                   LD	A,C
003F09 B7          11220                   OR	A
003F0A 28 86       11221                   JR	Z,WARMNC
003F0C D9          11222                   EXX
003F0D EB          11223                   EX	DE,HL
003F0E 23          11224                   INC	HL
003F0F 23          11225                   INC	HL
003F10 5E          11226                   LD	E,(HL)
003F11 23          11227                   INC	HL
003F12 56          11228                   LD	D,(HL)
003F13 23          11229                   INC	HL
003F14 D5          11230                   PUSH	DE
003F15 EB          11231                   EX	DE,HL
003F16 D9          11232                   EXX
003F17 D1          11233                   POP	DE
003F18 23          11234                   INC	HL
003F19 73          11235                   LD	(HL),E		;NEW LINE NUMBER
003F1A 23          11236                   INC	HL
003F1B 72          11237                   LD	(HL),D
003F1C 23          11238                   INC	HL
003F1D 0D          11239                   DEC	C
003F1E 0D          11240                   DEC	C
003F1F 0D          11241                   DEC	C
003F20 06 00       11242                   LD	B,0
003F22 3E 8D       11243   RENUM7:         LD	A,TLINO
003F24 ED B1       11244                   CPIR			;SEARCH FOR LINE NUMBER
003F26 20 DF       11245                   JR	NZ,RENUM3
003F28 C5          11246                   PUSH	BC
003F29 E5          11247                   PUSH	HL
003F2A E5          11248                   PUSH	HL
003F2B FD E1       11249                   POP	IY
003F2D D9          11250                   EXX
003F2E E5          11251                   PUSH	HL
003F2F CD EB 1F    11252                   CALL	DECODE		;DECODE LINE NUMBER
003F32 E1          11253                   POP	HL
003F33 D9          11254                   EXX
003F34 44          11255                   LD	B,H
003F35 4D          11256                   LD	C,L
003F36 2A DE 55    11257                   LD	HL,(LOMEM)
003F39 5E          11258   RENUM4:         LD	E,(HL)		;CROSS-REFERENCE TABLE
003F3A 23          11259                   INC	HL
003F3B 56          11260                   LD	D,(HL)
003F3C 23          11261                   INC	HL
003F3D EB          11262                   EX	DE,HL
003F3E B7          11263                   OR	A		;CLEAR CARRY
003F3F ED 42       11264                   SBC	HL,BC
003F41 EB          11265                   EX	DE,HL
003F42 5E          11266                   LD	E,(HL)		;NEW NUMBER
003F43 23          11267                   INC	HL
003F44 56          11268                   LD	D,(HL)
003F45 23          11269                   INC	HL
003F46 38 F1       11270                   JR	C,RENUM4
003F48 EB          11271                   EX	DE,HL
003F49 28 1A       11272                   JR	Z,RENUM5	;FOUND
003F4B CD 86 45    11273                   CALL	TELL
003F4E 46 61 69 6C 11274                   DB	"Failed at "
       65 64 20 61 
       74 20       
003F58 00          11275                   DB	0
003F59 D9          11276                   EXX
003F5A E5          11277                   PUSH	HL
003F5B D9          11278                   EXX
003F5C E1          11279                   POP	HL
003F5D CD 1E 42    11280                   CALL	PBCDL
003F60 CD 87 41    11281                   CALL	CRLF
003F63 18 06       11282                   JR	RENUM6
003F65 D1          11283   RENUM5:         POP	DE
003F66 D5          11284                   PUSH	DE
003F67 1B          11285                   DEC	DE
003F68 CD 4B 45    11286                   CALL	ENCODE		;RE-WRITE NUMBER
003F6B E1          11287   RENUM6:         POP	HL
003F6C C1          11288                   POP	BC
003F6D 18 B3       11289                   JR	RENUM7
003F6F             11290   ;
003F6F             11291   ;AUTO
003F6F             11292   ;AUTO start,increment
003F6F             11293   ;AUTO start
003F6F             11294   ;AUTO ,increment
003F6F             11295   ;
003F6F CD 40 44    11296   AUTO:           CALL	PAIR
003F72 22 E8 55    11297                   LD	(AUTONO),HL
003F75 79          11298                   LD	A,C
003F76 32 FF 55    11299                   LD	(INCREM),A
003F79 18 37       11300                   JR	CLOOP0
003F7B             11301   ;
003F7B             11302   ;BAD
003F7B             11303   ;NEW
003F7B             11304   ;
003F7B CD 86 45    11305   BAD:            CALL	TELL		;"Bad program'
003F7E 13          11306                   DB	13H
003F7F 70 72 6F 67 11307                   DB	"program"
       72 61 6D    
003F86 0D          11308                   DB	CR
003F87 0A          11309                   DB	LF
003F88 00          11310                   DB	0
003F89 CD CA 40    11311   NEW:            CALL	NEWIT
003F8C 18 24       11312                   JR	CLOOP0
003F8E             11313   ;
003F8E             11314   ;LOAD filename
003F8E             11315   ;
003F8E CD C0 18    11316   LOAD:           CALL	EXPRS		;GET FILENAME
003F91 3E 0D       11317                   LD	A,CR
003F93 12          11318                   LD	(DE),A
003F94 CD 8C 40    11319                   CALL	LOAD0
003F97 CD CF 40    11320                   CALL	CLEAR
003F9A 18 31       11321                   JR	WARM0
003F9C             11322   ;
003F9C             11323   ;OLD
003F9C             11324   ;
003F9C 2A DC 55    11325   OLD:            LD	HL,(PAGE_)
003F9F E5          11326                   PUSH	HL
003FA0 23          11327                   INC	HL
003FA1 23          11328                   INC	HL
003FA2 23          11329                   INC	HL
003FA3 01 FC 00    11330                   LD	BC,252
003FA6 3E 0D       11331                   LD	A,CR
003FA8 ED B1       11332                   CPIR
003FAA 20 CF       11333                   JR	NZ,BAD
003FAC 7D          11334                   LD	A,L
003FAD E1          11335                   POP	HL
003FAE 77          11336                   LD	(HL),A
003FAF CD A6 40    11337                   CALL	CLEAN
003FB2 C3 3C 38    11338   CLOOP0:         JP	CLOOP
003FB5             11339   ;
003FB5             11340   ;SAVE filename
003FB5             11341   ;
003FB5 CD C0 18    11342   SAVE:           CALL	EXPRS		;FILENAME
003FB8 3E 0D       11343                   LD	A,CR
003FBA 12          11344                   LD	(DE),A
003FBB ED 5B DC 55 11345                   LD	DE,(PAGE_)
003FBF CD B1 40    11346                   CALL	GETTOP
003FC2 B7          11347                   OR	A
003FC3 ED 52       11348                   SBC	HL,DE
003FC5 44          11349                   LD	B,H		;LENGTH OF PROGRAM
003FC6 4D          11350                   LD	C,L
003FC7 21 00 53    11351                   LD	HL,ACCS
003FCA CD C4 07    11352                   CALL	OSSAVE
003FCD C3 3B 38    11353   WARM0:          JP	WARM
003FD0             11354   ;
003FD0             11355   ;ERROR
003FD0             11356   ;N.B. CARE NEEDED BECAUSE SP MAY NOT BE VALID (E.G. ABOVE HIMEM)
003FD0             11357   ;
003FD0 21 AD 3C    11358   ERROR_:         LD	HL,ERRWDS
003FD3 4F          11359                   LD	C,A
003FD4 B7          11360                   OR	A
003FD5 28 0C       11361                   JR	Z,ERROR1
003FD7 47          11362                   LD	B,A		;ERROR NUMBER
003FD8 AF          11363                   XOR	A
003FD9 BE          11364   ERROR0:         CP	(HL)
003FDA 23          11365                   INC	HL
003FDB 20 FC       11366                   JR	NZ,ERROR0
003FDD 10 FA       11367                   DJNZ	ERROR0
003FDF 18 02       11368                   JR	ERROR1		;MUST NOT PUSH HL HERE
003FE1             11369   ;
003FE1 E1          11370   EXTERR:         POP	HL
003FE2 4F          11371                   LD	C,A
003FE3 22 EE 55    11372   ERROR1:         LD	(ERRTXT),HL
003FE6 2A EC 55    11373                   LD	HL,(ONERSP)
003FE9 7C          11374                   LD	A,H
003FEA B5          11375                   OR	L
003FEB ED 7B E2 55 11376                   LD	SP,(HIMEM)	;MUST SET SP BEFORE 'CALL'
003FEF 28 01       11377                   JR	Z,ERROR4
003FF1 F9          11378                   LD	SP,HL
003FF2 79          11379   ERROR4:         LD	A,C		;ERROR NUMBER
003FF3 CD E7 41    11380                   CALL	SETLIN		;SP IS SET NOW
003FF6 32 FD 55    11381                   LD	(ERR),A
003FF9 22 F2 55    11382                   LD	(ERL),HL
003FFC B7          11383                   OR	A
003FFD 28 0B       11384                   JR	Z,ERROR2	;'FATAL' ERROR
003FFF 2A EA 55    11385                   LD	HL,(ERRTRP)
004002 7C          11386                   LD	A,H
004003 B5          11387                   OR	L
004004 E5          11388                   PUSH	HL
004005 FD E1       11389                   POP	IY
004007 C2 24 25    11390                   JP	NZ,XEQ		;ERROR TRAPPED
00400A ED 7B E2 55 11391   ERROR2:         LD	SP,(HIMEM)
00400E ED 62       11392                   SBC	HL,HL
004010 22 E8 55    11393                   LD	(AUTONO),HL
004013 22 E6 55    11394                   LD	(TRACEN),HL	;CANCEL TRACE
004016 CD 45 06    11395                   CALL	RESET		;RESET OPSYS
004019 CD 87 41    11396                   CALL	CRLF
00401C CD 71 45    11397                   CALL	REPORT		;MESSAGE
00401F 2A F2 55    11398                   LD	HL,(ERL)
004022 CD 0E 42    11399                   CALL	SAYLN
004025 1E 00       11400                   LD	E,0
004027 DC 55 06    11401                   CALL	C,OSSHUT	;CLOSE ALL FILES
00402A CD 87 41    11402                   CALL	CRLF
00402D 18 83       11403                   JR	CLOOP0
00402F             11404   ;
00402F             11405   ;SUBROUTINES:
00402F             11406   ;
00402F             11407   ;
00402F             11408   ;LEX - SEARCH FOR KEYWORDS
00402F             11409   ;   Inputs: HL = start of keyword table
00402F             11410   ;           IY = start of match text
00402F             11411   ;  Outputs: If found, Z-flag set, A=token.
00402F             11412   ;           If not found, Z-flag reset, A=(IY).
00402F             11413   ;           IY updated (if NZ, IY unchanged).
00402F             11414   ; Destroys: A,B,H,L,IY,F
00402F             11415   ;
00402F 21 10 39    11416   LEX:            LD	HL,KEYWDS
004032 FD 7E 00    11417   LEX0:           LD	A,(IY)
004035 46          11418                   LD	B,(HL)
004036 23          11419                   INC	HL
004037 BE          11420                   CP	(HL)
004038 28 0A       11421                   JR	Z,LEX2
00403A D8          11422                   RET	C		;FAIL EXIT
00403B 23          11423   LEX1:           INC	HL
00403C 7E          11424                   LD	A,(HL)
00403D FE A0       11425                   CP	160
00403F EA 3B 40    11426                   JP	PE,LEX1
004042 18 EE       11427                   JR	LEX0
004044             11428   ;
004044 FD E5       11429   LEX2:           PUSH	IY		;SAVE POINTER
004046 23          11430   LEX3:           INC	HL
004047 7E          11431                   LD	A,(HL)
004048 FE A0       11432                   CP	160
00404A E2 71 40    11433                   JP	PO,LEX6		;FOUND
00404D FD 23       11434                   INC	IY
00404F FD 7E 00    11435                   LD	A,(IY)
004052 BE          11436                   CP	(HL)
004053 20 05       11437                   JR	NZ,LEX7
004055 FE A1       11438                   CP	161
004057 EA 46 40    11439                   JP	PE,LEX3
00405A FD 7E 00    11440   LEX7:           LD	A,(IY)
00405D FE 2E       11441                   CP	'.'
00405F 28 10       11442                   JR	Z,LEX6		;FOUND (ABBREV.)
004061 CD 88 44    11443                   CALL	RANGE1
004064 38 04       11444                   JR	C,LEX5
004066 FD E1       11445   LEX4:           POP	IY		;RESTORE POINTER
004068 18 D1       11446                   JR	LEX1
00406A             11447   ;
00406A 7E          11448   LEX5:           LD	A,(HL)
00406B FE 20       11449                   CP	' '
00406D 20 F7       11450                   JR	NZ,LEX4
00406F FD 2B       11451                   DEC	IY
004071 F1          11452   LEX6:           POP	AF
004072 AF          11453                   XOR	A
004073 78          11454                   LD	A,B
004074 C9          11455                   RET
004075             11456   ;
004075             11457   ;DEL - DELETE A PROGRAM LINE.
004075             11458   ;   Inputs: HL addresses program line.
004075             11459   ; Destroys: B,C,F
004075             11460   ;
004075 D5          11461   DEL:            PUSH	DE
004076 E5          11462                   PUSH	HL
004077 E5          11463                   PUSH	HL
004078 06 00       11464                   LD	B,0
00407A 4E          11465                   LD	C,(HL)
00407B 09          11466                   ADD	HL,BC
00407C E5          11467                   PUSH	HL
00407D EB          11468                   EX	DE,HL
00407E CD B1 40    11469                   CALL	GETTOP
004081 ED 52       11470                   SBC	HL,DE
004083 44          11471                   LD	B,H
004084 4D          11472                   LD	C,L
004085 E1          11473                   POP	HL
004086 D1          11474                   POP	DE
004087 ED B0       11475                   LDIR			;DELETE LINE
004089 E1          11476                   POP	HL
00408A D1          11477                   POP	DE
00408B C9          11478                   RET
00408C             11479   ;
00408C             11480   ;LOAD0 - LOAD A DISK FILE THEN CLEAN.
00408C             11481   ;   Inputs: Filename in ACCS (term CR)
00408C             11482   ; Destroys: A,B,C,D,E,H,L,F
00408C             11483   ;
00408C             11484   ;CLEAN - CHECK FOR BAD PROGRAM, FIND END OF TEXT
00408C             11485   ; AND WRITE FF FF.
00408C             11486   ; Destroys: A,B,C,H,L,F
00408C             11487   ;
00408C ED 5B DC 55 11488   LOAD0:          LD	DE,(PAGE_)
004090 21 00 FF    11489                   LD	HL,-256
004093 39          11490                   ADD	HL,SP
004094 ED 52       11491                   SBC	HL,DE		;FIND AVAILABLE SPACE
004096 44          11492                   LD	B,H
004097 4D          11493                   LD	C,L
004098 21 00 53    11494                   LD	HL,ACCS
00409B CD CE 06    11495                   CALL	OSLOAD		;LOAD
00409E D4 CA 40    11496                   CALL	NC,NEWIT
0040A1 3E 00       11497                   LD	A,0
0040A3 D2 D0 3F    11498                   JP	NC,ERROR_	;"No room"
0040A6 CD B1 40    11499   CLEAN:          CALL	GETTOP
0040A9 2B          11500                   DEC	HL
0040AA 36 FF       11501                   LD	(HL),-1		;WRITE &FFFF
0040AC 2B          11502                   DEC	HL
0040AD 36 FF       11503                   LD	(HL),-1
0040AF 18 1E       11504                   JR	CLEAR
0040B1             11505   ;
0040B1 2A DC 55    11506   GETTOP:         LD	HL,(PAGE_)
0040B4 06 00       11507                   LD	B,0
0040B6 3E 0D       11508                   LD	A,CR
0040B8 4E          11509   GETOP1:         LD	C,(HL)
0040B9 0C          11510                   INC	C
0040BA 0D          11511                   DEC	C
0040BB 28 09       11512                   JR	Z,GETOP2
0040BD 09          11513                   ADD	HL,BC
0040BE 2B          11514                   DEC	HL
0040BF BE          11515                   CP	(HL)
0040C0 23          11516                   INC	HL
0040C1 28 F5       11517                   JR	Z,GETOP1
0040C3 C3 7B 3F    11518                   JP	BAD
0040C6 23          11519   GETOP2:         INC	HL		;N.B. CALLED FROM NEWIT
0040C7 23          11520                   INC	HL
0040C8 23          11521                   INC	HL
0040C9 C9          11522                   RET
0040CA             11523   ;
0040CA             11524   ;NEWIT - NEW PROGRAM THEN CLEAR
0040CA             11525   ;   Destroys: H,L
0040CA             11526   ;
0040CA             11527   ;CLEAR - CLEAR ALL DYNAMIC VARIABLES INCLUDING
0040CA             11528   ; FUNCTION AND PROCEDURE POINTERS.
0040CA             11529   ;   Destroys: Nothing
0040CA             11530   ;
0040CA 2A DC 55    11531   NEWIT:          LD	HL,(PAGE_)
0040CD 36 00       11532                   LD	(HL),0
0040CF E5          11533   CLEAR:          PUSH	HL
0040D0 C5          11534                   PUSH	BC
0040D1 F5          11535                   PUSH	AF
0040D2 CD B1 40    11536                   CALL	GETTOP
0040D5 22 DE 55    11537                   LD	(LOMEM),HL
0040D8 22 E0 55    11538                   LD	(FREE),HL
0040DB 21 6C 55    11539                   LD	HL,DYNVAR
0040DE             11540                   ; LD	B,2*(54+2)
0040DE 06 70       11541                   LD	B,54+2*2
0040E0 36 00       11542   CLEAR1:         LD	(HL),0
0040E2 23          11543                   INC	HL
0040E3 10 FB       11544                   DJNZ	CLEAR1
0040E5 F1          11545                   POP	AF
0040E6 C1          11546                   POP	BC
0040E7 E1          11547                   POP	HL
0040E8 C9          11548                   RET
0040E9             11549   ;
0040E9             11550   ;LISTIT - LIST A PROGRAM LINE.
0040E9             11551   ;    Inputs: HL addresses line
0040E9             11552   ;            DE = line number (binary)
0040E9             11553   ;	     E' = indentation count
0040E9             11554   ;            IX addresses LISTON
0040E9             11555   ;  Destroys: A,D,E,B',C',D',E',H',L',IY,F
0040E9             11556   ;
0040E9 E5          11557   LISTIT:         PUSH	HL
0040EA EB          11558                   EX	DE,HL
0040EB C5          11559                   PUSH	BC
0040EC CD 22 42    11560                   CALL	PBCD
0040EF C1          11561                   POP	BC
0040F0 E1          11562                   POP	HL
0040F1 7E          11563                   LD	A,(HL)
0040F2 D9          11564                   EXX
0040F3 21 0A 3E    11565                   LD	HL,TOKSUB
0040F6 01 08 00    11566                   LD	BC,LENSUB
0040F9 ED B1       11567                   CPIR
0040FB CC 81 41    11568                   CALL	Z,INDSUB
0040FE FE CB       11569                   CP	TENDCASE
004100 CC 81 41    11570                   CALL	Z,INDSUB
004103 3E 20       11571                   LD	A,' '
004105 DD CB 00 46 11572                   BIT	0,(IX)
004109 C4 8E 41    11573                   CALL	NZ,OUTCHR
00410C 7B          11574                   LD	A,E
00410D 87          11575                   ADD	A,A
00410E DD CB 00 4E 11576                   BIT	1,(IX)
004112 C4 2F 36    11577                   CALL	NZ,SPACES
004115 D9          11578                   EXX
004116 7E          11579                   LD	A,(HL)
004117 1E 00       11580                   LD	E,0
004119 D9          11581                   EXX
00411A 01 07 00    11582                   LD	BC,LENADD
00411D 21 03 3E    11583   LIST5:          LD	HL,TOKADD
004120 ED B1       11584                   CPIR
004122 CC 85 41    11585                   CALL	Z,INDADD
004125 FE C8       11586                   CP	TCASE
004127 CC 85 41    11587                   CALL	Z,INDADD
00412A D9          11588                   EXX
00412B 7E          11589   LIST8:          LD	A,(HL)
00412C 23          11590                   INC	HL
00412D FE 0D       11591                   CP	CR
00412F 28 25       11592                   JR	Z,LIST9
004131 57          11593                   LD	D,A
004132 FE 10       11594                   CP	TEXIT
004134 20 02       11595                   JR	NZ,LIST6
004136 CB FB       11596                   SET	7,E
004138 FE 22       11597   LIST6:          CP	'"'
00413A 20 01       11598                   JR	NZ,LIST7
00413C 1C          11599                   INC	E
00413D CD 75 41    11600   LIST7:          CALL	LOUT
004140 7B          11601                   LD	A,E
004141 E6 81       11602                   AND	81H
004143 20 E6       11603                   JR	NZ,LIST8
004145 7E          11604                   LD	A,(HL)
004146 D9          11605                   EXX
004147 21 0A 3E    11606                   LD	HL,TOKSUB
00414A 01 03 00    11607                   LD	BC,3
00414D ED B1       11608                   CPIR
00414F CC 81 41    11609                   CALL	Z,INDSUB
004152 0E 04       11610                   LD	C,4
004154 18 C7       11611                   JR	LIST5
004156             11612   ;
004156 7A          11613   LIST9:          LD	A,D
004157 FE 8C       11614                   CP	TTHEN
004159 D9          11615                   EXX
00415A CC 85 41    11616                   CALL	Z,INDADD
00415D D9          11617                   EXX
00415E 18 27       11618                   JR	CRLF
004160             11619   ;
004160 E5          11620   PRLINO:         PUSH	HL
004161 FD E1       11621                   POP	IY
004163 C5          11622                   PUSH	BC
004164 CD EB 1F    11623                   CALL	DECODE
004167 C1          11624                   POP	BC
004168 D9          11625                   EXX
004169 C5          11626                   PUSH	BC
00416A D5          11627                   PUSH	DE
00416B CD 1E 42    11628                   CALL	PBCDL
00416E D1          11629                   POP	DE
00416F C1          11630                   POP	BC
004170 D9          11631                   EXX
004171 FD E5       11632                   PUSH	IY
004173 E1          11633                   POP	HL
004174 C9          11634                   RET
004175             11635   ;
004175 CB 43       11636   LOUT:           BIT	0,E
004177 20 15       11637                   JR	NZ,OUTCHR
004179 FE 8D       11638                   CP	TLINO
00417B 28 E3       11639                   JR	Z,PRLINO
00417D CD A7 41    11640                   CALL	OUT
004180 C9          11641                   RET
004181             11642   ;
004181 1D          11643   INDSUB:         DEC	E
004182 F2 86 41    11644                   JP	P,INDRET
004185 1C          11645   INDADD:         INC	E
004186 C9          11646   INDRET:         RET
004187             11647   ;
004187             11648   ;CRLF - SEND CARRIAGE RETURN, LINE FEED.
004187             11649   ;  Destroys: A,F
004187             11650   ;OUTCHR - OUTPUT A CHARACTER TO CONSOLE.
004187             11651   ;    Inputs: A = character
004187             11652   ;  Destroys: A,F
004187             11653   ;
004187 3E 0D       11654   CRLF:           LD	A,CR
004189 CD 8E 41    11655                   CALL	OUTCHR
00418C 3E 0A       11656                   LD	A,LF
00418E CD 97 05    11657   OUTCHR:         CALL	OSWRCH
004191 D6 0D       11658                   SUB	CR
004193 28 05       11659                   JR	Z,CARRET
004195 D8          11660                   RET	C		;NON-PRINTING
004196 3A FB 55    11661                   LD	A,(COUNT)
004199 3C          11662                   INC	A
00419A 32 FB 55    11663   CARRET:         LD	(COUNT),A
00419D C8          11664                   RET	Z
00419E E5          11665                   PUSH	HL
00419F 2A FC 55    11666                   LD	HL,(WIDTH)
0041A2 BD          11667                   CP	L
0041A3 E1          11668                   POP	HL
0041A4 C0          11669                   RET	NZ
0041A5 18 E0       11670                   JR	CRLF
0041A7             11671   ;
0041A7             11672   ;OUT - SEND CHARACTER OR KEYWORD
0041A7             11673   ;   Inputs: A = character (>=10, <128)
0041A7             11674   ;           A = Token (<10, >=128)
0041A7             11675   ;  Destroys: A,F
0041A7             11676   ;
0041A7 FE A0       11677   OUT:            CP	160
0041A9 EA 8E 41    11678                   JP	PE,OUTCHR
0041AC C5          11679                   PUSH	BC
0041AD E5          11680                   PUSH	HL
0041AE 21 10 39    11681                   LD	HL,KEYWDS
0041B1 01 5B 03    11682                   LD	BC,KEYWDL
0041B4 ED B1       11683                   CPIR
0041B6 C4 8E 41    11684                   CALL	NZ,OUTCHR
0041B9 06 A0       11685                   LD	B,160
0041BB FE 91       11686                   CP	145
0041BD EA C1 41    11687                   JP	PE,TOKEN1
0041C0 04          11688                   INC	B
0041C1 7E          11689   TOKEN1:         LD	A,(HL)
0041C2 23          11690                   INC	HL
0041C3 B8          11691                   CP	B
0041C4 F5          11692                   PUSH	AF
0041C5 EC 8E 41    11693                   CALL	PE,OUTCHR
0041C8 F1          11694                   POP	AF
0041C9 EA C1 41    11695                   JP	PE,TOKEN1
0041CC E1          11696                   POP	HL
0041CD C1          11697                   POP	BC
0041CE C9          11698                   RET
0041CF             11699   ;
0041CF             11700   ;FINDL - FIND PROGRAM LINE.
0041CF             11701   ;   Inputs: HL = line number (binary)
0041CF             11702   ;  Outputs: HL addresses line (if found)
0041CF             11703   ;           DE = line number
0041CF             11704   ;           Z-flag set if found.
0041CF             11705   ; Destroys: A,B,C,D,E,H,L,F
0041CF             11706   ;
0041CF EB          11707   FINDL:          EX	DE,HL
0041D0 2A DC 55    11708                   LD	HL,(PAGE_)
0041D3 AF          11709                   XOR	A		;A=0
0041D4 BE          11710                   CP	(HL)
0041D5 3C          11711                   INC	A
0041D6 D0          11712                   RET	NC
0041D7 AF          11713                   XOR	A		;CLEAR CARRY
0041D8 47          11714                   LD	B,A
0041D9 4E          11715   FINDL1:         LD	C,(HL)
0041DA E5          11716                   PUSH	HL
0041DB 23          11717                   INC	HL
0041DC 7E          11718                   LD	A,(HL)
0041DD 23          11719                   INC	HL
0041DE 66          11720                   LD	H,(HL)
0041DF 6F          11721                   LD	L,A
0041E0 ED 52       11722                   SBC	HL,DE
0041E2 E1          11723                   POP	HL
0041E3 D0          11724                   RET	NC		;FOUND | PAST
0041E4 09          11725                   ADD	HL,BC
0041E5 18 F2       11726                   JR	FINDL1
0041E7             11727   ;
0041E7             11728   ;SETLIN - Search program for line containing address.
0041E7             11729   ;   Inputs: Address in (CURLIN)
0041E7             11730   ;  Outputs: Line number in HL
0041E7             11731   ; Destroys: B,C,D,E,H,L,F
0041E7             11732   ;
0041E7 06 00       11733   SETLIN:         LD	B,0
0041E9 ED 5B F4 55 11734                   LD	DE,(CURLIN)
0041ED 2A DC 55    11735                   LD	HL,(PAGE_)
0041F0 B7          11736                   OR	A
0041F1 ED 52       11737                   SBC	HL,DE
0041F3 19          11738                   ADD	HL,DE
0041F4 30 13       11739                   JR	NC,SET3
0041F6 4E          11740   SET1:           LD	C,(HL)
0041F7 0C          11741                   INC	C
0041F8 0D          11742                   DEC	C
0041F9 28 0E       11743                   JR	Z,SET3
0041FB 09          11744                   ADD	HL,BC
0041FC ED 52       11745                   SBC	HL,DE
0041FE 19          11746                   ADD	HL,DE
0041FF 38 F5       11747                   JR	C,SET1
004201 ED 42       11748                   SBC	HL,BC
004203 23          11749                   INC	HL
004204 5E          11750                   LD	E,(HL)		;LINE NUMBER
004205 23          11751                   INC	HL
004206 56          11752                   LD	D,(HL)
004207 EB          11753                   EX	DE,HL
004208 C9          11754   SET2:           RET
004209             11755   ;
004209 21 00 00    11756   SET3:           LD	HL,0
00420C 18 FA       11757                   JR	SET2
00420E             11758   ;
00420E             11759   ;SAYLN - PRINT " at line nnnn" MESSAGE.
00420E             11760   ;   Inputs: HL = line number
00420E             11761   ;  Outputs: Carry=0 if line number is zero.
00420E             11762   ;           Carry=1 if line number is non-zero.
00420E             11763   ; Destroys: A,B,C,D,E,H,L,F
00420E             11764   ;
00420E 7C          11765   SAYLN:          LD	A,H
00420F B5          11766                   OR	L
004210 C8          11767                   RET	Z
004211 CD 86 45    11768                   CALL	TELL
004214 20 61 74 20 11769                   DB	" at line "
       6C 69 6E 65 
       20          
00421D 00          11770                   DB	0
00421E 0E 00       11771   PBCDL:          LD	C,0
004220 18 02       11772                   JR	PBCD0
004222             11773   ;
004222             11774   ;PBCD - PRINT NUMBER AS DECIMAL INTEGER.
004222             11775   ;   Inputs: HL = number (binary).
004222             11776   ;  Outputs: Carry = 1
004222             11777   ; Destroys: A,B,C,D,E,H,L,F
004222             11778   ;
004222 0E 20       11779   PBCD:           LD	C,' '
004224 06 05       11780   PBCD0:          LD	B,5
004226 11 10 27    11781                   LD	DE,10000
004229 AF          11782   PBCD1:          XOR	A
00422A ED 52       11783   PBCD2:          SBC	HL,DE
00422C 3C          11784                   INC	A
00422D 30 FB       11785                   JR	NC,PBCD2
00422F 19          11786                   ADD	HL,DE
004230 3D          11787                   DEC	A
004231 28 04       11788                   JR	Z,PBCD3
004233 CB E1       11789                   SET	4,C
004235 CB E9       11790                   SET	5,C
004237 B1          11791   PBCD3:          OR	C
004238 C4 8E 41    11792                   CALL	NZ,OUTCHR
00423B 78          11793                   LD	A,B
00423C FE 05       11794                   CP	5
00423E 28 06       11795                   JR	Z,PBCD4
004240 29          11796                   ADD	HL,HL
004241 54          11797                   LD	D,H
004242 5D          11798                   LD	E,L
004243 29          11799                   ADD	HL,HL
004244 29          11800                   ADD	HL,HL
004245 19          11801                   ADD	HL,DE
004246 11 E8 03    11802   PBCD4:          LD	DE,1000
004249 10 DE       11803                   DJNZ	PBCD1
00424B 37          11804                   SCF
00424C C9          11805                   RET
00424D             11806   ;
00424D             11807   ;HANDLE WHOLE ARRAY:
00424D             11808   ;
00424D FD 23       11809   GETV1:          INC	IY
00424F FD 23       11810                   INC	IY		;SKIP ()
004251 E5          11811                   PUSH	HL		;SET EXIT CONDITIONS
004252 DD E1       11812                   POP	IX
004254 7A          11813                   LD	A,D
004255 F6 40       11814                   OR	64		;FLAG ARRAY
004257 BF          11815                   CP	A
004258 C9          11816                   RET
004259             11817   ;
004259             11818   ;PUTVAR - CREATE VARIABLE AND INITIALISE TO ZERO.
004259             11819   ;   Inputs: HL, IY as returned from GETVAR (NZ).
004259             11820   ;  Outputs: As GETVAR.
004259             11821   ; Destroys: everything
004259             11822   ;
004259 CD C8 43    11823   PUTVAR:         CALL	CREATE
00425C FD 7E 00    11824                   LD	A,(IY)
00425F FE 28       11825                   CP	'('
004261 20 7D       11826                   JR	NZ,GETVZ	;SET EXIT CONDITIONS
004263 FD 7E 01    11827                   LD	A,(IY+1)
004266 FE 29       11828                   CP	')'		;WHOLE ARRAY?
004268 28 E3       11829                   JR	Z,GETV1
00426A 3E 0E       11830   ARRAY:          LD	A,14		;'Bad use of array'
00426C C3 D0 3F    11831   ERROR3:         JP	ERROR_
00426F             11832   ;
00426F             11833   ;GETVAR - GET LOCATION OF VARIABLE, RETURN IN HL & IX
00426F             11834   ;   Inputs: IY addresses first character.
00426F             11835   ;  Outputs: Carry set and NZ if illegal character.
00426F             11836   ;           Z-flag set if variable found, then:
00426F             11837   ;            A = variable type (0,4,5,128 or 129)
00426F             11838   ;                (68,69 or 193 for whole array)
00426F             11839   ;            HL = IX = variable pointer.
00426F             11840   ;            IY updated
00426F             11841   ;           If Z-flag & carry reset, then:
00426F             11842   ;            HL, IY set for subsequent PUTVAR call.
00426F             11843   ; Destroys: everything
00426F             11844   ;
00426F FD 7E 00    11845   GETVAR:         LD	A,(IY)
004272 FE 21       11846                   CP	'!'
004274 28 76       11847                   JR	Z,GETV5
004276 FE 3F       11848                   CP	'?'
004278 28 76       11849                   JR	Z,GETV6
00427A FE 7C       11850                   CP	'|'
00427C 28 75       11851                   JR	Z,GETVF
00427E FE 24       11852                   CP	'$'
004280 28 75       11853                   JR	Z,GETV4
004282 CD 3C 43    11854                   CALL	LOCATE
004285 C0          11855                   RET	NZ
004286 FD 7E 00    11856                   LD	A,(IY)
004289 FE 28       11857                   CP	'('		;ARRAY?
00428B 20 4B       11858                   JR	NZ,GETVX	;EXIT
00428D FD 7E 01    11859                   LD	A,(IY+1)
004290 FE 29       11860                   CP	')'		;WHOLE ARRAY?
004292 28 B9       11861                   JR	Z,GETV1
004294 D5          11862                   PUSH	DE		;SAVE TYPE
004295 7E          11863                   LD	A,(HL)
004296 23          11864                   INC	HL
004297 66          11865                   LD	H,(HL)
004298 6F          11866                   LD	L,A		;INDIRECT LINK
004299 E6 FE       11867                   AND	0FEH
00429B B4          11868                   OR	H
00429C 28 CC       11869                   JR	Z,ARRAY
00429E 7E          11870                   LD	A,(HL)		;NO. OF DIMENSIONS
00429F B7          11871                   OR	A
0042A0 28 C8       11872                   JR	Z,ARRAY
0042A2 23          11873                   INC	HL
0042A3 11 00 00    11874                   LD	DE,0		;ACCUMULATOR
0042A6 F5          11875                   PUSH	AF
0042A7 FD 23       11876                   INC	IY		;SKIP (
0042A9 E5          11877   GETV3:          PUSH	HL
0042AA D5          11878                   PUSH	DE
0042AB CD B7 18    11879                   CALL	EXPRI		;SUBSCRIPT
0042AE D9          11880                   EXX
0042AF D1          11881                   POP	DE
0042B0 E3          11882                   EX	(SP),HL
0042B1 4E          11883                   LD	C,(HL)
0042B2 23          11884                   INC	HL
0042B3 46          11885                   LD	B,(HL)
0042B4 23          11886                   INC	HL
0042B5 E3          11887                   EX	(SP),HL
0042B6 EB          11888                   EX	DE,HL
0042B7 D5          11889                   PUSH	DE
0042B8 CD 49 37    11890                   CALL	MUL16		;HL=HL*BC
0042BB D1          11891                   POP	DE
0042BC 19          11892                   ADD	HL,DE
0042BD EB          11893                   EX	DE,HL
0042BE B7          11894                   OR	A
0042BF ED 42       11895                   SBC	HL,BC
0042C1 3E 0F       11896                   LD	A,15
0042C3 30 A7       11897                   JR	NC,ERROR3	;"Subscript"
0042C5 E1          11898                   POP	HL
0042C6 F1          11899                   POP	AF
0042C7 3D          11900                   DEC	A		;DIMENSION COUNTER
0042C8 20 1C       11901                   JR	NZ,GETV2
0042CA CD 39 21    11902                   CALL	BRAKET		;CLOSING BRACKET
0042CD F1          11903                   POP	AF		;RESTORE TYPE
0042CE E5          11904                   PUSH	HL
0042CF CD 39 37    11905                   CALL	X14OR5		;DE=DE*n
0042D2 E1          11906                   POP	HL
0042D3 19          11907                   ADD	HL,DE
0042D4 57          11908                   LD	D,A		;TYPE
0042D5 FD 7E 00    11909                   LD	A,(IY)
0042D8 FE 3F       11910   GETVX:          CP	'?'
0042DA 28 26       11911                   JR	Z,GETV9
0042DC FE 21       11912                   CP	'!'
0042DE 28 1E       11913                   JR	Z,GETV8
0042E0 E5          11914   GETVZ:          PUSH	HL		;SET EXIT CONDITIONS
0042E1 DD E1       11915                   POP	IX
0042E3 7A          11916                   LD	A,D
0042E4 BF          11917                   CP	A
0042E5 C9          11918                   RET
0042E6             11919   ;
0042E6 F5          11920   GETV2:          PUSH	AF
0042E7 CD 2D 21    11921                   CALL	COMMA
0042EA 18 BD       11922                   JR	GETV3
0042EC             11923   ;
0042EC             11924   ;PROCESS UNARY & BINARY INDIRECTION:
0042EC             11925   ;
0042EC 3E 04       11926   GETV5:          LD	A,4		;UNARY 32-BIT INDIRN.
0042EE 18 09       11927                   JR	GETV7
0042F0 AF          11928   GETV6:          XOR	A		;UNARY 8-BIT INDIRECTION
0042F1 18 06       11929                   JR	GETV7
0042F3 3E 05       11930   GETVF:          LD	A,5		;VARIANT INDIRECTION
0042F5 18 02       11931                   JR	GETV7
0042F7 3E 80       11932   GETV4:          LD	A,128		;STATIC STRING
0042F9 ED 62       11933   GETV7:          SBC	HL,HL
0042FB F5          11934                   PUSH	AF
0042FC 18 15       11935                   JR	GETV0
0042FE             11936   ;
0042FE 06 04       11937   GETV8:          LD	B,4		;32-BIT BINARY INDIRN.
004300 18 02       11938                   JR	GETVA
004302 06 00       11939   GETV9:          LD	B,0		;8-BIT BINARY INDIRN.
004304 E5          11940   GETVA:          PUSH	HL
004305 DD E1       11941                   POP	IX
004307 7A          11942                   LD	A,D		;TYPE
004308 FE 81       11943                   CP	129
00430A C8          11944                   RET	Z		;STRING!
00430B C5          11945                   PUSH	BC
00430C CD A9 19    11946                   CALL	LOADN		;LEFT OPERAND
00430F CD 9F 1C    11947                   CALL	SFIX
004312 D9          11948                   EXX
004313 E5          11949   GETV0:          PUSH	HL
004314 FD 23       11950                   INC	IY
004316 CD E4 18    11951                   CALL	ITEMI
004319 D9          11952                   EXX
00431A D1          11953                   POP	DE
00431B F1          11954                   POP	AF
00431C 19          11955                   ADD	HL,DE
00431D E5          11956                   PUSH	HL
00431E DD E1       11957                   POP	IX
004320 BF          11958                   CP	A
004321 C9          11959                   RET
004322             11960   ;
004322             11961   ;GETDEF - Find entry for FN or PROC in dynamic area.
004322             11962   ;   Inputs: IY addresses byte following "DEF" token.
004322             11963   ;  Outputs: Z flag set if found
004322             11964   ;           Carry set if neither FN or PROC first.
004322             11965   ;           If Z: HL points to entry
004322             11966   ;                 IY addresses delimiter
004322             11967   ; Destroys: A,D,E,H,L,IY,F
004322             11968   ;
004322 FD 7E 01    11969   GETDEF:         LD	A,(IY+1)
004325 CD 88 44    11970                   CALL	RANGE1
004328 D8          11971                   RET	C
004329 FD 7E 00    11972                   LD	A,(IY)
00432C 21 D8 55    11973                   LD	HL,FNPTR
00432F FE A4       11974                   CP	TFN
004331 28 43       11975                   JR	Z,LOC2
004333 21 DA 55    11976                   LD	HL,PROPTR
004336 FE F2       11977                   CP	TPROC
004338 28 3C       11978                   JR	Z,LOC2
00433A 37          11979                   SCF
00433B C9          11980                   RET
00433C             11981   ;
00433C             11982   ;LOCATE - Try to locate variable name in static or
00433C             11983   ;dynamic variables.  If illegal first character return
00433C             11984   ;carry, non-zero.  If found, return no-carry, zero.
00433C             11985   ;If not found, return no-carry, non-zero.
00433C             11986   ;   Inputs: IY addresses first character of name.
00433C             11987   ;           A=(IY)
00433C             11988   ;  Outputs: Z-flag set if found, then:
00433C             11989   ;            IY addresses terminator
00433C             11990   ;            HL addresses location of variable
00433C             11991   ;            D=type of variable:  4 = integer
00433C             11992   ;                                 5 = floating point
00433C             11993   ;                               129 = string
00433C             11994   ; Destroys: A,D,E,H,L,IY,F
00433C             11995   ;
00433C D6 40       11996   LOCATE:         SUB	'@'
00433E D8          11997                   RET	C
00433F 26 00       11998                   LD	H,0
004341 FE 1B       11999                   CP	'Z'-'@'+1
004343 30 1D       12000                   JR	NC,LOC0		;NOT STATIC
004345 87          12001                   ADD	A,A
004346 6F          12002                   LD	L,A
004347 FD 7E 01    12003                   LD	A,(IY+1)	;2nd CHARACTER
00434A FE 25       12004                   CP	'%'
00434C 20 20       12005                   JR	NZ,LOC1		;NOT STATIC
00434E FD 7E 02    12006                   LD	A,(IY+2)
004351 FE 28       12007                   CP	'('
004353 28 19       12008                   JR	Z,LOC1		;NOT STATIC
004355 29          12009                   ADD	HL,HL
004356 11 00 55    12010                   LD	DE,STAVAR	;STATIC VARIABLES
004359 19          12011                   ADD	HL,DE
00435A FD 23       12012                   INC	IY
00435C FD 23       12013                   INC	IY
00435E 16 04       12014                   LD	D,4		;INTEGER TYPE
004360 AF          12015                   XOR	A
004361 C9          12016                   RET
004362             12017   ;
004362 FE 1F       12018   LOC0:           CP	'_'-'@'
004364 D8          12019                   RET	C
004365 FE 3B       12020                   CP	'z'-'@'+1
004367 3F          12021                   CCF
004368 3D          12022                   DEC	A		;SET NZ
004369 D8          12023                   RET	C
00436A D6 03       12024                   SUB	3
00436C 87          12025                   ADD	A,A
00436D 6F          12026                   LD	L,A
00436E 11 6C 55    12027   LOC1:           LD	DE,DYNVAR	;DYNAMIC VARIABLES
004371 2D          12028                   DEC	L
004372 2D          12029                   DEC	L
004373 37          12030                   SCF
004374 F8          12031                   RET	M
004375 19          12032                   ADD	HL,DE
004376 5E          12033   LOC2:           LD	E,(HL)
004377 23          12034                   INC	HL
004378 56          12035                   LD	D,(HL)
004379 7A          12036                   LD	A,D
00437A B3          12037                   OR	E
00437B 28 49       12038                   JR	Z,LOC6		;UNDEFINED VARIABLE
00437D 62          12039                   LD	H,D
00437E 6B          12040                   LD	L,E
00437F 23          12041                   INC	HL		;SKIP LINK
004380 23          12042                   INC	HL
004381 FD E5       12043                   PUSH	IY
004383 7E          12044   LOC3:           LD	A,(HL)		;COMPARE
004384 23          12045                   INC	HL
004385 FD 23       12046                   INC	IY
004387 FD BE 00    12047                   CP	(IY)
00438A 28 F7       12048                   JR	Z,LOC3
00438C B7          12049                   OR	A		;0=TERMINATOR
00438D 28 05       12050                   JR	Z,LOC5		;FOUND (MAYBE)
00438F FD E1       12051   LOC4:           POP	IY
004391 EB          12052                   EX	DE,HL
004392 18 E2       12053                   JR	LOC2		;TRY NEXT ENTRY
004394             12054   ;
004394 FD 2B       12055   LOC5:           DEC	IY
004396 FD 7E 00    12056                   LD	A,(IY)
004399 FE 28       12057                   CP	'('
00439B 28 13       12058                   JR	Z,LOCX		;FOUND
00439D FD 23       12059                   INC	IY
00439F CD 7B 44    12060                   CALL	RANGE
0043A2 38 0C       12061                   JR	C,LOCX		;FOUND
0043A4 FE 28       12062                   CP	'('
0043A6 28 E7       12063                   JR	Z,LOC4		;KEEP LOOKING
0043A8 FD 7E FF    12064                   LD	A,(IY-1)
0043AB CD 88 44    12065                   CALL	RANGE1
0043AE 30 DF       12066                   JR	NC,LOC4		;KEEP LOOKING
0043B0 D1          12067   LOCX:           POP	DE
0043B1 FD 7E FF    12068   TYPE:           LD	A,(IY-1)
0043B4 FE 24       12069                   CP	'$'
0043B6 16 81       12070                   LD	D,129
0043B8 C8          12071                   RET	Z		;STRING
0043B9 FE 26       12072                   CP	'&'
0043BB 16 01       12073                   LD	D,1
0043BD C8          12074                   RET	Z		;BYTE
0043BE FE 25       12075                   CP	'%'
0043C0 16 04       12076                   LD	D,4
0043C2 C8          12077                   RET	Z		;INTEGER
0043C3 14          12078                   INC	D
0043C4 BF          12079                   CP	A
0043C5 C9          12080                   RET
0043C6             12081   ;
0043C6 3C          12082   LOC6:           INC	A		;SET NZ
0043C7 C9          12083                   RET
0043C8             12084   ;
0043C8             12085   ;CREATE - CREATE NEW ENTRY, INITIALISE TO ZERO.
0043C8             12086   ;   Inputs: HL, IY as returned from LOCATE (NZ).
0043C8             12087   ;  Outputs: As LOCATE, GETDEF.
0043C8             12088   ; Destroys: As LOCATE, GETDEF.
0043C8             12089   ;
0043C8 AF          12090   CREATE:         XOR	A
0043C9 ED 5B E0 55 12091                   LD	DE,(FREE)
0043CD 72          12092                   LD	(HL),D
0043CE 2B          12093                   DEC	HL
0043CF 73          12094                   LD	(HL),E
0043D0 EB          12095                   EX	DE,HL
0043D1 77          12096                   LD	(HL),A
0043D2 23          12097                   INC	HL
0043D3 77          12098                   LD	(HL),A
0043D4 23          12099                   INC	HL
0043D5 FD 23       12100   LOC7:           INC	IY
0043D7 CD 7B 44    12101                   CALL	RANGE		;END OF VARIABLE?
0043DA 38 14       12102                   JR	C,LOC8
0043DC 77          12103                   LD	(HL),A
0043DD 23          12104                   INC	HL
0043DE CD 88 44    12105                   CALL	RANGE1
0043E1 30 F2       12106                   JR	NC,LOC7
0043E3 FE 28       12107                   CP	'('
0043E5 28 09       12108                   JR	Z,LOC8
0043E7 FD 7E 01    12109                   LD	A,(IY+1)
0043EA FE 28       12110                   CP	'('
0043EC 28 E7       12111                   JR	Z,LOC7
0043EE FD 23       12112                   INC	IY
0043F0 36 00       12113   LOC8:           LD	(HL),0		;TERMINATOR
0043F2 23          12114                   INC	HL
0043F3 E5          12115                   PUSH	HL
0043F4 CD B1 43    12116                   CALL	TYPE
0043F7 FD 7E 00    12117                   LD	A,(IY)
0043FA FE 28       12118                   CP	'('
0043FC 3E 02       12119                   LD	A,2		;SIZE OF INDIRECT LINK
0043FE 28 07       12120                   JR	Z,LOC9
004400 7A          12121                   LD	A,D
004401 B7          12122                   OR	A		;STRING?
004402 F2 07 44    12123                   JP	P,LOC9
004405 3E 04       12124                   LD	A,4
004407 36 00       12125   LOC9:           LD	(HL),0		;INITIALISE TO ZERO
004409 23          12126                   INC	HL
00440A 3D          12127                   DEC	A
00440B 20 FA       12128                   JR	NZ,LOC9
00440D 22 E0 55    12129                   LD	(FREE),HL
004410 CD 12 33    12130                   CALL	CHECK
004413 E1          12131                   POP	HL
004414 AF          12132                   XOR	A
004415 C9          12133                   RET
004416             12134   ;
004416             12135   ;LINNUM - GET LINE NUMBER FROM TEXT STRING
004416             12136   ;   Inputs: IY = Text Pointer
004416             12137   ;  Outputs: HL = Line number (zero if none)
004416             12138   ;           IY updated
004416             12139   ; Destroys: A,D,E,H,L,IY,F
004416             12140   ;
004416 CD 97 45    12141   LINNUM:         CALL	NXT
004419 21 00 00    12142                   LD	HL,0
00441C FD 7E 00    12143   LINNM1:         LD	A,(IY)
00441F D6 30       12144                   SUB	'0'
004421 D8          12145                   RET	C
004422 FE 0A       12146                   CP	10
004424 D0          12147                   RET	NC
004425 FD 23       12148                   INC	IY
004427 54          12149                   LD	D,H
004428 5D          12150                   LD	E,L
004429 29          12151                   ADD	HL,HL		;*2
00442A 38 0F       12152                   JR	C,TOOBIGmn
00442C 29          12153                   ADD	HL,HL		;*4
00442D 38 0C       12154                   JR	C,TOOBIGmn
00442F 19          12155                   ADD	HL,DE		;*5
004430 38 09       12156                   JR	C,TOOBIGmn
004432 29          12157                   ADD	HL,HL		;*10
004433 38 06       12158                   JR	C,TOOBIGmn
004435 5F          12159                   LD	E,A
004436 16 00       12160                   LD	D,0
004438 19          12161                   ADD	HL,DE		;ADD IN DIGIT
004439 30 E1       12162                   JR	NC,LINNM1
00443B 3E 14       12163   TOOBIGmn:         LD	A,20
00443D C3 D0 3F    12164                   JP	ERROR_		;"Too big"
004440             12165   ;
004440             12166   ;PAIR - GET PAIR OF LINE NUMBERS FOR RENUMBER/AUTO.
004440             12167   ;   Inputs: IY = text pointer
004440             12168   ;  Outputs: HL = first number (10 by default)
004440             12169   ;           BC = second number (10 by default)
004440             12170   ; Destroys: A,B,C,D,E,H,L,B',C',D',E',H',L',IY,F
004440             12171   ;
004440 CD 16 44    12172   PAIR:           CALL	LINNUM		;FIRST
004443 7C          12173                   LD	A,H
004444 B5          12174                   OR	L
004445 20 02       12175                   JR	NZ,PAIR1
004447 2E 0A       12176                   LD	L,10
004449 CD C2 35    12177   PAIR1:          CALL	TERMQ
00444C FD 23       12178                   INC	IY
00444E E5          12179                   PUSH	HL
00444F 21 0A 00    12180                   LD	HL,10
004452 C4 16 44    12181                   CALL	NZ,LINNUM	;SECOND
004455 E3          12182                   EX	(SP),HL
004456 C1          12183                   POP	BC
004457 78          12184                   LD	A,B
004458 B1          12185                   OR	C
004459 C0          12186                   RET	NZ
00445A CD E1 3F    12187                   CALL	EXTERR
00445D 53 69 6C 6C 12188                   DB	"Silly"
       79          
004462 00          12189                   DB	0
004463             12190   ;
004463             12191   ;DLPAIR - GET PAIR OF LINE NUMBERS FOR DELETE/LIST.
004463             12192   ;   Inputs: IY = text pointer
004463             12193   ;  Outputs: HL = points to program text
004463             12194   ;           BC = second number (0 by default)
004463             12195   ; Destroys: A,B,C,D,E,H,L,IY,F
004463             12196   ;
004463 CD 16 44    12197   DLPAIR:         CALL	LINNUM
004466 E5          12198                   PUSH	HL
004467 CD C2 35    12199                   CALL	TERMQ
00446A 28 09       12200                   JR	Z,DLP1
00446C FE E7       12201                   CP	TIF
00446E 28 05       12202                   JR	Z,DLP1
004470 FD 23       12203                   INC	IY
004472 CD 16 44    12204                   CALL	LINNUM
004475 E3          12205   DLP1:           EX	(SP),HL
004476 CD CF 41    12206                   CALL	FINDL
004479 C1          12207                   POP	BC
00447A C9          12208                   RET
00447B             12209   ;
00447B             12210   ;TEST FOR VALID CHARACTER IN VARIABLE NAME:
00447B             12211   ;   Inputs: IY addresses character
00447B             12212   ;  Outputs: Carry set if out-of-range.
00447B             12213   ; Destroys: A,F
00447B             12214   ;
00447B FD 7E 00    12215   RANGE:          LD	A,(IY)
00447E FE 24       12216                   CP	'$'
004480 D8          12217                   RET	C
004481 FE 27       12218                   CP	'&'+1
004483 3F          12219                   CCF
004484 D0          12220                   RET	NC
004485 FE 28       12221                   CP	'('
004487 C8          12222                   RET	Z
004488 FE 30       12223   RANGE1:         CP	'0'
00448A D8          12224                   RET	C
00448B FE 3A       12225                   CP	'9'+1
00448D 3F          12226                   CCF
00448E D0          12227                   RET	NC
00448F FE 40       12228                   CP	'@'		;V2.4
004491 C8          12229                   RET	Z
004492 FE 41       12230   RANGE2:         CP	'A'
004494 D8          12231                   RET	C
004495 FE 5B       12232                   CP	'Z'+1
004497 3F          12233                   CCF
004498 D0          12234                   RET	NC
004499 FE 5F       12235                   CP	'_'
00449B D8          12236                   RET	C
00449C FE 7B       12237                   CP	'z'+1
00449E 3F          12238                   CCF
00449F C9          12239                   RET
0044A0             12240   ;
0044A0             12241   ;LEXAN - LEXICAL ANALYSIS.
0044A0             12242   ;  Bit 0,C: 1=left, 0=right
0044A0             12243   ;  Bit 3,C: 1=in HEX
0044A0             12244   ;  Bit 4,C: 1=accept line number
0044A0             12245   ;  Bit 5,C: 1=in variable, FN, PROC
0044A0             12246   ;  Bit 6,C: 1=in REM, DATA, *
0044A0             12247   ;  Bit 7,C: 1=in quotes
0044A0             12248   ;   Inputs: IY addresses source string
0044A0             12249   ;           DE addresses destination string
0044A0             12250   ;           (must be page boundary)
0044A0             12251   ;           C  sets initial mode
0044A0             12252   ;  Outputs: DE, IY updated
0044A0             12253   ;           A holds carriage return
0044A0             12254   ;
0044A0 12          12255   LEXAN1:         LD	(DE),A		;TRANSFER TO BUFFER
0044A1 13          12256                   INC	DE		;INCREMENT POINTERS
0044A2 FD 23       12257                   INC	IY
0044A4 7B          12258   LEXAN2:         LD	A,E		;MAIN ENTRY
0044A5 FE FC       12259                   CP	252		;TEST LENGTH
0044A7 3E 13       12260                   LD	A,19
0044A9 D2 D0 3F    12261                   JP	NC,ERROR_	;'String too long'
0044AC FD 7E 00    12262                   LD	A,(IY)
0044AF FE 0D       12263                   CP	CR
0044B1 C8          12264                   RET	Z		;END OF LINE
0044B2 CD 88 44    12265                   CALL	RANGE1
0044B5 30 04       12266                   JR	NC,LEXAN3
0044B7 CB A9       12267                   RES	5,C		;NOT IN VARIABLE
0044B9 CB 99       12268                   RES	3,C		;NOT IN HEX
0044BB FE 20       12269   LEXAN3:         CP	' '
0044BD 28 E1       12270                   JR	Z,LEXAN1	;PASS SPACES
0044BF FE 2C       12271                   CP	','
0044C1 28 DD       12272                   JR	Z,LEXAN1	;PASS COMMAS
0044C3 FE 47       12273                   CP	'G'
0044C5 38 02       12274                   JR	C,LEXAN4
0044C7 CB 99       12275                   RES	3,C		;NOT IN HEX
0044C9 FE 22       12276   LEXAN4:         CP	'"'
0044CB 20 05       12277                   JR	NZ,LEXAN5
0044CD CB 11       12278                   RL	C
0044CF 3F          12279                   CCF			;TOGGLE C7
0044D0 CB 19       12280                   RR	C
0044D2 CB 61       12281   LEXAN5:         BIT	4,C
0044D4 28 10       12282                   JR	Z,LEXAN6
0044D6 CB A1       12283                   RES	4,C
0044D8 C5          12284                   PUSH	BC
0044D9 D5          12285                   PUSH	DE
0044DA CD 16 44    12286                   CALL	LINNUM		;GET LINE NUMBER
0044DD D1          12287                   POP	DE
0044DE C1          12288                   POP	BC
0044DF 7C          12289                   LD	A,H
0044E0 B5          12290                   OR	L
0044E1 C4 4B 45    12291                   CALL	NZ,ENCODE	;ENCODE LINE NUMBER
0044E4 18 BE       12292                   JR	LEXAN2		;CONTINUE
0044E6             12293   ;
0044E6 0D          12294   LEXAN6:         DEC	C
0044E7 28 09       12295                   JR	Z,LEXAN7	;C=1 (LEFT)
0044E9 0C          12296                   INC	C
0044EA 20 B4       12297                   JR	NZ,LEXAN1
0044EC B7          12298                   OR	A
0044ED F4 2F 40    12299                   CALL	P,LEX		;TOKENISE IF POSS.
0044F0 18 16       12300                   JR	LEXAN8
0044F2             12301   ;
0044F2 FE 2A       12302   LEXAN7:         CP	'*'
0044F4 28 16       12303                   JR	Z,LEXAN9
0044F6 B7          12304                   OR	A
0044F7 F4 2F 40    12305                   CALL	P,LEX		;TOKENISE IF POSS.
0044FA FE DC       12306                   CP	TDATA
0044FC 28 0E       12307                   JR	Z,LEXAN9
0044FE FE 8F       12308                   CP	TOKLO
004500 38 06       12309                   JR	C,LEXAN8
004502 FE 94       12310                   CP	TOKHI+1
004504 30 02       12311                   JR	NC,LEXAN8
004506 C6 40       12312                   ADD	A,OFFSET	;LEFT VERSION
004508 FE F4       12313   LEXAN8:         CP	TREM
00450A 20 02       12314                   JR	NZ,LEXANA
00450C CB F1       12315   LEXAN9:         SET	6,C		;QUIT TOKENISING
00450E FE A4       12316   LEXANA:         CP	TFN
004510 28 09       12317                   JR	Z,LEXANB
004512 FE F2       12318                   CP	TPROC
004514 28 05       12319                   JR	Z,LEXANB
004516 CD 92 44    12320                   CALL	RANGE2
004519 38 02       12321                   JR	C,LEXANC
00451B CB E9       12322   LEXANB:         SET	5,C		;IN VARIABLE/FN/PROC
00451D FE 26       12323   LEXANC:         CP	'&'
00451F 20 02       12324                   JR	NZ,LEXAND
004521 CB D9       12325                   SET	3,C		;IN HEX
004523 21 42 45    12326   LEXAND:         LD	HL,LIST1
004526 C5          12327                   PUSH	BC
004527 01 06 00    12328                   LD	BC,LIST1L
00452A ED B1       12329                   CPIR
00452C C1          12330                   POP	BC
00452D 20 02       12331                   JR	NZ,LEXANE
00452F CB E1       12332                   SET	4,C		;ACCEPT LINE NUMBER
004531 21 46 45    12333   LEXANE:         LD	HL,LIST2
004534 C5          12334                   PUSH	BC
004535 01 05 00    12335                   LD	BC,LIST2L
004538 ED B1       12336                   CPIR
00453A C1          12337                   POP	BC
00453B 20 02       12338                   JR	NZ,LEXANF
00453D CB C1       12339                   SET	0,C		;ENTER LEFT MODE
00453F C3 A0 44    12340   LEXANF:         JP	LEXAN1
004542             12341   ;
004542 E5          12342   LIST1:          DB	TGOTO
004543 E4          12343                   DB	TGOSUB
004544 F7          12344                   DB	TRESTORE
004545 FC          12345                   DB	TTRACE
004546 8C          12346   LIST2:          DB	TTHEN
004547 8B          12347                   DB	TELSE
004548             12348   LIST1L:         EQU	$-LIST1
004548 F5          12349                   DB	TREPEAT
004549 85          12350                   DB	TERROR
00454A 3A          12351                   DB	':'
00454B             12352   LIST2L:         EQU	$-LIST2
00454B             12353   ;
00454B             12354   ;ENCODE - ENCODE LINE NUMBER INTO PSEUDO-BINARY FORM.
00454B             12355   ;   Inputs: HL=line number, DE=string pointer
00454B             12356   ;  Outputs: DE updated, BIT 4,C set.
00454B             12357   ; Destroys: A,B,C,D,E,H,L,F
00454B             12358   ;
00454B CB E1       12359   ENCODE:         SET	4,C
00454D EB          12360                   EX	DE,HL
00454E 36 8D       12361                   LD	(HL),TLINO
004550 23          12362                   INC	HL
004551 7A          12363                   LD	A,D
004552 E6 C0       12364                   AND	0C0H
004554 0F          12365                   RRCA
004555 0F          12366                   RRCA
004556 47          12367                   LD	B,A
004557 7B          12368                   LD	A,E
004558 E6 C0       12369                   AND	0C0H
00455A B0          12370                   OR	B
00455B 0F          12371                   RRCA
00455C 0F          12372                   RRCA
00455D EE 54       12373                   XOR	01010100B
00455F 77          12374                   LD	(HL),A
004560 23          12375                   INC	HL
004561 7B          12376                   LD	A,E
004562 E6 3F       12377                   AND	3FH
004564 F6 40       12378                   OR	'@'
004566 77          12379                   LD	(HL),A
004567 23          12380                   INC	HL
004568 7A          12381                   LD	A,D
004569 E6 3F       12382                   AND	3FH
00456B F6 40       12383                   OR	'@'
00456D 77          12384                   LD	(HL),A
00456E 23          12385                   INC	HL
00456F EB          12386                   EX	DE,HL
004570 C9          12387                   RET
004571             12388   ;
004571             12389   ;TEXT - OUTPUT MESSAGE.
004571             12390   ;   Inputs: HL addresses text (terminated by nul)
004571             12391   ;  Outputs: HL addresses character following nul.
004571             12392   ; Destroys: A,H,L,F
004571             12393   ;
004571 2A EE 55    12394   REPORT:         LD	HL,(ERRTXT)
004574 7E          12395   TEXT_:          LD	A,(HL)
004575 23          12396                   INC	HL
004576 B7          12397                   OR	A
004577 C8          12398                   RET	Z
004578 FE 0A       12399                   CP	LF
00457A 28 05       12400                   JR	Z,TEXTLF	;Token for TINT
00457C CD A7 41    12401                   CALL	OUT
00457F 18 F3       12402                   JR	TEXT_
004581             12403   ;
004581 CD 8E 41    12404   TEXTLF:         CALL	OUTCHR
004584 18 EE       12405                   JR	TEXT_
004586             12406   ;
004586             12407   ;TELL - OUTPUT MESSAGE.
004586             12408   ;   Inputs: Text follows subroutine call (term=nul)
004586             12409   ; Destroys: A,F
004586             12410   ;
004586 E3          12411   TELL:           EX	(SP),HL		;GET RETURN ADDRESS
004587 CD 74 45    12412                   CALL	TEXT_
00458A E3          12413                   EX	(SP),HL
00458B C9          12414                   RET
00458C             12415   ;
00458C             12416   ; NLIST - Check for end of list
00458C             12417   ;
00458C CD 97 45    12418   NLIST:          CALL	NXT
00458F FE 2C       12419                   CP	','		;ANOTHER VARIABLE?
004591 28 0A       12420                   JR	Z,NXT1
004593 C1          12421                   POP	BC		;DITCH RETURN ADDRESS
004594 C3 24 25    12422                   JP	XEQ
004597             12423   ;
004597 FD 7E 00    12424   NXT:            LD	A,(IY)
00459A FE 20       12425                   CP	' '
00459C C0          12426                   RET	NZ
00459D FD 23       12427   NXT1:           INC	IY
00459F 18 F6       12428                   JR	NXT
0045A1             12429   ;
0045A1             12430   ;                END	START
0045A1             12431   ; --- End main.asm ---
0045A1             12432   
0045A1             12433   ; --- Begin math.asm ---
0045A1             12434   ;
0045A1             12435   ;Automatically created from original source on 2024-12-15 15:29:12
0045A1             12436   ;
0045A1             12437                   .ASSUME ADL = 0
0045A1             12438   ;	.ORG 0x0000
0045A1             12439   ;                SEGMENT CODE
0045A1             12440   ;
0045A1             12441   ;Z80 FLOATING POINT PACKAGE
0045A1             12442   ;(C) COPYRIGHT  R.T.RUSSELL  1986-2024
0045A1             12443   ;VERSION 0.0, 26-10-1986
0045A1             12444   ;VERSION 0.1, 14-12-1988 (BUG FIX)
0045A1             12445   ;VERSION 5.0, 16-06-2024 (SHIFTS ADDED)
0045A1             12446   ;VERSION 5.1, 16-03-2025 (Shifts moved to new codes)
0045A1             12447   ;
0045A1             12448   ;BINARY FLOATING POINT REPRESENTATION:
0045A1             12449   ;   32 BIT SIGN-MAGNITUDE NORMALIZED MANTISSA
0045A1             12450   ;    8 BIT EXCESS-128 SIGNED EXPONENT
0045A1             12451   ;   SIGN BIT REPLACES MANTISSA MSB (IMPLIED "1")
0045A1             12452   ;   MANTISSA=0 & EXPONENT=0 IMPLIES VALUE IS ZERO.
0045A1             12453   ;
0045A1             12454   ;BINARY INTEGER REPRESENTATION:
0045A1             12455   ;   32 BIT 2'S-COMPLEMENT SIGNED INTEGER
0045A1             12456   ;    "EXPONENT" BYTE = 0 (WHEN PRESENT)
0045A1             12457   ;
0045A1             12458   ;NORMAL REGISTER ALLOCATION: MANTISSA - HLH'L'
0045A1             12459   ;                            EXPONENT - C
0045A1             12460   ;ALTERNATE REGISTER ALLOCATION: MANTISSA - DED'E'
0045A1             12461   ;                               EXPONENT - B
0045A1             12462   ;
0045A1             12463   ;Error codes:
0045A1             12464   ;
0045A1             12465   BADOP:          EQU	1		;Bad operation code
0045A1             12466   DIVBY0:         EQU	18		;Division by zero
0045A1             12467   TOOBIG:         EQU	20		;Too big
0045A1             12468   NGROOT:         EQU	21		;Negative root
0045A1             12469   LOGRNG:         EQU	22		;Log range
0045A1             12470   ACLOST:         EQU	23		;Accuracy lost
0045A1             12471   EXPRNG:         EQU	24		;Exp range
0045A1             12472   ;
0045A1             12473   ;                XDEF	FPP
0045A1             12474   ;                XREF	STORE5
0045A1             12475   ;                XREF	DLOAD5
0045A1             12476   ;
0045A1             12477   ;Call entry and despatch code:
0045A1             12478   ;
0045A1 FD E5       12479   FPP:            PUSH	IY		;Save IY
0045A3 FD 21 00 00 12480                   LD	IY,0
0045A7 FD 39       12481                   ADD	IY,SP		;Save SP in IY
0045A9 CD B8 45    12482                   CALL	OP		;Perform operation
0045AC BF          12483                   CP	A		;Good return (Z, NC)
0045AD FD E1       12484   EXITmat:           POP	IY		;Restore IY
0045AF C9          12485                   RET			;Return to caller
0045B0             12486   ;
0045B0             12487   ;Error exit:
0045B0             12488   ;
0045B0 3E 01       12489   BADmat:            LD	A,BADOP		;"Bad operation code"
0045B2 FD F9       12490   ERROR_mat:         LD	SP,IY		;Restore SP from IY
0045B4 B7          12491                   OR	A		;Set NZ
0045B5 37          12492                   SCF			;Set C
0045B6 18 F5       12493                   JR	EXITmat
0045B8             12494   ;
0045B8             12495   ;Perform operation or function:
0045B8             12496   ;
0045B8             12497   ; OP:             CP	(RTABLE-DTABLE)/2
0045B8 FE 30       12498   OP:             CP	RTABLE-DTABLE/2
0045BA 30 F4       12499                   JR	NC,BADmat
0045BC             12500                   ; CP	(FTABLE-DTABLE)/2
0045BC FE 10       12501                   CP	FTABLE-DTABLE/2
0045BE 30 07       12502                   JR	NC,DISPAT
0045C0 08          12503                   EX	AF,AF'
0045C1 78          12504                   LD	A,B
0045C2 B1          12505                   OR	C		;Both integer?
0045C3 C4 31 4F    12506                   CALL	NZ,FLOATA	;No, so float both
0045C6 08          12507                   EX	AF,AF'
0045C7 E5          12508   DISPAT:         PUSH	HL
0045C8 21 D8 45    12509                   LD	HL,DTABLE
0045CB C5          12510                   PUSH	BC
0045CC 87          12511                   ADD	A,A		;A = op-code * 2
0045CD 4F          12512                   LD	C,A
0045CE 06 00       12513                   LD	B,0		;BC = op-code * 2
0045D0 09          12514                   ADD	HL,BC
0045D1 7E          12515                   LD	A,(HL)		;Get low byte
0045D2 23          12516                   INC	HL
0045D3 66          12517                   LD	H,(HL)		;Get high byte
0045D4 6F          12518                   LD	L,A
0045D5 C1          12519                   POP	BC
0045D6 E3          12520                   EX	(SP),HL
0045D7 C9          12521                   RET			;Off to routine
0045D8             12522   ;
0045D8             12523   ;Despatch table:
0045D8             12524   ;
0045D8 5B 46       12525   DTABLE:         DW	IAND		;0  & (INTEGER)
0045DA A8 46       12526                   DW	IBDIV		;1  DIV
0045DC 6D 46       12527                   DW	IEOR		;2  EOR
0045DE 91 46       12528                   DW	IMOD		;3  MOD
0045E0 7F 46       12529                   DW	IOR		;4  |
0045E2 A6 48       12530                   DW	ILE		;5  <=
0045E4 B3 48       12531                   DW	INE		;6  <>
0045E6 9B 48       12532                   DW	IGE		;7  >=
0045E8 84 48       12533                   DW	ILT		;8  <
0045EA BE 48       12534                   DW	IEQ		;9  =
0045EC 72 47       12535                   DW	IMUL		;10 *
0045EE CB 46       12536                   DW	IADD		;11 +
0045F0 8F 48       12537                   DW	IGT		;12 >
0045F2 B5 46       12538                   DW	ISUB		;13 -
0045F4 ED 47       12539                   DW	IPOW		;14 ^
0045F6 2A 47       12540                   DW	IDIV		;15 /
0045F8             12541   ;
0045F8 0A 49       12542   FTABLE:         DW	ABS		;16 ABS
0045FA 66 4C       12543                   DW	ACS		;17 ACS
0045FC C2 4B       12544                   DW	ASN		;18 ASN
0045FE E7 4B       12545                   DW	ATN		;19 ATN
004600 00 4A       12546                   DW	COS		;20 COS
004602 34 49       12547                   DW	DEG		;21 DEG
004604 A5 4A       12548                   DW	EXP		;22 EXP
004606 7A 49       12549                   DW	INT_		;23 INT_
004608 30 4B       12550                   DW	LN		;24 LN
00460A B0 4B       12551                   DW	LOG		;25 LOG
00460C 15 49       12552                   DW	CPL_		;26 NOT
00460E 3C 49       12553                   DW	RAD		;27 RAD
004610 52 49       12554                   DW	SGN		;28 SGN
004612 0B 4A       12555                   DW	SIN		;29 SIN
004614 90 49       12556                   DW	SQR		;30 SQR
004616 E3 49       12557                   DW	TAN		;31 TAN
004618             12558   ;
004618 AD 4F       12559                   DW	ZEROmat		;32 ZERO
00461A 84 4A       12560                   DW	FONE		;33 FONE
00461C C2 48       12561                   DW	TRUE		;34 TRUE
00461E 28 49       12562                   DW	PI		;35 PI
004620             12563   ;
004620 62 49       12564                   DW	VAL		;36 VAL
004622 6E 4C       12565                   DW	STRmat		;37 STR$
004624             12566   ;
004624 83 4E       12567                   DW	SFIXmat		;38 FIX
004626 3E 4F       12568                   DW	SFLOAT		;39 FLOAT
004628             12569   ;
004628 83 4F       12570                   DW	FTEST		;40 TEST
00462A 94 4F       12571                   DW	FCOMP		;41 COMPARE
00462C             12572   ;
00462C 7B 3F       12573                   DW	BAD		;42 Reserved for Z88
00462E 7B 3F       12574                   DW	BAD		;43 Reserved for Z88
004630             12575   ;
004630 CD 48       12576                   DW	ISHL		;44 <<
004632 CD 48       12577                   DW	ISHX		;45 <<<
004634 D9 48       12578                   DW	ISAR		;46 >>
004636 EA 48       12579                   DW	ISHR		;47 >>>
004638             12580   ;
004638 58 46       12581   RTABLE:         DW	FAND		;& (FLOATING-POINT)
00463A A5 46       12582                   DW	FBDIV		;DIV
00463C 6A 46       12583                   DW	FEOR		;EOR
00463E 8E 46       12584                   DW	FMOD		;MOD
004640 7C 46       12585                   DW	FOR		;|
004642 A1 48       12586                   DW	FLE		;<=
004644 AE 48       12587                   DW	FNE		;<>
004646 96 48       12588                   DW	FGE		;>=
004648 7F 48       12589                   DW	FLT		;<
00464A B9 48       12590                   DW	FEQ		;=
00464C 9D 47       12591                   DW	FMUL		;*
00464E D5 46       12592                   DW	FADD		;+
004650 8A 48       12593                   DW	FGT		;>
004652 BF 46       12594                   DW	FSUB		;-
004654 55 48       12595                   DW	FPOW		;^
004656 2D 47       12596                   DW	FDIV		;/
004658             12597   ;
004658             12598   ;ARITHMETIC AND LOGICAL OPERATORS:
004658             12599   ;All take two arguments, in HLH'L'C & DED'E'B.
004658             12600   ;Output in HLH'L'C
004658             12601   ;All registers except IX, IY destroyed.
004658             12602   ; (N.B. FPOW destroys IX).
004658             12603   ;
004658             12604   ;FAND - Floating-point AND.
004658             12605   ;IAND - Integer AND.
004658             12606   ;
004658 CD 7A 4E    12607   FAND:           CALL	FIX2
00465B 7C          12608   IAND:           LD	A,H
00465C A2          12609                   AND	D
00465D 67          12610                   LD	H,A
00465E 7D          12611                   LD	A,L
00465F A3          12612                   AND	E
004660 6F          12613                   LD	L,A
004661 D9          12614                   EXX
004662 7C          12615                   LD	A,H
004663 A2          12616                   AND	D
004664 67          12617                   LD	H,A
004665 7D          12618                   LD	A,L
004666 A3          12619                   AND	E
004667 6F          12620                   LD	L,A
004668 D9          12621                   EXX
004669 C9          12622                   RET
00466A             12623   ;
00466A             12624   ;FEOR - Floating-point exclusive-OR.
00466A             12625   ;IEOR - Integer exclusive-OR.
00466A             12626   ;
00466A CD 7A 4E    12627   FEOR:           CALL	FIX2
00466D 7C          12628   IEOR:           LD	A,H
00466E AA          12629                   XOR	D
00466F 67          12630                   LD	H,A
004670 7D          12631                   LD	A,L
004671 AB          12632                   XOR	E
004672 6F          12633                   LD	L,A
004673 D9          12634                   EXX
004674 7C          12635                   LD	A,H
004675 AA          12636                   XOR	D
004676 67          12637                   LD	H,A
004677 7D          12638                   LD	A,L
004678 AB          12639                   XOR	E
004679 6F          12640                   LD	L,A
00467A D9          12641                   EXX
00467B C9          12642                   RET
00467C             12643   ;
00467C             12644   ;FOR - Floating-point OR.
00467C             12645   ;IOR - Integer OR.
00467C             12646   ;
00467C CD 7A 4E    12647   FOR:            CALL	FIX2
00467F 7C          12648   IOR:            LD	A,H
004680 B2          12649                   OR	D
004681 67          12650                   LD	H,A
004682 7D          12651                   LD	A,L
004683 B3          12652                   OR	E
004684 6F          12653                   LD	L,A
004685 D9          12654                   EXX
004686 7C          12655                   LD	A,H
004687 B2          12656                   OR	D
004688 67          12657                   LD	H,A
004689 7D          12658                   LD	A,L
00468A B3          12659                   OR	E
00468B 6F          12660                   LD	L,A
00468C D9          12661                   EXX
00468D C9          12662                   RET
00468E             12663   ;
00468E             12664   ;FMOD - Floating-point remainder.
00468E             12665   ;IMOD - Integer remainder.
00468E             12666   ;
00468E CD 7A 4E    12667   FMOD:           CALL	FIX2
004691 7C          12668   IMOD:           LD	A,H
004692 AA          12669                   XOR	D		;DIV RESULT SIGN
004693 CB 7C       12670                   BIT	7,H
004695 CD 81 51    12671                   CALL	ABS2		;MAKE BOTH POSITIVE
004698 3E DF       12672                   LD	A,-33
00469A CD BD 50    12673                   CALL	DIVA		;DIVIDE
00469D D9          12674                   EXX
00469E 0E 00       12675                   LD	C,0		;INTEGER MARKER
0046A0 08          12676                   EX	AF,AF'
0046A1 C8          12677                   RET	Z
0046A2 C3 92 4E    12678                   JP	NEGATE
0046A5             12679   ;
0046A5             12680   ;BDIV - Integer division.
0046A5             12681   ;
0046A5 CD 7A 4E    12682   FBDIV:          CALL	FIX2
0046A8 CD 91 46    12683   IBDIV:          CALL	IMOD
0046AB B7          12684                   OR	A
0046AC CD 68 4F    12685                   CALL	SWAP
0046AF 0E 00       12686                   LD	C,0
0046B1 F0          12687                   RET	P
0046B2 C3 92 4E    12688                   JP	NEGATE
0046B5             12689   ;
0046B5             12690   ;ISUB - Integer subtraction.
0046B5             12691   ;FSUB - Floating point subtraction with rounding.
0046B5             12692   ;
0046B5 CD F0 4F    12693   ISUB:           CALL	SUB
0046B8 E0          12694                   RET	PO
0046B9 CD EA 4F    12695                   CALL	ADD
0046BC CD 35 4F    12696                   CALL	FLOAT2
0046BF 7A          12697   FSUB:           LD	A,D
0046C0 EE 80       12698                   XOR	80H		;CHANGE SIGN THEN ADD
0046C2 57          12699                   LD	D,A
0046C3 18 10       12700                   JR	FADD
0046C5             12701   ;
0046C5             12702   ;Reverse subtract.
0046C5             12703   ;
0046C5 7C          12704   RSUB:           LD	A,H
0046C6 EE 80       12705                   XOR	80H
0046C8 67          12706                   LD	H,A
0046C9 18 0A       12707                   JR	FADD
0046CB             12708   ;
0046CB             12709   ;IADD - Integer addition.
0046CB             12710   ;FADD - Floating point addition with rounding.
0046CB             12711   ;
0046CB CD EA 4F    12712   IADD:           CALL	ADD
0046CE E0          12713                   RET	PO
0046CF CD F0 4F    12714                   CALL	SUB
0046D2 CD 35 4F    12715                   CALL	FLOAT2
0046D5 05          12716   FADD:           DEC	B
0046D6 04          12717                   INC	B
0046D7 C8          12718                   RET	Z		;ARG 2 ZERO
0046D8 0D          12719                   DEC	C
0046D9 0C          12720                   INC	C
0046DA CA 68 4F    12721                   JP	Z,SWAP		;ARG 1 ZERO
0046DD D9          12722                   EXX
0046DE 01 00 00    12723                   LD	BC,0		;INITIALISE
0046E1 D9          12724                   EXX
0046E2 7C          12725                   LD	A,H
0046E3 AA          12726                   XOR	D		;XOR SIGNS
0046E4 F5          12727                   PUSH	AF
0046E5 78          12728                   LD	A,B
0046E6 B9          12729                   CP	C		;COMPARE EXPONENTS
0046E7 DC 68 4F    12730                   CALL	C,SWAP		;MAKE DED'E'B LARGEST
0046EA 78          12731                   LD	A,B
0046EB CB FC       12732                   SET	7,H		;IMPLIED 1
0046ED C4 6A 4E    12733                   CALL	NZ,FIX		;ALIGN
0046F0 F1          12734                   POP	AF
0046F1 7A          12735                   LD	A,D		;SIGN OF LARGER
0046F2 CB FA       12736                   SET	7,D		;IMPLIED 1
0046F4 FA 01 47    12737                   JP	M,FADD3		;SIGNS DIFFERENT
0046F7 CD EA 4F    12738                   CALL	ADD		;HLH'L'=HLH'L'+DED'E'
0046FA DC 70 4F    12739                   CALL	C,DIV2		;NORMALISE
0046FD CB FC       12740                   SET	7,H
0046FF 18 0A       12741                   JR	FADD4
004701             12742   ;
004701 CD F0 4F    12743   FADD3:          CALL	SUB		;HLH'L'=HLH'L'-DED'E'
004704 DC A6 4E    12744                   CALL	C,NEG		;NEGATE HLH'L'B'C'
004707 CD 12 4F    12745                   CALL	FLO48
00470A 2F          12746                   CPL			;CHANGE RESULT SIGN
00470B D9          12747   FADD4:          EXX
00470C EB          12748                   EX	DE,HL
00470D 21 00 80    12749                   LD	HL,8000H
004710 B7          12750                   OR	A		;CLEAR CARRY
004711 ED 42       12751                   SBC	HL,BC
004713 EB          12752                   EX	DE,HL
004714 D9          12753                   EXX
004715 CC 62 4F    12754                   CALL	Z,ODD		;ROUND UNBIASSED
004718 DC 54 4F    12755                   CALL	C,ADD1		;ROUND UP
00471B DC 7C 4F    12756                   CALL	C,INCC
00471E CB BC       12757                   RES	7,H
004720 0D          12758                   DEC	C
004721 0C          12759                   INC	C
004722 CA AD 4F    12760                   JP	Z,ZEROmat
004725 B7          12761                   OR	A		;RESULT SIGNQ
004726 F0          12762                   RET	P		;POSITIVE
004727 CB FC       12763                   SET	7,H		;NEGATIVE
004729 C9          12764                   RET
00472A             12765   ;
00472A             12766   ;IDIV - Integer division.
00472A             12767   ;FDIV - Floating point division with rounding.
00472A             12768   ;
00472A CD 35 4F    12769   IDIV:           CALL	FLOAT2
00472D 05          12770   FDIV:           DEC	B		;TEST FOR ZERO
00472E 04          12771                   INC	B
00472F 3E 12       12772                   LD	A,DIVBY0
004731 CA B2 45    12773                   JP	Z,ERROR_mat		;"Division by zero"
004734 0D          12774                   DEC	C		;TEST FOR ZERO
004735 0C          12775                   INC	C
004736 C8          12776                   RET	Z
004737 7C          12777                   LD	A,H
004738 AA          12778                   XOR	D		;CALC. RESULT SIGN
004739 08          12779                   EX	AF,AF'		;SAVE SIGN
00473A CB FA       12780                   SET	7,D		;REPLACE IMPLIED 1's
00473C CB FC       12781                   SET	7,H
00473E C5          12782                   PUSH	BC		;SAVE EXPONENTS
00473F 42          12783                   LD	B,D		;LOAD REGISTERS
004740 4B          12784                   LD	C,E
004741 11 00 00    12785                   LD	DE,0
004744 D9          12786                   EXX
004745 42          12787                   LD	B,D
004746 4B          12788                   LD	C,E
004747 11 00 00    12789                   LD	DE,0
00474A 3E E0       12790                   LD	A,-32		;LOOP COUNTER
00474C CD BD 50    12791                   CALL	DIVA		;DIVIDE
00474F D9          12792                   EXX
004750 CB 7A       12793                   BIT	7,D
004752 D9          12794                   EXX
004753 CC D8 50    12795                   CALL	Z,DIVB		;NORMALISE & INC A
004756 EB          12796                   EX	DE,HL
004757 D9          12797                   EXX
004758 CB 38       12798                   SRL	B		;DIVISOR/2
00475A CB 19       12799                   RR	C
00475C B7          12800                   OR	A		;CLEAR CARRY
00475D ED 42       12801                   SBC	HL,BC		;REMAINDER-DIVISOR/2
00475F 3F          12802                   CCF
004760 EB          12803                   EX	DE,HL		;RESULT IN HLH'L'
004761 CC 62 4F    12804                   CALL	Z,ODD		;ROUND UNBIASSED
004764 DC 54 4F    12805                   CALL	C,ADD1		;ROUND UP
004767 C1          12806                   POP	BC		;RESTORE EXPONENTS
004768 DC 7C 4F    12807                   CALL	C,INCC
00476B 1F          12808                   RRA			;LSB OF A TO CARRY
00476C 79          12809                   LD	A,C		;COMPUTE NEW EXPONENT
00476D 98          12810                   SBC	A,B
00476E 3F          12811                   CCF
00476F C3 D6 47    12812                   JP	CHKOVF
004772             12813   ;
004772             12814   ;IMUL - Integer multiplication.
004772             12815   ;
004772 7C          12816   IMUL:           LD	A,H
004773 AA          12817                   XOR	D
004774 CD 81 51    12818                   CALL	ABS2		;MAKE BOTH POSITIVE
004777 3E DF       12819                   LD	A,-33
004779 CD EB 50    12820                   CALL	MULA		;MULTIPLY
00477C D9          12821                   EXX
00477D 0E BF       12822                   LD	C,191		;PRESET EXPONENT
00477F CD 8D 4F    12823                   CALL	TESTmat		;TEST RANGE
004782 20 0D       12824                   JR	NZ,IMUL1	;TOO BIG
004784 CB 7A       12825                   BIT	7,D
004786 20 09       12826                   JR	NZ,IMUL1
004788 CD 68 4F    12827                   CALL	SWAP
00478B 4A          12828                   LD	C,D		;INTEGER MARKER
00478C 08          12829                   EX	AF,AF'
00478D F0          12830                   RET	P
00478E C3 92 4E    12831                   JP	NEGATE
004791             12832   ;
004791 0D          12833   IMUL1:          DEC	C
004792 CD 54 51    12834                   CALL	SLA8
004795 F2 91 47    12835                   JP	P,IMUL1		;NORMALISE
004798 08          12836                   EX	AF,AF'
004799 F8          12837                   RET	M
00479A CB BC       12838                   RES	7,H		;POSITIVE
00479C C9          12839                   RET
00479D             12840   ;
00479D             12841   ;FMUL - Floating point multiplication with rounding.
00479D             12842   ;
00479D 05          12843   FMUL:           DEC	B		;TEST FOR ZERO
00479E 04          12844                   INC	B
00479F CA AD 4F    12845                   JP	Z,ZEROmat
0047A2 0D          12846                   DEC	C		;TEST FOR ZERO
0047A3 0C          12847                   INC	C
0047A4 C8          12848                   RET	Z
0047A5 7C          12849                   LD	A,H
0047A6 AA          12850                   XOR	D		;CALC. RESULT SIGN
0047A7 08          12851                   EX	AF,AF'
0047A8 CB FA       12852                   SET	7,D		;REPLACE IMPLIED 1's
0047AA CB FC       12853                   SET	7,H
0047AC C5          12854                   PUSH	BC		;SAVE EXPONENTS
0047AD 44          12855                   LD	B,H		;LOAD REGISTERS
0047AE 4D          12856                   LD	C,L
0047AF 21 00 00    12857                   LD	HL,0
0047B2 D9          12858                   EXX
0047B3 44          12859                   LD	B,H
0047B4 4D          12860                   LD	C,L
0047B5 21 00 00    12861                   LD	HL,0
0047B8 3E E0       12862                   LD	A,-32		;LOOP COUNTER
0047BA CD EB 50    12863                   CALL	MULA		;MULTIPLY
0047BD DC FF 50    12864                   CALL	C,MULB		;NORMALISE & INC A
0047C0 D9          12865                   EXX
0047C1 E5          12866                   PUSH	HL
0047C2 21 00 80    12867                   LD	HL,8000H
0047C5 B7          12868                   OR	A		;CLEAR CARRY
0047C6 ED 52       12869                   SBC	HL,DE
0047C8 E1          12870                   POP	HL
0047C9 CC 62 4F    12871                   CALL	Z,ODD		;ROUND UNBIASSED
0047CC DC 54 4F    12872                   CALL	C,ADD1		;ROUND UP
0047CF C1          12873                   POP	BC		;RESTORE EXPONENTS
0047D0 DC 7C 4F    12874                   CALL	C,INCC
0047D3 1F          12875                   RRA			;LSB OF A TO CARRY
0047D4 79          12876                   LD	A,C		;COMPUTE NEW EXPONENT
0047D5 88          12877                   ADC	A,B
0047D6 38 05       12878   CHKOVF:         JR	C,CHKO1
0047D8 F2 AD 4F    12879                   JP	P,ZEROmat		;UNDERFLOW
0047DB 18 03       12880                   JR	CHKO2
0047DD FA 7E 4F    12881   CHKO1:          JP	M,OFLOW		;OVERFLOW
0047E0 C6 80       12882   CHKO2:          ADD	A,80H
0047E2 4F          12883                   LD	C,A
0047E3 CA AD 4F    12884                   JP	Z,ZEROmat
0047E6 08          12885                   EX	AF,AF'		;RESTORE SIGN BIT
0047E7 CB BC       12886                   RES	7,H
0047E9 F0          12887                   RET	P
0047EA CB FC       12888                   SET	7,H
0047EC C9          12889                   RET
0047ED             12890   ;
0047ED             12891   ;IPOW - Integer involution.
0047ED             12892   ;
0047ED CD 68 4F    12893   IPOW:           CALL	SWAP
0047F0 CB 7C       12894                   BIT	7,H
0047F2 F5          12895                   PUSH	AF		;SAVE SIGN
0047F3 C4 92 4E    12896                   CALL	NZ,NEGATE
0047F6 48          12897   IPOW0:          LD	C,B
0047F7 06 20       12898                   LD	B,32		;LOOP COUNTER
0047F9 CD 07 50    12899   IPOW1:          CALL	X2
0047FC 38 08       12900                   JR	C,IPOW2
0047FE 10 F9       12901                   DJNZ	IPOW1
004800 F1          12902                   POP	AF
004801 D9          12903                   EXX
004802 2C          12904                   INC	L		;RESULT=1
004803 D9          12905                   EXX
004804 4C          12906                   LD	C,H
004805 C9          12907                   RET
004806             12908   ;
004806 F1          12909   IPOW2:          POP	AF
004807 C5          12910                   PUSH	BC
004808 EB          12911                   EX	DE,HL
004809 E5          12912                   PUSH	HL
00480A D9          12913                   EXX
00480B EB          12914                   EX	DE,HL
00480C E5          12915                   PUSH	HL
00480D D9          12916                   EXX
00480E DD 21 00 00 12917                   LD	IX,0
004812 DD 39       12918                   ADD	IX,SP
004814 28 34       12919                   JR	Z,IPOW4
004816 C5          12920                   PUSH	BC
004817 D9          12921                   EXX
004818 D5          12922                   PUSH	DE
004819 D9          12923                   EXX
00481A D5          12924                   PUSH	DE
00481B CD 3E 4F    12925                   CALL	SFLOAT
00481E CD 1C 4B    12926                   CALL	RECIP
004821 CD 8E 32    12927                   CALL	STORE5
004824 18 1D       12928                   JR	IPOW5
004826             12929   ;
004826 C5          12930   IPOW3:          PUSH	BC
004827 D9          12931                   EXX
004828 CB 23       12932                   SLA	E
00482A CB 12       12933                   RL	D
00482C D5          12934                   PUSH	DE
00482D D9          12935                   EXX
00482E CB 13       12936                   RL	E
004830 CB 12       12937                   RL	D
004832 D5          12938                   PUSH	DE
004833 3E 0A       12939                   LD	A,'*' & 0FH
004835 F5          12940                   PUSH	AF
004836 CD 19 50    12941                   CALL	COPY
004839 CD B8 45    12942                   CALL	OP		;SQUARE
00483C F1          12943                   POP	AF
00483D CD 74 1A    12944                   CALL	DLOAD5
004840 DC B8 45    12945                   CALL	C,OP		;MULTIPLY BY X
004843 D1          12946   IPOW5:          POP	DE
004844 D9          12947                   EXX
004845 D1          12948                   POP	DE
004846 D9          12949                   EXX
004847 79          12950                   LD	A,C
004848 C1          12951                   POP	BC
004849 4F          12952                   LD	C,A
00484A 10 DA       12953   IPOW4:          DJNZ	IPOW3
00484C F1          12954                   POP	AF
00484D F1          12955                   POP	AF
00484E F1          12956                   POP	AF
00484F C9          12957                   RET
004850             12958   ;
004850 F1          12959   FPOW0:          POP	AF
004851 F1          12960                   POP	AF
004852 F1          12961                   POP	AF
004853 18 A1       12962                   JR	IPOW0
004855             12963   ;
004855             12964   ;FPOW - Floating-point involution.
004855             12965   ;
004855 CB 7A       12966   FPOW:           BIT	7,D
004857 F5          12967                   PUSH	AF
004858 CD 68 4F    12968                   CALL	SWAP
00485B CD 27 50    12969                   CALL	PUSH5
00485E 0D          12970                   DEC	C
00485F 0C          12971                   INC	C
004860 28 EE       12972                   JR	Z,FPOW0
004862 3E 9E       12973                   LD	A,158
004864 B9          12974                   CP	C
004865 38 08       12975                   JR	C,FPOW1
004867 3C          12976                   INC	A
004868 CD 6A 4E    12977                   CALL	FIX
00486B 08          12978                   EX	AF,AF'
00486C F2 50 48    12979                   JP	P,FPOW0
00486F CD 68 4F    12980   FPOW1:          CALL	SWAP
004872 CD 33 4B    12981                   CALL	LN0
004875 CD 30 50    12982                   CALL	POP5
004878 F1          12983                   POP	AF
004879 CD 9D 47    12984                   CALL	FMUL
00487C C3 A8 4A    12985                   JP	EXP0
00487F             12986   ;
00487F             12987   ;Integer and floating-point compare.
00487F             12988   ;Result is TRUE (-1) or FALSE (0).
00487F             12989   ;
00487F CD B7 4F    12990   FLT:            CALL	FCP
004882 18 03       12991                   JR	ILT1
004884 CD AA 4F    12992   ILT:            CALL	ICP
004887 D0          12993   ILT1:           RET	NC
004888 18 38       12994                   JR	TRUE
00488A             12995   ;
00488A CD B7 4F    12996   FGT:            CALL	FCP
00488D 18 03       12997                   JR	IGT1
00488F CD AA 4F    12998   IGT:            CALL	ICP
004892 C8          12999   IGT1:           RET	Z
004893 D8          13000                   RET	C
004894 18 2C       13001                   JR	TRUE
004896             13002   ;
004896 CD B7 4F    13003   FGE:            CALL	FCP
004899 18 03       13004                   JR	IGE1
00489B CD AA 4F    13005   IGE:            CALL	ICP
00489E D8          13006   IGE1:           RET	C
00489F 18 21       13007                   JR	TRUE
0048A1             13008   ;
0048A1 CD B7 4F    13009   FLE:            CALL	FCP
0048A4 18 03       13010                   JR	ILE1
0048A6 CD AA 4F    13011   ILE:            CALL	ICP
0048A9 28 17       13012   ILE1:           JR	Z,TRUE
0048AB D0          13013                   RET	NC
0048AC 18 14       13014                   JR	TRUE
0048AE             13015   ;
0048AE CD B7 4F    13016   FNE:            CALL	FCP
0048B1 18 03       13017                   JR	INE1
0048B3 CD AA 4F    13018   INE:            CALL	ICP
0048B6 C8          13019   INE1:           RET	Z
0048B7 18 09       13020                   JR	TRUE
0048B9             13021   ;
0048B9 CD B7 4F    13022   FEQ:            CALL	FCP
0048BC 18 03       13023                   JR	IEQ1
0048BE CD AA 4F    13024   IEQ:            CALL	ICP
0048C1 C0          13025   IEQ1:           RET	NZ
0048C2 21 FF FF    13026   TRUE:           LD	HL,-1
0048C5 D9          13027                   EXX
0048C6 21 FF FF    13028                   LD	HL,-1
0048C9 D9          13029                   EXX
0048CA AF          13030                   XOR	A
0048CB 4F          13031                   LD	C,A
0048CC C9          13032                   RET
0048CD             13033   ;
0048CD             13034   ;Integer shifts:
0048CD             13035   ;
0048CD             13036   ISHX:
0048CD CD FB 48    13037   ISHL:           CALL	SHIFTS
0048D0 C8          13038                   RET	Z
0048D1 D9          13039   ISHL1:          EXX
0048D2 29          13040                   ADD	HL,HL
0048D3 D9          13041                   EXX
0048D4 ED 6A       13042                   ADC	HL,HL
0048D6 10 F9       13043                   DJNZ	ISHL1
0048D8 C9          13044                   RET
0048D9             13045   ;
0048D9 CD FB 48    13046   ISAR:           CALL	SHIFTS
0048DC C8          13047                   RET	Z
0048DD CB 2C       13048   ISAR1:          SRA	H
0048DF CB 1D       13049                   RR	L
0048E1 D9          13050                   EXX
0048E2 CB 1C       13051                   RR	H
0048E4 CB 1D       13052                   RR	L
0048E6 D9          13053                   EXX
0048E7 10 F4       13054                   DJNZ	ISAR1
0048E9 C9          13055                   RET
0048EA             13056   ;
0048EA CD FB 48    13057   ISHR:           CALL	SHIFTS
0048ED C8          13058                   RET	Z
0048EE CB 3C       13059   ISHR1:          SRL	H
0048F0 CB 1D       13060                   RR	L
0048F2 D9          13061                   EXX
0048F3 CB 1C       13062                   RR	H
0048F5 CB 1D       13063                   RR	L
0048F7 D9          13064                   EXX
0048F8 10 F4       13065                   DJNZ	ISHR1
0048FA C9          13066                   RET
0048FB             13067   ;
0048FB CD 7A 4E    13068   SHIFTS:         CALL	FIX2
0048FE 7A          13069                   LD	A,D
0048FF B3          13070                   OR	E
004900 D9          13071                   EXX
004901 B2          13072                   OR	D
004902 7B          13073                   LD	A,E
004903 D9          13074                   EXX
004904 06 20       13075                   LD	B,32
004906 C0          13076                   RET	NZ
004907 47          13077                   LD	B,A
004908 B7          13078                   OR	A
004909 C9          13079                   RET
00490A             13080   ;
00490A             13081   ;FUNCTIONS:
00490A             13082   ;
00490A             13083   ;Result returned in HLH'L'C (floating point)
00490A             13084   ;Result returned in HLH'L' (C=0) (integer)
00490A             13085   ;All registers except IY destroyed.
00490A             13086   ;
00490A             13087   ;ABS - Absolute value
00490A             13088   ;Result is numeric, variable type.
00490A             13089   ;
00490A CB 7C       13090   ABS:            BIT	7,H
00490C C8          13091                   RET	Z		;POSITIVE/ZERO
00490D 0D          13092                   DEC	C
00490E 0C          13093                   INC	C
00490F CA 92 4E    13094                   JP	Z,NEGATE	;INTEGER
004912 CB BC       13095                   RES	7,H
004914 C9          13096                   RET
004915             13097   ;
004915             13098   ;NOT - Complement integer.
004915             13099   ;Result is integer numeric.
004915             13100   ;
004915 CD 83 4E    13101   CPL_:           CALL	SFIXmat
004918 7C          13102                   LD	A,H
004919 2F          13103                   CPL
00491A 67          13104                   LD	H,A
00491B 7D          13105                   LD	A,L
00491C 2F          13106                   CPL
00491D 6F          13107                   LD	L,A
00491E D9          13108                   EXX
00491F 7C          13109                   LD	A,H
004920 2F          13110                   CPL
004921 67          13111                   LD	H,A
004922 7D          13112                   LD	A,L
004923 2F          13113                   CPL
004924 6F          13114                   LD	L,A
004925 D9          13115                   EXX
004926 AF          13116                   XOR	A		;NUMERIC MARKER
004927 C9          13117                   RET
004928             13118   ;
004928             13119   ;PI - Return PI (3.141592654)
004928             13120   ;Result is floating-point numeric.
004928             13121   ;
004928 21 0F 49    13122   PI:             LD	HL,490FH
00492B D9          13123                   EXX
00492C 21 A2 DA    13124                   LD	HL,0DAA2H
00492F D9          13125                   EXX
004930 0E 81       13126                   LD	C,81H
004932 AF          13127                   XOR	A		;NUMERIC MARKER
004933 C9          13128                   RET
004934             13129   ;
004934             13130   ;DEG - Convert radians to degrees
004934             13131   ;Result is floating-point numeric.
004934             13132   ;
004934 CD 44 49    13133   DEG:            CALL	FPI180
004937 CD 9D 47    13134                   CALL	FMUL
00493A AF          13135                   XOR	A
00493B C9          13136                   RET
00493C             13137   ;
00493C             13138   ;RAD - Convert degrees to radians
00493C             13139   ;Result is floating-point numeric.
00493C             13140   ;
00493C CD 44 49    13141   RAD:            CALL	FPI180
00493F CD 2D 47    13142                   CALL	FDIV
004942 AF          13143                   XOR	A
004943 C9          13144                   RET
004944             13145   ;
004944             13146   ;180/PI
004944             13147   ;
004944 CD 3E 4F    13148   FPI180:         CALL	SFLOAT
004947 11 2E 65    13149                   LD	DE,652EH
00494A D9          13150                   EXX
00494B 11 D3 E0    13151                   LD	DE,0E0D3H
00494E D9          13152                   EXX
00494F 06 85       13153                   LD	B,85H
004951 C9          13154                   RET
004952             13155   ;
004952             13156   ;SGN - Return -1, 0 or +1
004952             13157   ;Result is integer numeric.
004952             13158   ;
004952 CD 8D 4F    13159   SGN:            CALL	TESTmat
004955 B1          13160                   OR	C
004956 C8          13161                   RET	Z		;ZERO
004957 CB 7C       13162                   BIT	7,H
004959 C2 C2 48    13163                   JP	NZ,TRUE		;-1
00495C CD AD 4F    13164                   CALL	ZEROmat
00495F C3 54 4F    13165                   JP	ADD1		;1
004962             13166   ;
004962             13167   ;VAL - Return numeric value of string.
004962             13168   ;Input: ASCII string at IX
004962             13169   ;Result is variable type numeric.
004962             13170   ;
004962 CD 6F 51    13171   VAL:            CALL	SIGNQ
004965 F5          13172                   PUSH	AF
004966 CD C0 4D    13173                   CALL	CON
004969 F1          13174                   POP	AF
00496A FE 2D       13175                   CP	'-'
00496C 3E 00       13176                   LD	A,0		;NUMERIC MARKER
00496E C0          13177                   RET	NZ
00496F 0D          13178                   DEC	C
004970 0C          13179                   INC	C
004971 CA 92 4E    13180                   JP	Z,NEGATE	;ZERO/INTEGER
004974 7C          13181                   LD	A,H
004975 EE 80       13182                   XOR	80H		;CHANGE SIGN (FP)
004977 67          13183                   LD	H,A
004978 AF          13184                   XOR	A
004979 C9          13185                   RET
00497A             13186   ;
00497A             13187   ;INT - Floor function
00497A             13188   ;Result is integer numeric.
00497A             13189   ;
00497A 0D          13190   INT_:           DEC	C
00497B 0C          13191                   INC	C
00497C C8          13192                   RET	Z		;ZERO/INTEGER
00497D 3E 9F       13193                   LD	A,159
00497F 44          13194                   LD	B,H		;B7=SIGN BIT
004980 CD 6A 4E    13195                   CALL	FIX
004983 08          13196                   EX	AF,AF'
004984 A0          13197                   AND	B
004985 FC 54 4F    13198                   CALL	M,ADD1		;NEGATIVE NON-INTEGER
004988 78          13199                   LD	A,B
004989 B7          13200                   OR	A
00498A FC 92 4E    13201                   CALL	M,NEGATE
00498D AF          13202                   XOR	A
00498E 4F          13203                   LD	C,A
00498F C9          13204                   RET
004990             13205   ;
004990             13206   ;SQR - square root
004990             13207   ;Result is floating-point numeric.
004990             13208   ;
004990 CD 3E 4F    13209   SQR:            CALL	SFLOAT
004993 CB 7C       13210   SQR0:           BIT	7,H
004995 3E 15       13211                   LD	A,NGROOT
004997 C2 B2 45    13212                   JP	NZ,ERROR_mat	;"-ve root"
00499A 0D          13213                   DEC	C
00499B 0C          13214                   INC	C
00499C C8          13215                   RET	Z		;ZERO
00499D CB FC       13216                   SET	7,H		;IMPLIED 1
00499F CB 41       13217                   BIT	0,C
0049A1 CC 70 4F    13218                   CALL	Z,DIV2		;MAKE EXPONENT ODD
0049A4 79          13219                   LD	A,C
0049A5 D6 80       13220                   SUB	80H
0049A7 CB 2F       13221                   SRA	A		;HALVE EXPONENT
0049A9 C6 80       13222                   ADD	A,80H
0049AB 4F          13223                   LD	C,A
0049AC C5          13224                   PUSH	BC		;SAVE EXPONENT
0049AD EB          13225                   EX	DE,HL
0049AE 21 00 00    13226                   LD	HL,0
0049B1 44          13227                   LD	B,H
0049B2 4D          13228                   LD	C,L
0049B3 D9          13229                   EXX
0049B4 EB          13230                   EX	DE,HL
0049B5 21 00 00    13231                   LD	HL,0
0049B8 44          13232                   LD	B,H
0049B9 4D          13233                   LD	C,L
0049BA 3E E1       13234                   LD	A,-31
0049BC CD 1E 51    13235                   CALL	SQRA		;ROOT
0049BF D9          13236                   EXX
0049C0 CB 78       13237                   BIT	7,B
0049C2 D9          13238                   EXX
0049C3 CC 1E 51    13239                   CALL	Z,SQRA		;NORMALISE & INC A
0049C6 CD 3D 51    13240                   CALL	SQRB
0049C9 B7          13241                   OR	A		;CLEAR CARRY
0049CA CD D8 50    13242                   CALL	DIVB
0049CD CB 1B       13243                   RR	E		;LSB TO CARRY
0049CF 60          13244                   LD	H,B
0049D0 69          13245                   LD	L,C
0049D1 D9          13246                   EXX
0049D2 60          13247                   LD	H,B
0049D3 69          13248                   LD	L,C
0049D4 DC 54 4F    13249                   CALL	C,ADD1		;ROUND UP
0049D7 C1          13250                   POP	BC		;RESTORE EXPONENT
0049D8 DC 7C 4F    13251                   CALL	C,INCC
0049DB 1F          13252                   RRA
0049DC 9F          13253                   SBC	A,A
0049DD 81          13254                   ADD	A,C
0049DE 4F          13255                   LD	C,A
0049DF CB BC       13256                   RES	7,H		;POSITIVE
0049E1 AF          13257                   XOR	A
0049E2 C9          13258                   RET
0049E3             13259   ;
0049E3             13260   ;TAN - Tangent function
0049E3             13261   ;Result is floating-point numeric.
0049E3             13262   ;
0049E3 CD 3E 4F    13263   TAN:            CALL	SFLOAT
0049E6 CD 27 50    13264                   CALL	PUSH5
0049E9 CD 03 4A    13265                   CALL	COS0
0049EC CD 30 50    13266                   CALL	POP5
0049EF CD 27 50    13267                   CALL	PUSH5
0049F2 CD 68 4F    13268                   CALL	SWAP
0049F5 CD 0E 4A    13269                   CALL	SIN0
0049F8 CD 30 50    13270                   CALL	POP5
0049FB CD 2D 47    13271                   CALL	FDIV
0049FE AF          13272                   XOR	A		;NUMERIC MARKER
0049FF C9          13273                   RET
004A00             13274   ;
004A00             13275   ;COS - Cosine function
004A00             13276   ;Result is floating-point numeric.
004A00             13277   ;
004A00 CD 3E 4F    13278   COS:            CALL	SFLOAT
004A03 CD B3 4E    13279   COS0:           CALL	SCALE
004A06 1C          13280                   INC	E
004A07 1C          13281                   INC	E
004A08 7B          13282                   LD	A,E
004A09 18 0E       13283                   JR	SIN1
004A0B             13284   ;
004A0B             13285   ;SIN - Sine function
004A0B             13286   ;Result is floating-point numeric.
004A0B             13287   ;
004A0B CD 3E 4F    13288   SIN:            CALL	SFLOAT
004A0E E5          13289   SIN0:           PUSH	HL		;H7=SIGN
004A0F CD B3 4E    13290                   CALL	SCALE
004A12 F1          13291                   POP	AF
004A13 07          13292                   RLCA
004A14 07          13293                   RLCA
004A15 07          13294                   RLCA
004A16 E6 04       13295                   AND	4
004A18 AB          13296                   XOR	E
004A19 F5          13297   SIN1:           PUSH	AF		;OCTANT
004A1A CB BC       13298                   RES	7,H
004A1C 1F          13299                   RRA
004A1D CD 9A 4A    13300                   CALL	PIBY4
004A20 DC C5 46    13301                   CALL	C,RSUB		;X=(PI/4)-X
004A23 F1          13302                   POP	AF
004A24 F5          13303                   PUSH	AF
004A25 E6 03       13304                   AND	3
004A27 E2 58 4A    13305                   JP	PO,SIN2		;USE COSINE APPROX.
004A2A CD 27 50    13306                   CALL	PUSH5		;SAVE X
004A2D CD 21 50    13307                   CALL	SQUARE		;PUSH X*X
004A30 CD 5A 50    13308                   CALL	POLY
004A33 B7 A8       13309                   DW	0A8B7H		;a(8)
004A35 11 36       13310                   DW	3611H
004A37 6D          13311                   DB	6DH
004A38 26 DE       13312                   DW	0DE26H		;a(6)
004A3A 05 D0       13313                   DW	0D005H
004A3C 73          13314                   DB	73H
004A3D C0 80       13315                   DW	80C0H		;a(4)
004A3F 88 08       13316                   DW	888H
004A41 79          13317                   DB	79H
004A42 9D AA       13318                   DW	0AA9DH		;a(2)
004A44 AA AA       13319                   DW	0AAAAH
004A46 7D          13320                   DB	7DH
004A47 00 00       13321                   DW	0		;a(0)
004A49 00 00       13322                   DW	0
004A4B 80          13323                   DB	80H
004A4C CD 30 50    13324                   CALL	POP5
004A4F CD 30 50    13325                   CALL	POP5
004A52 CD 9D 47    13326                   CALL	FMUL
004A55 C3 7A 4A    13327                   JP	SIN3
004A58             13328   ;
004A58 CD 21 50    13329   SIN2:           CALL	SQUARE		;PUSH X*X
004A5B CD 5A 50    13330                   CALL	POLY
004A5E 71 D5       13331                   DW	0D571H		;b(8)
004A60 78 4C       13332                   DW	4C78H
004A62 70          13333                   DB	70H
004A63 AF 94       13334                   DW	94AFH		;b(6)
004A65 03 B6       13335                   DW	0B603H
004A67 76          13336                   DB	76H
004A68 C8 9C       13337                   DW	9CC8H		;b(4)
004A6A AA 2A       13338                   DW	2AAAH
004A6C 7B          13339                   DB	7BH
004A6D DD FF       13340                   DW	0FFDDH		;b(2)
004A6F FF FF       13341                   DW	0FFFFH
004A71 7E          13342                   DB	7EH
004A72 00 00       13343                   DW	0		;b(0)
004A74 00 00       13344                   DW	0
004A76 80          13345                   DB	80H
004A77 CD 30 50    13346                   CALL	POP5
004A7A F1          13347   SIN3:           POP	AF
004A7B E6 04       13348                   AND	4
004A7D C8          13349                   RET	Z
004A7E 0D          13350                   DEC	C
004A7F 0C          13351                   INC	C
004A80 C8          13352                   RET	Z		;ZERO
004A81 CB FC       13353                   SET	7,H		;MAKE NEGATIVE
004A83 C9          13354                   RET
004A84             13355   ;
004A84             13356   ;Floating-point one:
004A84             13357   ;
004A84 21 00 00    13358   FONE:           LD	HL,0
004A87 D9          13359                   EXX
004A88 21 00 00    13360                   LD	HL,0
004A8B D9          13361                   EXX
004A8C 0E 80       13362                   LD	C,80H
004A8E C9          13363                   RET
004A8F             13364   ;
004A8F 11 00 00    13365   DONE:           LD	DE,0
004A92 D9          13366                   EXX
004A93 11 00 00    13367                   LD	DE,0
004A96 D9          13368                   EXX
004A97 06 80       13369                   LD	B,80H
004A99 C9          13370                   RET
004A9A             13371   ;
004A9A 11 0F 49    13372   PIBY4:          LD	DE,490FH
004A9D D9          13373                   EXX
004A9E 11 A2 DA    13374                   LD	DE,0DAA2H
004AA1 D9          13375                   EXX
004AA2 06 7F       13376                   LD	B,7FH
004AA4 C9          13377                   RET
004AA5             13378   ;
004AA5             13379   ;EXP - Exponential function
004AA5             13380   ;Result is floating-point numeric.
004AA5             13381   ;
004AA5 CD 3E 4F    13382   EXP:            CALL	SFLOAT
004AA8 CD 25 4B    13383   EXP0:           CALL	LN2		;LN(2)
004AAB D9          13384                   EXX
004AAC 1D          13385                   DEC	E
004AAD 01 CF D1    13386                   LD	BC,0D1CFH	;0.6931471805599453
004AB0 D9          13387                   EXX
004AB1 E5          13388                   PUSH	HL		;H7=SIGN
004AB2 CD C3 4E    13389                   CALL	MOD48		;"MODULUS"
004AB5 F1          13390                   POP	AF
004AB6 CB 7B       13391                   BIT	7,E
004AB8 28 09       13392                   JR	Z,EXP1
004ABA 17          13393                   RLA
004ABB DA AD 4F    13394                   JP	C,ZEROmat
004ABE 3E 18       13395                   LD	A,EXPRNG
004AC0 C3 B2 45    13396                   JP	ERROR_mat		;"Exp range"
004AC3             13397   ;
004AC3 E6 80       13398   EXP1:           AND	80H
004AC5 B3          13399                   OR	E
004AC6 F5          13400                   PUSH	AF		;INTEGER PART
004AC7 CB BC       13401                   RES	7,H
004AC9 CD 27 50    13402                   CALL	PUSH5		;PUSH X*LN(2)
004ACC CD 5A 50    13403                   CALL	POLY
004ACF 72 40       13404                   DW	4072H		;a(7)
004AD1 2E 94       13405                   DW	942EH
004AD3 73          13406                   DB	73H
004AD4 65 6F       13407                   DW	6F65H		;a(6)
004AD6 4F 2E       13408                   DW	2E4FH
004AD8 76          13409                   DB	76H
004AD9 37 6D       13410                   DW	6D37H		;a(5)
004ADB 02 88       13411                   DW	8802H
004ADD 79          13412                   DB	79H
004ADE 12 E5       13413                   DW	0E512H		;a(4)
004AE0 A0 2A       13414                   DW	2AA0H
004AE2 7B          13415                   DB	7BH
004AE3 14 4F       13416                   DW	4F14H		;a(3)
004AE5 AA AA       13417                   DW	0AAAAH
004AE7 7D          13418                   DB	7DH
004AE8 56 FD       13419                   DW	0FD56H		;a(2)
004AEA FF 7F       13420                   DW	7FFFH
004AEC 7E          13421                   DB	7EH
004AED FE FF       13422                   DW	0FFFEH		;a(1)
004AEF FF FF       13423                   DW	0FFFFH
004AF1 7F          13424                   DB	7FH
004AF2 00 00       13425                   DW	0		;a(0)
004AF4 00 00       13426                   DW	0
004AF6 80          13427                   DB	80H
004AF7 CD 30 50    13428                   CALL	POP5
004AFA F1          13429                   POP	AF
004AFB F5          13430                   PUSH	AF
004AFC F4 1C 4B    13431                   CALL	P,RECIP		;X=1/X
004AFF F1          13432                   POP	AF
004B00 F2 07 4B    13433                   JP	P,EXP4
004B03 E6 7F       13434                   AND	7FH
004B05 ED 44       13435                   NEG
004B07 C6 80       13436   EXP4:           ADD	A,80H
004B09 81          13437                   ADD	A,C
004B0A 38 05       13438                   JR	C,EXP2
004B0C F2 AD 4F    13439                   JP	P,ZEROmat		;UNDERFLOW
004B0F 18 03       13440                   JR	EXP3
004B11 FA 7E 4F    13441   EXP2:           JP	M,OFLOW		;OVERFLOW
004B14 C6 80       13442   EXP3:           ADD	A,80H
004B16 CA AD 4F    13443                   JP	Z,ZEROmat
004B19 4F          13444                   LD	C,A
004B1A AF          13445                   XOR	A		;NUMERIC MARKER
004B1B C9          13446                   RET
004B1C             13447   ;
004B1C CD 8F 4A    13448   RECIP:          CALL	DONE
004B1F CD 68 4F    13449   RDIV:           CALL	SWAP
004B22 C3 2D 47    13450                   JP	FDIV		;RECIPROCAL
004B25             13451   ;
004B25 11 72 31    13452   LN2:            LD	DE,3172H	;LN(2)
004B28 D9          13453                   EXX
004B29 11 F8 17    13454                   LD	DE,17F8H
004B2C D9          13455                   EXX
004B2D 06 7F       13456                   LD	B,7FH
004B2F C9          13457                   RET
004B30             13458   ;
004B30             13459   ;LN - Natural log.
004B30             13460   ;Result is floating-point numeric.
004B30             13461   ;
004B30 CD 3E 4F    13462   LN:             CALL	SFLOAT
004B33 3E 16       13463   LN0:            LD	A,LOGRNG
004B35 CB 7C       13464                   BIT	7,H
004B37 C2 B2 45    13465                   JP	NZ,ERROR_mat	;"Log range"
004B3A 0C          13466                   INC	C
004B3B 0D          13467                   DEC	C
004B3C CA B2 45    13468                   JP	Z,ERROR_mat
004B3F 11 04 35    13469                   LD	DE,3504H	;SQR(2)
004B42 D9          13470                   EXX
004B43 11 33 F3    13471                   LD	DE,0F333H	;1.41421356237
004B46 D9          13472                   EXX
004B47 CD BF 4F    13473                   CALL	ICP0		;MANTISSA>SQR(2)?
004B4A 79          13474                   LD	A,C		;EXPONENT
004B4B 0E 80       13475                   LD	C,80H		;1 <= X < 2
004B4D 38 02       13476                   JR	C,LN4
004B4F 0D          13477                   DEC	C
004B50 3C          13478                   INC	A
004B51 F5          13479   LN4:            PUSH	AF		;SAVE EXPONENT
004B52 CD 3C 50    13480                   CALL	RATIO		;X=(X-1)/(X+1)
004B55 CD 27 50    13481                   CALL	PUSH5
004B58 CD 21 50    13482                   CALL	SQUARE		;PUSH X*X
004B5B CD 5A 50    13483                   CALL	POLY
004B5E 48 CC       13484                   DW	0CC48H		;a(9)
004B60 FB 74       13485                   DW	74FBH
004B62 7D          13486                   DB	7DH
004B63 AF AE       13487                   DW	0AEAFH		;a(7)
004B65 FF 11       13488                   DW	11FFH
004B67 7E          13489                   DB	7EH
004B68 8C D9       13490                   DW	0D98CH		;a(5)
004B6A CD 4C       13491                   DW	4CCDH
004B6C 7E          13492                   DB	7EH
004B6D E3 A9       13493                   DW	0A9E3H		;a(3)
004B6F AA 2A       13494                   DW	2AAAH
004B71 7F          13495                   DB	7FH
004B72 00 00       13496                   DW	0		;a(1)
004B74 00 00       13497                   DW	0
004B76 81          13498                   DB	81H
004B77 CD 30 50    13499                   CALL	POP5
004B7A CD 30 50    13500                   CALL	POP5
004B7D CD 9D 47    13501                   CALL	FMUL
004B80 F1          13502                   POP	AF		;EXPONENT
004B81 CD 27 50    13503                   CALL	PUSH5
004B84 08          13504                   EX	AF,AF'
004B85 CD AD 4F    13505                   CALL	ZEROmat
004B88 08          13506                   EX	AF,AF'
004B89 D6 80       13507                   SUB	80H
004B8B 28 1B       13508                   JR	Z,LN3
004B8D 30 02       13509                   JR	NC,LN1
004B8F 2F          13510                   CPL
004B90 3C          13511                   INC	A
004B91 67          13512   LN1:            LD	H,A
004B92 0E 87       13513                   LD	C,87H
004B94 F5          13514                   PUSH	AF
004B95 CD 24 4F    13515                   CALL	FLOAT
004B98 CB BC       13516                   RES	7,H
004B9A CD 25 4B    13517                   CALL	LN2
004B9D CD 9D 47    13518                   CALL	FMUL
004BA0 F1          13519                   POP	AF
004BA1 30 05       13520                   JR	NC,LN3
004BA3 FA A8 4B    13521                   JP	M,LN3
004BA6 CB FC       13522                   SET	7,H
004BA8 CD 30 50    13523   LN3:            CALL	POP5
004BAB CD D5 46    13524                   CALL	FADD
004BAE AF          13525                   XOR	A
004BAF C9          13526                   RET
004BB0             13527   ;
004BB0             13528   ;LOG - base-10 logarithm.
004BB0             13529   ;Result is floating-point numeric.
004BB0             13530   ;
004BB0 CD 30 4B    13531   LOG:            CALL	LN
004BB3 11 5B 5E    13532                   LD	DE,5E5BH	;LOG(e)
004BB6 D9          13533                   EXX
004BB7 11 A9 D8    13534                   LD	DE,0D8A9H
004BBA D9          13535                   EXX
004BBB 06 7E       13536                   LD	B,7EH
004BBD CD 9D 47    13537                   CALL	FMUL
004BC0 AF          13538                   XOR	A
004BC1 C9          13539                   RET
004BC2             13540   ;
004BC2             13541   ;ASN - Arc-sine
004BC2             13542   ;Result is floating-point numeric.
004BC2             13543   ;
004BC2 CD 3E 4F    13544   ASN:            CALL	SFLOAT
004BC5 CD 27 50    13545                   CALL	PUSH5
004BC8 CD 19 50    13546                   CALL	COPY
004BCB CD 9D 47    13547                   CALL	FMUL
004BCE CD 8F 4A    13548                   CALL	DONE
004BD1 CD C5 46    13549                   CALL	RSUB
004BD4 CD 93 49    13550                   CALL	SQR0
004BD7 CD 30 50    13551                   CALL	POP5
004BDA 0C          13552                   INC	C
004BDB 0D          13553                   DEC	C
004BDC 3E 02       13554                   LD	A,2
004BDE D5          13555                   PUSH	DE
004BDF 28 70       13556                   JR	Z,ACS1
004BE1 D1          13557                   POP	DE
004BE2 CD 1F 4B    13558                   CALL	RDIV
004BE5 18 03       13559                   JR	ATN0
004BE7             13560   ;
004BE7             13561   ;ATN - arc-tangent
004BE7             13562   ;Result is floating-point numeric.
004BE7             13563   ;
004BE7 CD 3E 4F    13564   ATN:            CALL	SFLOAT
004BEA E5          13565   ATN0:           PUSH	HL		;SAVE SIGN
004BEB CB BC       13566                   RES	7,H
004BED 11 13 54    13567                   LD	DE,5413H	;TAN(PI/8)=SQR(2)-1
004BF0 D9          13568                   EXX
004BF1 11 D0 CC    13569                   LD	DE,0CCD0H
004BF4 D9          13570                   EXX
004BF5 06 7E       13571                   LD	B,7EH
004BF7 CD BC 4F    13572                   CALL	FCP0		;COMPARE
004BFA 06 00       13573                   LD	B,0
004BFC 38 1C       13574                   JR	C,ATN2
004BFE 11 82 1A    13575                   LD	DE,1A82H	;TAN(3*PI/8)=SQR(2)+1
004C01 D9          13576                   EXX
004C02 11 9A 79    13577                   LD	DE,799AH
004C05 D9          13578                   EXX
004C06 06 81       13579                   LD	B,81H
004C08 CD BC 4F    13580                   CALL	FCP0		;COMPARE
004C0B 38 08       13581                   JR	C,ATN1
004C0D CD 1C 4B    13582                   CALL	RECIP		;X=1/X
004C10 06 02       13583                   LD	B,2
004C12 C3 1A 4C    13584                   JP	ATN2
004C15 CD 3C 50    13585   ATN1:           CALL	RATIO		;X=(X-1)/(X+1)
004C18 06 01       13586                   LD	B,1
004C1A C5          13587   ATN2:           PUSH	BC		;SAVE FLAG
004C1B CD 27 50    13588                   CALL	PUSH5
004C1E CD 21 50    13589                   CALL	SQUARE		;PUSH X*X
004C21 CD 5A 50    13590                   CALL	POLY
004C24 35 F3       13591                   DW	0F335H		;a(13)
004C26 D8 37       13592                   DW	37D8H
004C28 7B          13593                   DB	7BH
004C29 91 6B       13594                   DW	6B91H		;a(11)
004C2B B9 AA       13595                   DW	0AAB9H
004C2D 7C          13596                   DB	7CH
004C2E DE 41       13597                   DW	41DEH		;a(9)
004C30 97 61       13598                   DW	6197H
004C32 7C          13599                   DB	7CH
004C33 7B 9D       13600                   DW	9D7BH		;a(7)
004C35 37 92       13601                   DW	9237H
004C37 7D          13602                   DB	7DH
004C38 5A 2A       13603                   DW	2A5AH		;a(5)
004C3A CC 4C       13604                   DW	4CCCH
004C3C 7D          13605                   DB	7DH
004C3D 5C A9       13606                   DW	0A95CH		;a(3)
004C3F AA AA       13607                   DW	0AAAAH
004C41 7E          13608                   DB	7EH
004C42 00 00       13609                   DW	0		;a(1)
004C44 00 00       13610                   DW	0
004C46 80          13611                   DB	80H
004C47 CD 30 50    13612                   CALL	POP5
004C4A CD 30 50    13613                   CALL	POP5
004C4D CD 9D 47    13614                   CALL	FMUL
004C50 F1          13615                   POP	AF
004C51 CD 9A 4A    13616   ACS1:           CALL	PIBY4		;PI/4
004C54 1F          13617                   RRA
004C55 F5          13618                   PUSH	AF
004C56 DC D5 46    13619                   CALL	C,FADD
004C59 F1          13620                   POP	AF
004C5A 04          13621                   INC	B
004C5B 1F          13622                   RRA
004C5C DC C5 46    13623                   CALL	C,RSUB
004C5F F1          13624                   POP	AF
004C60 B7          13625                   OR	A
004C61 F0          13626                   RET	P
004C62 CB FC       13627                   SET	7,H		;MAKE NEGATIVE
004C64 AF          13628                   XOR	A
004C65 C9          13629                   RET
004C66             13630   ;
004C66             13631   ;ACS - Arc cosine=PI/2-ASN.
004C66             13632   ;Result is floating point numeric.
004C66             13633   ;
004C66 CD C2 4B    13634   ACS:            CALL	ASN
004C69 3E 02       13635                   LD	A,2
004C6B F5          13636                   PUSH	AF
004C6C 18 E3       13637                   JR	ACS1
004C6E             13638   ;
004C6E             13639   ;Function STR - convert numeric value to ASCII string.
004C6E             13640   ;   Inputs: HLH'L'C = integer or floating-point number
004C6E             13641   ;           DE = address at which to store string
004C6E             13642   ;           IX = address of @% format control
004C6E             13643   ;  Outputs: String stored, with NUL terminator
004C6E             13644   ;
004C6E             13645   ;First normalise for decimal output:
004C6E             13646   ;
004C6E CD 3E 4F    13647   STRmat:            CALL	SFLOAT
004C71 06 00       13648                   LD	B,0		;DEFAULT PT. POSITION
004C73 CB 7C       13649                   BIT	7,H		;NEGATIVE?
004C75 28 06       13650                   JR	Z,STR10
004C77 CB BC       13651                   RES	7,H
004C79 3E 2D       13652                   LD	A,'-'
004C7B 12          13653                   LD	(DE),A		;STORE SIGN
004C7C 13          13654                   INC	DE
004C7D AF          13655   STR10:          XOR	A		;CLEAR A
004C7E B9          13656                   CP	C
004C7F 28 47       13657                   JR	Z,STR2mat		;ZERO
004C81 D5          13658                   PUSH	DE		;SAVE TEXT POINTER
004C82 78          13659                   LD	A,B
004C83 F5          13660   STR11:          PUSH	AF		;SAVE DECIMAL COUNTER
004C84 79          13661                   LD	A,C		;BINARY EXPONENT
004C85 FE A1       13662                   CP	161
004C87 30 1A       13663                   JR	NC,STR14
004C89 FE 9B       13664                   CP	155
004C8B 30 25       13665                   JR	NC,STR15
004C8D 2F          13666                   CPL
004C8E FE E1       13667                   CP	225
004C90 38 02       13668                   JR	C,STR13
004C92 3E F8       13669                   LD	A,-8
004C94 C6 1C       13670   STR13:          ADD	A,28
004C96 CD 81 50    13671                   CALL	POWR10
004C99 F5          13672                   PUSH	AF
004C9A CD 9D 47    13673                   CALL	FMUL
004C9D F1          13674                   POP	AF
004C9E 47          13675                   LD	B,A
004C9F F1          13676                   POP	AF
004CA0 90          13677                   SUB	B
004CA1 18 E0       13678                   JR	STR11
004CA3 D6 20       13679   STR14:          SUB	32
004CA5 CD 81 50    13680                   CALL	POWR10
004CA8 F5          13681                   PUSH	AF
004CA9 CD 2D 47    13682                   CALL	FDIV
004CAC F1          13683                   POP	AF
004CAD 47          13684                   LD	B,A
004CAE F1          13685                   POP	AF
004CAF 80          13686                   ADD	A,B
004CB0 18 D1       13687                   JR	STR11
004CB2 3E 09       13688   STR15:          LD	A,9
004CB4 CD 81 50    13689                   CALL	POWR10		;10^9
004CB7 CD BC 4F    13690                   CALL	FCP0
004CBA 79          13691                   LD	A,C
004CBB C1          13692                   POP	BC
004CBC 4F          13693                   LD	C,A
004CBD CB FC       13694                   SET	7,H		;IMPLIED 1
004CBF DC DE 4F    13695                   CALL	C,X10B		;X10, DEC B
004CC2 D1          13696                   POP	DE		;RESTORE TEXT POINTER
004CC3 CB B9       13697                   RES	7,C
004CC5 3E 00       13698                   LD	A,0
004CC7 17          13699                   RLA			;PUT CARRY IN LSB
004CC8             13700   ;
004CC8             13701   ;At this point decimal normalisation has been done,
004CC8             13702   ;now convert to decimal digits:
004CC8             13703   ;      AHLH'L' = number in normalised integer form
004CC8             13704   ;            B = decimal place adjustment
004CC8             13705   ;            C = binary place adjustment (29-33)
004CC8             13706   ;
004CC8 0C          13707   STR2mat:           INC	C
004CC9 08          13708                   EX	AF,AF'		;SAVE A
004CCA 78          13709                   LD	A,B
004CCB DD CB 02 4E 13710                   BIT	1,(IX+2)
004CCF 20 08       13711                   JR	NZ,STR20
004CD1 AF          13712                   XOR	A
004CD2 DD BE 01    13713                   CP	(IX+1)
004CD5 28 0A       13714                   JR	Z,STR21
004CD7 3E F6       13715                   LD	A,-10
004CD9 DD 86 01    13716   STR20:          ADD	A,(IX+1)	;SIG. FIG. COUNT
004CDC B7          13717                   OR	A		;CLEAR CARRY
004CDD FA E1 4C    13718                   JP	M,STR21
004CE0 AF          13719                   XOR	A
004CE1 F5          13720   STR21:          PUSH	AF
004CE2 08          13721                   EX	AF,AF'		;RESTORE A
004CE3 CD 07 50    13722   STR22:          CALL	X2		;RL AHLH'L'
004CE6 8F          13723                   ADC	A,A
004CE7 FE 0A       13724                   CP	10
004CE9 38 05       13725                   JR	C,STR23
004CEB D6 0A       13726                   SUB	10
004CED D9          13727                   EXX
004CEE 2C          13728                   INC	L		;SET RESULT BIT
004CEF D9          13729                   EXX
004CF0 0D          13730   STR23:          DEC	C
004CF1 20 F0       13731                   JR	NZ,STR22	;32 TIMES
004CF3 4F          13732                   LD	C,A		;REMAINDER
004CF4 7C          13733                   LD	A,H
004CF5 E6 3F       13734                   AND	3FH		;CLEAR OUT JUNK
004CF7 67          13735                   LD	H,A
004CF8 F1          13736                   POP	AF
004CF9 F2 06 4D    13737                   JP	P,STR24
004CFC 3C          13738                   INC	A
004CFD 20 1C       13739                   JR	NZ,STR26
004CFF 3E 04       13740                   LD	A,4
004D01 B9          13741                   CP	C		;ROUND UP?
004D02 3E 00       13742                   LD	A,0
004D04 18 15       13743                   JR	STR26
004D06 F5          13744   STR24:          PUSH	AF
004D07 79          13745                   LD	A,C
004D08 CE 30       13746                   ADC	A,'0'		;ADD CARRY
004D0A FE 30       13747                   CP	'0'
004D0C 28 05       13748                   JR	Z,STR25		;SUPPRESS ZERO
004D0E FE 3A       13749                   CP	'9'+1
004D10 3F          13750                   CCF
004D11 30 08       13751                   JR	NC,STR26
004D13 E3          13752   STR25:          EX	(SP),HL
004D14 CB 75       13753                   BIT	6,L		;ZERO FLAG
004D16 E3          13754                   EX	(SP),HL
004D17 20 05       13755                   JR	NZ,STR27
004D19 3E 30       13756                   LD	A,'0'
004D1B 3C          13757   STR26:          INC	A		;SET +VE
004D1C 3D          13758                   DEC	A
004D1D F5          13759                   PUSH	AF		;PUT ON STACK + CARRY
004D1E 04          13760   STR27:          INC	B
004D1F CD 8D 4F    13761                   CALL	TESTmat		;IS HLH'L' ZERO?
004D22 0E 20       13762                   LD	C,32
004D24 3E 00       13763                   LD	A,0
004D26 20 BB       13764                   JR	NZ,STR22
004D28 F1          13765                   POP	AF
004D29 F5          13766                   PUSH	AF
004D2A 3E 00       13767                   LD	A,0
004D2C 38 B5       13768                   JR	C,STR22
004D2E             13769   ;
004D2E             13770   ;At this point, the decimal character string is stored
004D2E             13771   ; on the stack. Trailing zeroes are suppressed and may
004D2E             13772   ; need to be replaced.
004D2E             13773   ;B register holds decimal point position.
004D2E             13774   ;Now format number and store as ASCII string:
004D2E             13775   ;
004D2E EB          13776   STR3:           EX	DE,HL		;STRING POINTER
004D2F 0E FF       13777                   LD	C,-1		;FLAG "E"
004D31 16 01       13778                   LD	D,1
004D33 DD 5E 01    13779                   LD	E,(IX+1)	;f2
004D36 DD CB 02 46 13780                   BIT	0,(IX+2)
004D3A 20 32       13781                   JR	NZ,STR34	;E MODE
004D3C DD CB 02 4E 13782                   BIT	1,(IX+2)
004D40 28 11       13783                   JR	Z,STR31
004D42 78          13784                   LD	A,B		;F MODE
004D43 B7          13785                   OR	A
004D44 28 04       13786                   JR	Z,STR30
004D46 FA 4A 4D    13787                   JP	M,STR30
004D49 50          13788                   LD	D,B
004D4A 7A          13789   STR30:          LD	A,D
004D4B DD 86 01    13790                   ADD	A,(IX+1)
004D4E 5F          13791                   LD	E,A
004D4F FE 0B       13792                   CP	11
004D51 38 17       13793                   JR	C,STR32
004D53 78          13794   STR31:          LD	A,B		;G MODE
004D54 11 01 01    13795                   LD	DE,101H
004D57 B7          13796                   OR	A
004D58 FA 6E 4D    13797                   JP	M,STR34
004D5B 28 0D       13798                   JR	Z,STR32
004D5D DD 7E 01    13799                   LD	A,(IX+1)
004D60 B7          13800                   OR	A
004D61 20 02       13801                   JR	NZ,STR3A
004D63 3E 0A       13802                   LD	A,10
004D65 B8          13803   STR3A:          CP	B
004D66 38 06       13804                   JR	C,STR34
004D68 50          13805                   LD	D,B
004D69 58          13806                   LD	E,B
004D6A 78          13807   STR32:          LD	A,B
004D6B C6 81       13808                   ADD	A,129
004D6D 4F          13809                   LD	C,A
004D6E CB FA       13810   STR34:          SET	7,D
004D70 1D          13811                   DEC	E
004D71 7A          13812   STR35:          LD	A,D
004D72 B9          13813                   CP	C
004D73 30 0C       13814                   JR	NC,STR33
004D75 F1          13815   STR36:          POP	AF
004D76 28 03       13816                   JR	Z,STR37
004D78 F2 83 4D    13817                   JP	P,STR38
004D7B F5          13818   STR37:          PUSH	AF
004D7C 1C          13819                   INC	E
004D7D 1D          13820                   DEC	E
004D7E FA 92 4D    13821                   JP	M,STR4
004D81 3E 30       13822   STR33:          LD	A,'0'
004D83 15          13823   STR38:          DEC	D
004D84 E2 8A 4D    13824                   JP	PO,STR39
004D87 36 2E       13825                   LD	(HL),'.'
004D89 23          13826                   INC	HL
004D8A 77          13827   STR39:          LD	(HL),A
004D8B 23          13828                   INC	HL
004D8C 1D          13829                   DEC	E
004D8D F2 71 4D    13830                   JP	P,STR35
004D90 18 E3       13831                   JR	STR36
004D92             13832   ;
004D92 F1          13833   STR4:           POP	AF
004D93 0C          13834   STR40:          INC	C
004D94 4D          13835                   LD	C,L
004D95 20 27       13836                   JR	NZ,STR44
004D97 36 45       13837                   LD	(HL),'E'	;EXPONENT
004D99 23          13838                   INC	HL
004D9A 78          13839                   LD	A,B
004D9B 3D          13840                   DEC	A
004D9C F2 A4 4D    13841                   JP	P,STR41
004D9F 36 2D       13842                   LD	(HL),'-'
004DA1 23          13843                   INC	HL
004DA2 ED 44       13844                   NEG
004DA4 36 30       13845   STR41:          LD	(HL),'0'
004DA6 28 15       13846                   JR	Z,STR47
004DA8 FE 0A       13847                   CP	10
004DAA 47          13848                   LD	B,A
004DAB 3E 3A       13849                   LD	A,':'
004DAD 38 03       13850                   JR	C,STR42
004DAF 23          13851                   INC	HL
004DB0 36 30       13852                   LD	(HL),'0'
004DB2 34          13853   STR42:          INC	(HL)
004DB3 BE          13854                   CP	(HL)
004DB4 20 05       13855                   JR	NZ,STR43
004DB6 36 30       13856                   LD	(HL),'0'
004DB8 2B          13857                   DEC	HL
004DB9 34          13858                   INC	(HL)
004DBA 23          13859                   INC	HL
004DBB 10 F5       13860   STR43:          DJNZ	STR42
004DBD 23          13861   STR47:          INC	HL
004DBE EB          13862   STR44:          EX	DE,HL
004DBF C9          13863                   RET
004DC0             13864   ;
004DC0             13865   ;Support subroutines:
004DC0             13866   ;
004DC0             13867   ;CON - Get unsigned numeric constant from ASCII string.
004DC0             13868   ;   Inputs: ASCII string at (IX).
004DC0             13869   ;  Outputs: Variable-type result in HLH'L'C
004DC0             13870   ;           IX updated (points to delimiter)
004DC0             13871   ;           A7 = 0 (numeric marker)
004DC0             13872   ;
004DC0 CD AD 4F    13873   CON:            CALL	ZEROmat		;INITIALISE TO ZERO
004DC3 0E 00       13874                   LD	C,0		;TRUNCATION COUNTER
004DC5 CD 45 4E    13875                   CALL	NUMBERmat		;GET INTEGER PART
004DC8 FE 2E       13876                   CP	'.'
004DCA 06 00       13877                   LD	B,0		;DECL. PLACE COUNTER
004DCC CC 43 4E    13878                   CALL	Z,NUMBIX	;GET FRACTION PART
004DCF FE 45       13879                   CP	'E'
004DD1 3E 00       13880                   LD	A,0		;INITIALISE EXPONENT
004DD3 CC 14 4E    13881                   CALL	Z,GETEXP	;GET EXPONENT
004DD6 CB 7C       13882                   BIT	7,H
004DD8 20 08       13883                   JR	NZ,CON0		;INTEGER OVERFLOW
004DDA B7          13884                   OR	A
004DDB 20 05       13885                   JR	NZ,CON0		;EXPONENT NON-ZERO
004DDD B8          13886                   CP	B
004DDE 20 02       13887                   JR	NZ,CON0		;DECIMAL POINT
004DE0 B9          13888                   CP	C
004DE1 C8          13889                   RET	Z		;INTEGER
004DE2 90          13890   CON0:           SUB	B
004DE3 81          13891                   ADD	A,C
004DE4 0E 9F       13892                   LD	C,159
004DE6 CD 24 4F    13893                   CALL	FLOAT
004DE9 CB BC       13894                   RES	7,H		;DITCH IMPLIED 1
004DEB B7          13895                   OR	A
004DEC C8          13896                   RET	Z		;DONE
004DED FA F8 4D    13897                   JP	M,CON2		;NEGATIVE EXPONENT
004DF0 CD 81 50    13898                   CALL	POWR10
004DF3 CD 9D 47    13899                   CALL	FMUL		;SCALE
004DF6 AF          13900                   XOR	A
004DF7 C9          13901                   RET
004DF8 FE DA       13902   CON2:           CP	-38
004DFA 38 0A       13903                   JR	C,CON3		;CAN'T SCALE IN ONE GO
004DFC ED 44       13904                   NEG
004DFE CD 81 50    13905                   CALL	POWR10
004E01 CD 2D 47    13906                   CALL	FDIV		;SCALE
004E04 AF          13907                   XOR	A
004E05 C9          13908                   RET
004E06 F5          13909   CON3:           PUSH	AF
004E07 3E 26       13910                   LD	A,38
004E09 CD 81 50    13911                   CALL	POWR10
004E0C CD 2D 47    13912                   CALL	FDIV
004E0F F1          13913                   POP	AF
004E10 C6 26       13914                   ADD	A,38
004E12 18 E4       13915                   JR	CON2
004E14             13916   ;
004E14             13917   ;GETEXP - Get decimal exponent from string
004E14             13918   ;     Inputs: ASCII string at (IX)
004E14             13919   ;             (IX points at 'E')
004E14             13920   ;             A = initial value
004E14             13921   ;    Outputs: A = new exponent
004E14             13922   ;             IX updated.
004E14             13923   ;   Destroys: A,A',IX,F,F'
004E14             13924   ;
004E14 C5          13925   GETEXP:         PUSH	BC		;SAVE REGISTERS
004E15 47          13926                   LD	B,A		;INITIAL VALUE
004E16 0E 02       13927                   LD	C,2		;2 DIGITS MAX
004E18 DD 23       13928                   INC	IX		;BUMP PAST 'E'
004E1A CD 6F 51    13929                   CALL	SIGNQ
004E1D 08          13930                   EX	AF,AF'		;SAVE EXPONENT SIGN
004E1E CD 65 51    13931   GETEX1:         CALL	DIGITQ
004E21 38 17       13932                   JR	C,GETEX2
004E23 78          13933                   LD	A,B		;B=B*10
004E24 87          13934                   ADD	A,A
004E25 87          13935                   ADD	A,A
004E26 80          13936                   ADD	A,B
004E27 87          13937                   ADD	A,A
004E28 47          13938                   LD	B,A
004E29 DD 7E 00    13939                   LD	A,(IX)		;GET BACK DIGIT
004E2C DD 23       13940                   INC	IX
004E2E E6 0F       13941                   AND	0FH		;MASK UNWANTED BITS
004E30 80          13942                   ADD	A,B		;ADD IN DIGIT
004E31 47          13943                   LD	B,A
004E32 0D          13944                   DEC	C
004E33 F2 1E 4E    13945                   JP	P,GETEX1
004E36 06 64       13946                   LD	B,100		;FORCE OVERFLOW
004E38 18 E4       13947                   JR	GETEX1
004E3A 08          13948   GETEX2:         EX	AF,AF'		;RESTORE SIGN
004E3B FE 2D       13949                   CP	'-'
004E3D 78          13950                   LD	A,B
004E3E C1          13951                   POP	BC		;RESTORE
004E3F C0          13952                   RET	NZ
004E40 ED 44       13953                   NEG			;NEGATE EXPONENT
004E42 C9          13954                   RET
004E43             13955   ;
004E43             13956   ;NUMBER: Get unsigned integer from string.
004E43             13957   ;    Inputs: string at (IX)
004E43             13958   ;            C = truncated digit count
004E43             13959   ;                (initially zero)
004E43             13960   ;            B = total digit count
004E43             13961   ;            HLH'L' = initial value
004E43             13962   ;   Outputs: HLH'L' = number (binary integer)
004E43             13963   ;            A = delimiter.
004E43             13964   ;            B, C & IX updated
004E43             13965   ;  Destroys: A,B,C,D,E,H,L,B',C',D',E',H',L',IX,F
004E43             13966   ;
004E43 DD 23       13967   NUMBIX:         INC	IX
004E45 CD 65 51    13968   NUMBERmat:         CALL	DIGITQ
004E48 D8          13969                   RET	C
004E49 04          13970                   INC	B		;INCREMENT DIGIT COUNT
004E4A DD 23       13971                   INC	IX
004E4C CD F8 4F    13972                   CALL	X10		;*10 & COPY OLD VALUE
004E4F 38 13       13973                   JR	C,NUMB1		;OVERFLOW
004E51 0D          13974                   DEC	C		;SEE IF TRUNCATED
004E52 0C          13975                   INC	C
004E53 20 0F       13976                   JR	NZ,NUMB1	;IMPORTANT!
004E55 E6 0F       13977                   AND	0FH
004E57 D9          13978                   EXX
004E58 06 00       13979                   LD	B,0
004E5A 4F          13980                   LD	C,A
004E5B 09          13981                   ADD	HL,BC		;ADD IN DIGIT
004E5C D9          13982                   EXX
004E5D 30 E6       13983                   JR	NC,NUMBERmat
004E5F 23          13984                   INC	HL		;CARRY
004E60 7C          13985                   LD	A,H
004E61 B5          13986                   OR	L
004E62 20 E1       13987                   JR	NZ,NUMBERmat
004E64 0C          13988   NUMB1:          INC	C		;TRUNCATION COUNTER
004E65 CD 6B 4F    13989                   CALL	SWAP1		;RESTORE PREVIOUS VALUE
004E68 18 DB       13990                   JR	NUMBERmat
004E6A             13991   ;
004E6A             13992   ;FIX - Fix number to specified exponent value.
004E6A             13993   ;    Inputs: HLH'L'C = +ve non-zero number (floated)
004E6A             13994   ;            A = desired exponent (A>C)
004E6A             13995   ;   Outputs: HLH'L'C = fixed number (unsigned)
004E6A             13996   ;            fraction shifted into B'C'
004E6A             13997   ;            A'F' positive if integer input
004E6A             13998   ;  Destroys: C,H,L,A',B',C',H',L',F,F'
004E6A             13999   ;
004E6A 08          14000   FIX:            EX	AF,AF'
004E6B AF          14001                   XOR	A
004E6C 08          14002                   EX	AF,AF'
004E6D CB FC       14003                   SET	7,H		;IMPLIED 1
004E6F CD 70 4F    14004   FIX1:           CALL	DIV2
004E72 B9          14005                   CP	C
004E73 C8          14006                   RET	Z
004E74 D2 6F 4E    14007                   JP	NC,FIX1
004E77 C3 7E 4F    14008                   JP	OFLOW
004E7A             14009   ;
004E7A             14010   ;SFIXmat - Convert to integer if necessary.
004E7A             14011   ;    Input: Variable-type number in HLH'L'C
004E7A             14012   ;   Output: Integer in HLH'L', C=0
004E7A             14013   ; Destroys: A,C,H,L,A',B',C',H',L',F,F'
004E7A             14014   ;
004E7A             14015   ;NEGATE - Negate HLH'L'
004E7A             14016   ;    Destroys: H,L,H',L',F
004E7A             14017   ;
004E7A CD 68 4F    14018   FIX2:           CALL	SWAP
004E7D CD 83 4E    14019                   CALL	SFIXmat
004E80 CD 68 4F    14020                   CALL	SWAP
004E83 0D          14021   SFIXmat:           DEC	C
004E84 0C          14022                   INC	C
004E85 C8          14023                   RET	Z		;INTEGER/ZERO
004E86 CB 7C       14024                   BIT	7,H		;SIGN
004E88 F5          14025                   PUSH	AF
004E89 3E 9F       14026                   LD	A,159
004E8B CD 6A 4E    14027                   CALL	FIX
004E8E F1          14028                   POP	AF
004E8F 0E 00       14029                   LD	C,0
004E91 C8          14030                   RET	Z
004E92 B7          14031   NEGATE:         OR	A		;CLEAR CARRY
004E93 D9          14032                   EXX
004E94 D5          14033   NEG0:           PUSH	DE
004E95 EB          14034                   EX	DE,HL
004E96 21 00 00    14035                   LD	HL,0
004E99 ED 52       14036                   SBC	HL,DE
004E9B D1          14037                   POP	DE
004E9C D9          14038                   EXX
004E9D D5          14039                   PUSH	DE
004E9E EB          14040                   EX	DE,HL
004E9F 21 00 00    14041                   LD	HL,0
004EA2 ED 52       14042                   SBC	HL,DE
004EA4 D1          14043                   POP	DE
004EA5 C9          14044                   RET
004EA6             14045   ;
004EA6             14046   ;NEG - Negate HLH'L'B'C'
004EA6             14047   ;    Also complements A (used in FADD)
004EA6             14048   ;    Destroys: A,H,L,B',C',H',L',F
004EA6             14049   ;
004EA6 D9          14050   NEG:            EXX
004EA7 2F          14051                   CPL
004EA8 E5          14052                   PUSH	HL
004EA9 B7          14053                   OR	A		;CLEAR CARRY
004EAA ED 62       14054                   SBC	HL,HL
004EAC ED 42       14055                   SBC	HL,BC
004EAE 44          14056                   LD	B,H
004EAF 4D          14057                   LD	C,L
004EB0 E1          14058                   POP	HL
004EB1 18 E1       14059                   JR	NEG0
004EB3             14060   ;
004EB3             14061   ;SCALE - Trig scaling.
004EB3             14062   ;MOD48 - 48-bit floating-point "modulus" (remainder).
004EB3             14063   ;   Inputs: HLH'L'C unsigned floating-point dividend
004EB3             14064   ;           DED'E'B'C'B unsigned 48-bit FP divisor
004EB3             14065   ;  Outputs: HLH'L'C floating point remainder (H7=1)
004EB3             14066   ;           E = quotient (bit 7 is sticky)
004EB3             14067   ; Destroys: A,B,C,D,E,H,L,B',C',D',E',H',L',IX,F
004EB3             14068   ;FLO48 - Float unsigned number (48 bits)
004EB3             14069   ;    Input/output in HLH'L'B'C'C
004EB3             14070   ;   Destroys: C,H,L,B',C',H',L',F
004EB3             14071   ;
004EB3 3E 96       14072   SCALE:          LD	A,150
004EB5 B9          14073                   CP	C
004EB6 3E 17       14074                   LD	A,ACLOST
004EB8 DA B2 45    14075                   JP	C,ERROR_mat		;"Accuracy lost"
004EBB CD 9A 4A    14076                   CALL	PIBY4
004EBE D9          14077                   EXX
004EBF 01 69 21    14078                   LD	BC,2169H	;3.141592653589793238
004EC2 D9          14079                   EXX
004EC3 CB FA       14080   MOD48:          SET	7,D		;IMPLIED 1
004EC5 CB FC       14081                   SET	7,H
004EC7 79          14082                   LD	A,C
004EC8 0E 00       14083                   LD	C,0		;INIT QUOTIENT
004ECA DD 21 00 00 14084                   LD	IX,0
004ECE DD E5       14085                   PUSH	IX		;PUT ZERO ON STACK
004ED0 B8          14086                   CP	B
004ED1 38 3A       14087                   JR	C,MOD485	;DIVIDEND<DIVISOR
004ED3 D9          14088   MOD481:         EXX			;CARRY=0 HERE
004ED4 E3          14089                   EX	(SP),HL
004ED5 ED 42       14090                   SBC	HL,BC
004ED7 E3          14091                   EX	(SP),HL
004ED8 ED 52       14092                   SBC	HL,DE
004EDA D9          14093                   EXX
004EDB ED 52       14094                   SBC	HL,DE
004EDD 30 09       14095                   JR	NC,MOD482	;DIVIDEND>=DIVISOR
004EDF D9          14096                   EXX
004EE0 E3          14097                   EX	(SP),HL
004EE1 09          14098                   ADD	HL,BC
004EE2 E3          14099                   EX	(SP),HL
004EE3 ED 5A       14100                   ADC	HL,DE
004EE5 D9          14101                   EXX
004EE6 ED 5A       14102                   ADC	HL,DE
004EE8 3F          14103   MOD482:         CCF
004EE9 CB 11       14104                   RL	C		;QUOTIENT
004EEB 30 02       14105                   JR	NC,MOD483
004EED CB F9       14106                   SET	7,C		;STICKY BIT
004EEF 3D          14107   MOD483:         DEC	A
004EF0 B8          14108                   CP	B
004EF1 38 19       14109                   JR	C,MOD484	;DIVIDEND<DIVISOR
004EF3 E3          14110                   EX	(SP),HL
004EF4 29          14111                   ADD	HL,HL		;DIVIDEND * 2
004EF5 E3          14112                   EX	(SP),HL
004EF6 D9          14113                   EXX
004EF7 ED 6A       14114                   ADC	HL,HL
004EF9 D9          14115                   EXX
004EFA ED 6A       14116                   ADC	HL,HL
004EFC 30 D5       14117                   JR	NC,MOD481	;AGAIN
004EFE B7          14118                   OR	A
004EFF D9          14119                   EXX
004F00 E3          14120                   EX	(SP),HL
004F01 ED 42       14121                   SBC	HL,BC		;OVERFLOW, SO SUBTRACT
004F03 E3          14122                   EX	(SP),HL
004F04 ED 52       14123                   SBC	HL,DE
004F06 D9          14124                   EXX
004F07 ED 52       14125                   SBC	HL,DE
004F09 B7          14126                   OR	A
004F0A 18 DC       14127                   JR	MOD482
004F0C             14128   ;
004F0C 3C          14129   MOD484:         INC	A
004F0D 59          14130   MOD485:         LD	E,C		;QUOTIENT
004F0E 4F          14131                   LD	C,A		;REMAINDER EXPONENT
004F0F D9          14132                   EXX
004F10 C1          14133                   POP	BC
004F11 D9          14134                   EXX
004F12 CB 7C       14135   FLO48:          BIT	7,H
004F14 C0          14136                   RET	NZ
004F15 D9          14137                   EXX
004F16 CB 21       14138                   SLA	C
004F18 CB 10       14139                   RL	B
004F1A ED 6A       14140                   ADC	HL,HL
004F1C D9          14141                   EXX
004F1D ED 6A       14142                   ADC	HL,HL
004F1F 0D          14143                   DEC	C
004F20 C2 12 4F    14144                   JP	NZ,FLO48
004F23 C9          14145                   RET
004F24             14146   ;
004F24             14147   ;Float unsigned number
004F24             14148   ;    Input/output in HLH'L'C
004F24             14149   ;   Destroys: C,H,L,H',L',F
004F24             14150   ;
004F24 CB 7C       14151   FLOAT:          BIT	7,H
004F26 C0          14152                   RET	NZ
004F27 D9          14153                   EXX			;SAME AS "X2"
004F28 29          14154                   ADD	HL,HL		;TIME-CRITICAL
004F29 D9          14155                   EXX			;REGION
004F2A ED 6A       14156                   ADC	HL,HL		;(BENCHMARKS)
004F2C 0D          14157                   DEC	C
004F2D C2 24 4F    14158                   JP	NZ,FLOAT
004F30 C9          14159                   RET
004F31             14160   ;
004F31             14161   ;SFLOAT - Convert to floating-point if necessary.
004F31             14162   ;    Input: Variable-type number in HLH'L'C
004F31             14163   ;    Output: Floating-point in HLH'L'C
004F31             14164   ;    Destroys: A,C,H,L,H',L',F
004F31             14165   ;
004F31 08          14166   FLOATA:         EX	AF,AF'
004F32             14167                   ; ADD	A,(RTABLE-DTABLE)/2
004F32 C6 30       14168                   ADD	A,RTABLE-DTABLE/2
004F34 08          14169                   EX	AF,AF'
004F35 CD 68 4F    14170   FLOAT2:         CALL	SWAP
004F38 CD 3E 4F    14171                   CALL	SFLOAT
004F3B CD 68 4F    14172                   CALL	SWAP
004F3E 0D          14173   SFLOAT:         DEC	C
004F3F 0C          14174                   INC	C
004F40 C0          14175                   RET	NZ		;ALREADY FLOATING-POINT
004F41 CD 8D 4F    14176                   CALL	TESTmat
004F44 C8          14177                   RET	Z		;ZERO
004F45 7C          14178                   LD	A,H
004F46 B7          14179                   OR	A
004F47 FC 92 4E    14180                   CALL	M,NEGATE
004F4A 0E 9F       14181                   LD	C,159
004F4C CD 24 4F    14182                   CALL	FLOAT
004F4F B7          14183                   OR	A
004F50 F8          14184                   RET	M		;NEGATIVE
004F51 CB BC       14185                   RES	7,H
004F53 C9          14186                   RET
004F54             14187   ;
004F54             14188   ;ROUND UP
004F54             14189   ;Return with carry set if 32-bit overflow
004F54             14190   ;   Destroys: H,L,B',C',H',L',F
004F54             14191   ;
004F54 D9          14192   ADD1:           EXX
004F55 01 01 00    14193                   LD	BC,1
004F58 09          14194                   ADD	HL,BC
004F59 D9          14195                   EXX
004F5A D0          14196                   RET	NC
004F5B C5          14197                   PUSH	BC
004F5C 01 01 00    14198                   LD	BC,1
004F5F 09          14199                   ADD	HL,BC
004F60 C1          14200                   POP	BC
004F61 C9          14201                   RET
004F62             14202   ;
004F62             14203   ;ODD - Add one if even, leave alone if odd.
004F62             14204   ; (Used to perform unbiassed rounding, i.e.
004F62             14205   ;  number is rounded up half the time)
004F62             14206   ;    Destroys: L',F (carry cleared)
004F62             14207   ;
004F62 B7          14208   ODD:            OR	A		;CLEAR CARRY
004F63 D9          14209                   EXX
004F64 CB C5       14210                   SET	0,L		;MAKE ODD
004F66 D9          14211                   EXX
004F67 C9          14212                   RET
004F68             14213   ;
004F68             14214   ;SWAP - Swap arguments.
004F68             14215   ;    Exchanges DE,HL D'E',H'L' and B,C
004F68             14216   ;    Destroys: A,B,C,D,E,H,L,D',E',H',L'
004F68             14217   ;SWAP1 - Swap DEHL with D'E'H'L'
004F68             14218   ;    Destroys: D,E,H,L,D',E',H',L'
004F68             14219   ;
004F68 79          14220   SWAP:           LD	A,C
004F69 48          14221                   LD	C,B
004F6A 47          14222                   LD	B,A
004F6B EB          14223   SWAP1:          EX	DE,HL
004F6C D9          14224                   EXX
004F6D EB          14225                   EX	DE,HL
004F6E D9          14226                   EXX
004F6F C9          14227                   RET
004F70             14228   ;
004F70             14229   ;DIV2 - destroys C,H,L,A',B',C',H',L',F,F'
004F70             14230   ;INCC - destroys C,F
004F70             14231   ;OFLOW
004F70             14232   ;
004F70 CD 0E 50    14233   DIV2:           CALL	D2
004F73 D9          14234                   EXX
004F74 CB 18       14235                   RR	B
004F76 CB 19       14236                   RR	C
004F78 08          14237                   EX	AF,AF'
004F79 B0          14238                   OR	B
004F7A 08          14239                   EX	AF,AF'
004F7B D9          14240                   EXX
004F7C 0C          14241   INCC:           INC	C
004F7D C0          14242                   RET	NZ
004F7E 3E 14       14243   OFLOW:          LD	A,TOOBIG
004F80 C3 B2 45    14244                   JP	ERROR_mat		;"Too big"
004F83             14245   ;
004F83             14246   ;FTEST - Test for zero & sign
004F83             14247   ;    Output: A=0 if zero, A=&40 if +ve, A=&C0 if -ve
004F83             14248   ;
004F83 CD 8D 4F    14249   FTEST:          CALL	TESTmat
004F86 C8          14250                   RET	Z
004F87 7C          14251                   LD	A,H
004F88 E6 80       14252                   AND	10000000B
004F8A F6 40       14253                   OR	01000000B
004F8C C9          14254                   RET
004F8D             14255   ;
004F8D             14256   ;TEST - Test HLH'L' for zero.
004F8D             14257   ;    Output: Z-flag set & A=0 if HLH'L'=0
004F8D             14258   ;    Destroys: A,F
004F8D             14259   ;
004F8D 7C          14260   TESTmat:           LD	A,H
004F8E B5          14261                   OR	L
004F8F D9          14262                   EXX
004F90 B4          14263                   OR	H
004F91 B5          14264                   OR	L
004F92 D9          14265                   EXX
004F93 C9          14266                   RET
004F94             14267   ;
004F94             14268   ;FCOMP - Compare two numbers
004F94             14269   ;    Output: A=0 if equal, A=&40 if L>R, A=&C0 if L<R
004F94             14270   ;
004F94 78          14271   FCOMP:          LD	A,B
004F95 B1          14272                   OR	C		;Both integer?
004F96 20 0A       14273                   JR	NZ,FCOMP1
004F98 CD AA 4F    14274                   CALL	ICP
004F9B 3E 00       14275   FCOMP0:         LD	A,0
004F9D C8          14276                   RET	Z		;Equal
004F9E 3E 80       14277                   LD	A,80H
004FA0 1F          14278                   RRA
004FA1 C9          14279                   RET
004FA2             14280   ;
004FA2 CD 35 4F    14281   FCOMP1:         CALL	FLOAT2		;Float both
004FA5 CD B7 4F    14282                   CALL	FCP
004FA8 18 F1       14283                   JR	FCOMP0
004FAA             14284   ;
004FAA             14285   ;Integer and floating point compare.
004FAA             14286   ;Sets carry & zero flags according to HLH'L'C-DED'E'B
004FAA             14287   ;Result pre-set to FALSE
004FAA             14288   ;ICP1, FCP1 destroy A,F
004FAA             14289   ;
004FAA             14290   ;ZERO - Return zero.
004FAA             14291   ; Destroys: A,C,H,L,H',L'
004FAA             14292   ;
004FAA CD D6 4F    14293   ICP:            CALL	ICP1
004FAD 3E 00       14294   ZEROmat:           LD	A,0
004FAF D9          14295                   EXX
004FB0 67          14296                   LD	H,A
004FB1 6F          14297                   LD	L,A
004FB2 D9          14298                   EXX
004FB3 67          14299                   LD	H,A
004FB4 6F          14300                   LD	L,A
004FB5 4F          14301                   LD	C,A
004FB6 C9          14302                   RET
004FB7             14303   ;
004FB7 CD C9 4F    14304   FCP:            CALL	FCP1
004FBA 18 F1       14305                   JR	ZEROmat		;PRESET FALSE
004FBC             14306   ;
004FBC 79          14307   FCP0:           LD	A,C
004FBD B8          14308                   CP	B		;COMPARE EXPONENTS
004FBE C0          14309                   RET	NZ
004FBF ED 52       14310   ICP0:           SBC	HL,DE		;COMP MANTISSA MSB
004FC1 19          14311                   ADD	HL,DE
004FC2 C0          14312                   RET	NZ
004FC3 D9          14313                   EXX
004FC4 ED 52       14314                   SBC	HL,DE		;COMP MANTISSA LSB
004FC6 19          14315                   ADD	HL,DE
004FC7 D9          14316                   EXX
004FC8 C9          14317                   RET
004FC9             14318   ;
004FC9 7C          14319   FCP1:           LD	A,H
004FCA AA          14320                   XOR	D
004FCB 7C          14321                   LD	A,H
004FCC 17          14322                   RLA
004FCD F8          14323                   RET	M
004FCE 30 EC       14324                   JR	NC,FCP0
004FD0 CD BC 4F    14325                   CALL	FCP0
004FD3 C8          14326                   RET	Z		;** V0.1 BUG FIX
004FD4 3F          14327                   CCF
004FD5 C9          14328                   RET
004FD6             14329   ;
004FD6 7C          14330   ICP1:           LD	A,H
004FD7 AA          14331                   XOR	D
004FD8 F2 BF 4F    14332                   JP	P,ICP0
004FDB 7C          14333                   LD	A,H
004FDC 17          14334                   RLA
004FDD C9          14335                   RET
004FDE             14336   ;
004FDE             14337   ;ADD - Integer add.
004FDE             14338   ;Carry, sign & zero flags valid on exit
004FDE             14339   ;    Destroys: H,L,H',L',F
004FDE             14340   ;
004FDE 05          14341   X10B:           DEC	B
004FDF 0C          14342                   INC	C
004FE0 CD 1A 50    14343   X5:             CALL	COPY0
004FE3 CD 0D 50    14344                   CALL	D2C
004FE6 CD 0D 50    14345                   CALL	D2C
004FE9 08          14346                   EX	AF,AF'		;SAVE CARRY
004FEA D9          14347   ADD:            EXX
004FEB 19          14348                   ADD	HL,DE
004FEC D9          14349                   EXX
004FED ED 5A       14350                   ADC	HL,DE
004FEF C9          14351                   RET
004FF0             14352   ;
004FF0             14353   ;SUB - Integer subtract.
004FF0             14354   ;Carry, sign & zero flags valid on exit
004FF0             14355   ;    Destroys: H,L,H',L',F
004FF0             14356   ;
004FF0 D9          14357   SUB:            EXX
004FF1 B7          14358                   OR	A
004FF2 ED 52       14359                   SBC	HL,DE
004FF4 D9          14360                   EXX
004FF5 ED 52       14361                   SBC	HL,DE
004FF7 C9          14362                   RET
004FF8             14363   ;
004FF8             14364   ;X10 - unsigned integer * 10
004FF8             14365   ;   Inputs: HLH'L' initial value
004FF8             14366   ;  Outputs: DED'E' = initial HLH'L'
004FF8             14367   ;           Carry bit set if overflow
004FF8             14368   ;           If carry not set HLH'L'=result
004FF8             14369   ; Destroys: D,E,H,L,D',E',H',L',F
004FF8             14370   ;X2 - Multiply HLH'L' by 2 as 32-bit integer.
004FF8             14371   ;    Carry set if MSB=1 before shift.
004FF8             14372   ;    Sign set if MSB=1 after shift.
004FF8             14373   ;    Destroys: H,L,H',L',F
004FF8             14374   ;
004FF8 CD 1A 50    14375   X10:            CALL	COPY0		;DED'E'=HLH'L'
004FFB CD 07 50    14376                   CALL	X2
004FFE D8          14377                   RET	C		;TOO BIG
004FFF CD 07 50    14378                   CALL	X2
005002 D8          14379                   RET	C
005003 CD EA 4F    14380                   CALL	ADD
005006 D8          14381                   RET	C
005007 D9          14382   X2:             EXX
005008 29          14383                   ADD	HL,HL
005009 D9          14384                   EXX
00500A ED 6A       14385                   ADC	HL,HL
00500C C9          14386                   RET
00500D             14387   ;
00500D             14388   ;D2 - Divide HLH'L' by 2 as 32-bit integer.
00500D             14389   ;    Carry set if LSB=1 before shift.
00500D             14390   ;    Destroys: H,L,H',L',F
00500D             14391   ;
00500D 0C          14392   D2C:            INC	C
00500E CB 3C       14393   D2:             SRL	H
005010 CB 1D       14394                   RR	L
005012 D9          14395                   EXX
005013 CB 1C       14396                   RR	H
005015 CB 1D       14397                   RR	L
005017 D9          14398                   EXX
005018 C9          14399                   RET
005019             14400   ;
005019             14401   ;COPY - COPY HLH'L'C INTO DED'E'B
005019             14402   ;  Destroys: B,C,D,E,H,L,D',E',H',L'
005019             14403   ;
005019 41          14404   COPY:           LD	B,C
00501A 54          14405   COPY0:          LD	D,H
00501B 5D          14406                   LD	E,L
00501C D9          14407                   EXX
00501D 54          14408                   LD	D,H
00501E 5D          14409                   LD	E,L
00501F D9          14410                   EXX
005020 C9          14411                   RET
005021             14412   ;
005021             14413   ;SQUARE - PUSH X*X
005021             14414   ;PUSH5 - PUSH HLH'L'C ONTO STACK.
005021             14415   ;  Destroys: SP,IX
005021             14416   ;
005021 CD 19 50    14417   SQUARE:         CALL	COPY
005024 CD 9D 47    14418                   CALL	FMUL
005027 DD E1       14419   PUSH5:          POP	IX		;RETURN ADDRESS
005029 C5          14420                   PUSH	BC
00502A E5          14421                   PUSH	HL
00502B D9          14422                   EXX
00502C E5          14423                   PUSH	HL
00502D D9          14424                   EXX
00502E DD E9       14425                   JP	(IX)		;"RETURN"
005030             14426   ;
005030             14427   ;POP5 - POP DED'E'B OFF STACK.
005030             14428   ;  Destroys: A,B,D,E,D',E',SP,IX
005030             14429   ;
005030 DD E1       14430   POP5:           POP	IX		;RETURN ADDRESS
005032 D9          14431                   EXX
005033 D1          14432                   POP	DE
005034 D9          14433                   EXX
005035 D1          14434                   POP	DE
005036 79          14435                   LD	A,C
005037 C1          14436                   POP	BC
005038 41          14437                   LD	B,C
005039 4F          14438                   LD	C,A
00503A DD E9       14439                   JP	(IX)		;"RETURN"
00503C             14440   ;
00503C             14441   ;RATIO - Calculate (X-1)/(X+1)
00503C             14442   ;    Inputs: X in HLH'L'C
00503C             14443   ;   Outputs: (X-1)/(X+1) in HLH'L'C
00503C             14444   ;  Destroys: Everything except IY,SP,I
00503C             14445   ;
00503C CD 27 50    14446   RATIO:          CALL	PUSH5		;SAVE X
00503F CD 8F 4A    14447                   CALL	DONE
005042 CD D5 46    14448                   CALL	FADD
005045 CD 30 50    14449                   CALL	POP5		;RESTORE X
005048 CD 27 50    14450                   CALL	PUSH5		;SAVE X+1
00504B CD 68 4F    14451                   CALL	SWAP
00504E CD 8F 4A    14452                   CALL	DONE
005051 CD BF 46    14453                   CALL	FSUB
005054 CD 30 50    14454                   CALL	POP5		;RESTORE X+1
005057 C3 2D 47    14455                   JP	FDIV
00505A             14456   ;
00505A             14457   ;POLY - Evaluate a polynomial.
00505A             14458   ;    Inputs: X in HLH'L'C and also stored at (SP+2)
00505A             14459   ;            Polynomial coefficients follow call.
00505A             14460   ;   Outputs: Result in HLH'L'C
00505A             14461   ;  Destroys: Everything except IY,SP,I
00505A             14462   ;Routine terminates on finding a coefficient >=1.
00505A             14463   ;Note: The last coefficient is EXECUTED on return
00505A             14464   ;      so must contain only innocuous bytes!
00505A             14465   ;
00505A DD 21 02 00 14466   POLY:           LD	IX,2
00505E DD 39       14467                   ADD	IX,SP
005060 DD E3       14468                   EX	(SP),IX
005062 CD 74 1A    14469                   CALL	DLOAD5		;FIRST COEFFICIENT
005065 CD 9D 47    14470   POLY1:          CALL	FMUL
005068 11 05 00    14471                   LD	DE,5
00506B DD 19       14472                   ADD	IX,DE
00506D CD 74 1A    14473                   CALL	DLOAD5		;NEXT COEFFICIENT
005070 DD E3       14474                   EX	(SP),IX
005072 04          14475                   INC	B
005073 05          14476                   DEC	B		;TEST
005074 FA D5 46    14477                   JP	M,FADD
005077 CD D5 46    14478                   CALL	FADD
00507A CD 74 1A    14479                   CALL	DLOAD5		;X
00507D DD E3       14480                   EX	(SP),IX
00507F 18 E4       14481                   JR	POLY1
005081             14482   ;
005081             14483   ;POWR10 - Calculate power of ten.
005081             14484   ;    Inputs: A=power of 10 required (A<128)
005081             14485   ;            A=binary exponent to be exceeded (A>=128)
005081             14486   ;   Outputs: DED'E'B = result
005081             14487   ;            A = actual power of ten returned
005081             14488   ;  Destroys: A,B,D,E,A',D',E',F,F'
005081             14489   ;
005081 3C          14490   POWR10:         INC	A
005082 08          14491                   EX	AF,AF'
005083 E5          14492                   PUSH	HL
005084 D9          14493                   EXX
005085 E5          14494                   PUSH	HL
005086 D9          14495                   EXX
005087 CD 8F 4A    14496                   CALL	DONE
00508A CD 68 4F    14497                   CALL	SWAP
00508D AF          14498                   XOR	A
00508E 08          14499   POWR11:         EX	AF,AF'
00508F 3D          14500                   DEC	A
005090 28 20       14501                   JR	Z,POWR14	;EXITmat TYPE 1
005092 F2 99 50    14502                   JP	P,POWR13
005095 B9          14503                   CP	C
005096 38 1A       14504                   JR	C,POWR14	;EXITmat TYPE 2
005098 3C          14505                   INC	A
005099 08          14506   POWR13:         EX	AF,AF'
00509A 3C          14507                   INC	A
00509B CB FC       14508                   SET	7,H
00509D CD E0 4F    14509                   CALL	X5
0050A0 30 05       14510                   JR	NC,POWR12
0050A2 08          14511                   EX	AF,AF'
0050A3 CD 0D 50    14512                   CALL	D2C
0050A6 08          14513                   EX	AF,AF'
0050A7 08          14514   POWR12:         EX	AF,AF'
0050A8 DC 54 4F    14515                   CALL	C,ADD1		;ROUND UP
0050AB 0C          14516                   INC	C
0050AC FA 8E 50    14517                   JP	M,POWR11
0050AF C3 7E 4F    14518                   JP	OFLOW
0050B2 CD 68 4F    14519   POWR14:         CALL	SWAP
0050B5 CB BA       14520                   RES	7,D
0050B7 D9          14521                   EXX
0050B8 E1          14522                   POP	HL
0050B9 D9          14523                   EXX
0050BA E1          14524                   POP	HL
0050BB 08          14525                   EX	AF,AF'
0050BC C9          14526                   RET
0050BD             14527   ;
0050BD             14528   ;DIVA, DIVB - DIVISION PRIMITIVE.
0050BD             14529   ;    Function: D'E'DE = H'L'HLD'E'DE / B'C'BC
0050BD             14530   ;              Remainder in H'L'HL
0050BD             14531   ;    Inputs: A = loop counter (normally -32)
0050BD             14532   ;    Destroys: A,D,E,H,L,D',E',H',L',F
0050BD             14533   ;
0050BD B7          14534   DIVA:           OR	A		;CLEAR CARRY
0050BE ED 42       14535   DIV0:           SBC	HL,BC		;DIVIDEND-DIVISOR
0050C0 D9          14536                   EXX
0050C1 ED 42       14537                   SBC	HL,BC
0050C3 D9          14538                   EXX
0050C4 30 05       14539                   JR	NC,DIV1
0050C6 09          14540                   ADD	HL,BC		;DIVIDEND+DIVISOR
0050C7 D9          14541                   EXX
0050C8 ED 4A       14542                   ADC	HL,BC
0050CA D9          14543                   EXX
0050CB 3F          14544   DIV1:           CCF
0050CC CB 13       14545   DIVC:           RL	E		;SHIFT RESULT INTO DE
0050CE CB 12       14546                   RL	D
0050D0 D9          14547                   EXX
0050D1 CB 13       14548                   RL	E
0050D3 CB 12       14549                   RL	D
0050D5 D9          14550                   EXX
0050D6 3C          14551                   INC	A
0050D7 F0          14552                   RET	P
0050D8 ED 6A       14553   DIVB:           ADC	HL,HL		;DIVIDEND*2
0050DA D9          14554                   EXX
0050DB ED 6A       14555                   ADC	HL,HL
0050DD D9          14556                   EXX
0050DE 30 DE       14557                   JR	NC,DIV0
0050E0 B7          14558                   OR	A
0050E1 ED 42       14559                   SBC	HL,BC		;DIVIDEND-DIVISOR
0050E3 D9          14560                   EXX
0050E4 ED 42       14561                   SBC	HL,BC
0050E6 D9          14562                   EXX
0050E7 37          14563                   SCF
0050E8 C3 CC 50    14564                   JP	DIVC
0050EB             14565   ;
0050EB             14566   ;MULA, MULB - MULTIPLICATION PRIMITIVE.
0050EB             14567   ;    Function: H'L'HLD'E'DE = B'C'BC * D'E'DE
0050EB             14568   ;    Inputs: A = loop counter (usually -32)
0050EB             14569   ;            H'L'HL = 0
0050EB             14570   ;    Destroys: D,E,H,L,D',E',H',L',A,F
0050EB             14571   ;
0050EB B7          14572   MULA:           OR	A		;CLEAR CARRY
0050EC D9          14573   MUL0:           EXX
0050ED CB 1A       14574                   RR	D		;MULTIPLIER/2
0050EF CB 1B       14575                   RR	E
0050F1 D9          14576                   EXX
0050F2 CB 1A       14577                   RR	D
0050F4 CB 1B       14578                   RR	E
0050F6 30 05       14579                   JR	NC,MUL1
0050F8 09          14580                   ADD	HL,BC		;ADD IN MULTIPLICAND
0050F9 D9          14581                   EXX
0050FA ED 4A       14582                   ADC	HL,BC
0050FC D9          14583                   EXX
0050FD 3C          14584   MUL1:           INC	A
0050FE F0          14585                   RET	P
0050FF D9          14586   MULB:           EXX
005100 CB 1C       14587                   RR	H		;PRODUCT/2
005102 CB 1D       14588                   RR	L
005104 D9          14589                   EXX
005105 CB 1C       14590                   RR	H
005107 CB 1D       14591                   RR	L
005109 C3 EC 50    14592                   JP	MUL0
00510C             14593   ;
00510C             14594   ;SQRA, SQRB - SQUARE ROOT PRIMITIVES
00510C             14595   ;    Function: B'C'BC = SQR (D'E'DE)
00510C             14596   ;    Inputs: A = loop counter (normally -31)
00510C             14597   ;            B'C'BCH'L'HL initialised to 0
00510C             14598   ;  Destroys: A,B,C,D,E,H,L,B',C',D',E',H',L',F
00510C             14599   ;
00510C ED 42       14600   SQR1:           SBC	HL,BC
00510E D9          14601                   EXX
00510F ED 42       14602                   SBC	HL,BC
005111 D9          14603                   EXX
005112 0C          14604                   INC	C
005113 30 07       14605                   JR	NC,SQR2
005115 0D          14606                   DEC	C
005116 09          14607                   ADD	HL,BC
005117 D9          14608                   EXX
005118 ED 4A       14609                   ADC	HL,BC
00511A D9          14610                   EXX
00511B 0D          14611                   DEC	C
00511C 3C          14612   SQR2:           INC	A
00511D F0          14613                   RET	P
00511E CB 21       14614   SQRA:           SLA	C
005120 CB 10       14615                   RL	B
005122 0C          14616                   INC	C
005123 D9          14617                   EXX
005124 CB 11       14618                   RL	C
005126 CB 10       14619                   RL	B
005128 CD 54 51    14620                   CALL	SLA8
00512B CD 54 51    14621                   CALL	SLA8
00512E D9          14622                   EXX
00512F D2 0C 51    14623                   JP	NC,SQR1
005132 B7          14624   SQR3:           OR	A
005133 ED 42       14625                   SBC	HL,BC
005135 D9          14626                   EXX
005136 ED 42       14627                   SBC	HL,BC
005138 D9          14628                   EXX
005139 0C          14629                   INC	C
00513A C3 1C 51    14630                   JP	SQR2
00513D             14631   ;
00513D 29          14632   SQRB:           ADD	HL,HL
00513E D9          14633                   EXX
00513F ED 6A       14634                   ADC	HL,HL
005141 D9          14635                   EXX
005142 38 EE       14636                   JR	C,SQR3
005144 3C          14637                   INC	A
005145 0C          14638                   INC	C
005146 ED 42       14639                   SBC	HL,BC
005148 D9          14640                   EXX
005149 ED 42       14641                   SBC	HL,BC
00514B D9          14642                   EXX
00514C D0          14643                   RET	NC
00514D 09          14644                   ADD	HL,BC
00514E D9          14645                   EXX
00514F ED 4A       14646                   ADC	HL,BC
005151 D9          14647                   EXX
005152 0D          14648                   DEC	C
005153 C9          14649                   RET
005154             14650   ;
005154 D9          14651   SLA8:           EXX
005155 CB 23       14652                   SLA	E
005157 CB 12       14653                   RL	D
005159 D9          14654                   EXX
00515A CB 13       14655                   RL	E
00515C CB 12       14656                   RL	D
00515E D9          14657                   EXX
00515F ED 6A       14658                   ADC	HL,HL
005161 D9          14659                   EXX
005162 ED 6A       14660                   ADC	HL,HL
005164 C9          14661                   RET
005165             14662   ;
005165 DD 7E 00    14663   DIGITQ:         LD	A,(IX)
005168 FE 3A       14664                   CP	'9'+1
00516A 3F          14665                   CCF
00516B D8          14666                   RET	C
00516C FE 30       14667                   CP	'0'
00516E C9          14668                   RET
00516F             14669   ;
00516F DD 7E 00    14670   SIGNQ:          LD	A,(IX)
005172 DD 23       14671                   INC	IX
005174 FE 20       14672                   CP	' '
005176 28 F7       14673                   JR	Z,SIGNQ
005178 FE 2B       14674                   CP	'+'
00517A C8          14675                   RET	Z
00517B FE 2D       14676                   CP	'-'
00517D C8          14677                   RET	Z
00517E DD 2B       14678                   DEC	IX
005180 C9          14679                   RET
005181             14680   ;
005181 08          14681   ABS2:           EX	AF,AF'
005182 CB 7C       14682                   BIT	7,H
005184 C4 92 4E    14683                   CALL	NZ,NEGATE	;MAKE ARGUMENTS +VE
005187 CD 68 4F    14684                   CALL	SWAP
00518A CB 7C       14685                   BIT	7,H
00518C C4 92 4E    14686                   CALL	NZ,NEGATE
00518F 44          14687                   LD	B,H
005190 4D          14688                   LD	C,L
005191 21 00 00    14689                   LD	HL,0
005194 D9          14690                   EXX
005195 44          14691                   LD	B,H
005196 4D          14692                   LD	C,L
005197 21 00 00    14693                   LD	HL,0
00519A C9          14694                   RET
00519B             14695   ;
00519B             14696   ;                END
00519B             14697   ; --- End math.asm ---
00519B             14698   
00519B             14699   ; --- Begin data.asm ---
00519B             14700   ;
00519B             14701   ;Automatically created from original source on 2024-12-15 15:29:12
00519B             14702   ;
00519B             14703                   .ASSUME ADL = 0
00519B             14704   ;	.ORG 0x0000
00519B             14705               ;    DEFINE LORAM, SPACE = ROM
00519B             14706               ;    SEGMENT LORAM
00519B             14707   ;
00519B             14708   ;                XDEF	FLAGS
00519B             14709   ;                XDEF	OSWRCHPT
00519B             14710   ;                XDEF	OSWRCHCH
00519B             14711   ;                XDEF	OSWRCHFH
00519B             14712   ;                XDEF	KEYDOWN
00519B             14713   ;                XDEF	KEYASCII
00519B             14714   ;                XDEF	KEYCOUNT
00519B             14715   ;                XDEF	SCRAP
00519B             14716   ;                XDEF	BUFFER
00519B             14717   ;                XDEF	LISTON
00519B             14718   ;                XDEF	PAGE_
00519B             14719   ;
00519B             14720   end_binary: ;  for 05_assemble.py to know where to truncate the binary file
00519B             14721                   ALIGN 256
005200             14722   FLAGS:          DS	1
005201             14723   OSWRCHPT:       DS	2
005203             14724   OSWRCHCH:       DS	1
005204             14725   OSWRCHFH:       DS	1
005205             14726   KEYDOWN:        DS	1
005206             14727   KEYASCII:       DS	1
005207             14728   KEYCOUNT:       DS	1
005208             14729   SCRAP:          DS	31
005227             14730   ;
005227             14731                   ALIGN 256
005300             14732   ;
005300             14733   ;RAM MODULE FOR BBC BASIC INTERPRETER
005300             14734   ;FOR USE WITH VERSION 5.0 OF BBC BASIC
005300             14735   ;(C) COPYRIGHT R.T.RUSSELL 1981-2024
005300             14736   ;
005300             14737   ;                XDEF	ACCS
005300             14738   ;                XDEF	BUFFER
005300             14739   ;                XDEF	ONERSP
005300             14740   ;                XDEF	LIBASE
005300             14741   ;                XDEF	PAGE_
005300             14742   ;                XDEF	LOMEM
005300             14743   ;                XDEF	FREE
005300             14744   ;                XDEF	HIMEM
005300             14745   ;                XDEF	RANDOM
005300             14746   ;                XDEF	COUNT
005300             14747   ;                XDEF	WIDTH
005300             14748   ;                XDEF	ERL
005300             14749   ;                XDEF	ERR
005300             14750   ;                XDEF	ERRTRP
005300             14751   ;                XDEF	ERRTXT
005300             14752   ;                XDEF	TRACEN
005300             14753   ;                XDEF	AUTONO
005300             14754   ;                XDEF	INCREM
005300             14755   ;                XDEF	LISTON
005300             14756   ;                XDEF	DATPTR
005300             14757   ;                XDEF	FNPTR
005300             14758   ;                XDEF	PROPTR
005300             14759   ;                XDEF	STAVAR
005300             14760   ;                XDEF	OC
005300             14761   ;                XDEF	PC
005300             14762   ;                XDEF	DYNVAR
005300             14763   ;                XDEF	CURLIN
005300             14764   ;                XDEF	USER
005300             14765   ;
005300             14766   ;n.b. ACCS, BUFFER & STAVAR must be on page boundaries.
005300             14767   ;
005300             14768   ACCS:           DS	256		;STRING ACCUMULATOR
005400             14769   BUFFER:         DS	256		;STRING INPUT BUFFER
005500             14770   
005500             14771   STAVAR:         DS	27*4		;STATIC VARIABLES
00556C             14772   ; OC:             EQU	STAVAR+15*4	;CODE ORIGIN (O%)	; restored from equs.inc
00556C             14773   ; PC:             EQU	STAVAR+16*4	;PROGRAM COUNTER (P%)	; restored from equs.inc
00556C             14774   OC:             EQU	15*4+STAVAR	;CODE ORIGIN (O%)	; restored from equs.inc
00556C             14775   PC:             EQU	16*4+STAVAR	;PROGRAM COUNTER (P%)	; restored from equs.inc
00556C             14776   DYNVAR:         DS	54*2		;DYN. VARIABLE POINTERS
0055D8             14777   FNPTR:          DS	2		;DYN. FUNCTION POINTER
0055DA             14778   PROPTR:         DS	2		;DYN. PROCEDURE POINTER
0055DC             14779   ;
0055DC             14780   PAGE_:          DS	2		;START OF USER PROGRAM
0055DE             14781   LOMEM:          DS	2		;START OF DYN. STORAGE
0055E0             14782   FREE:           DS	2		;FIRST FREE-SPACE BYTE
0055E2             14783   HIMEM:          DS	2		;FIRST BYTE ABOVE STACK
0055E4             14784   LIBASE:         DS	2		;START OF FIRST LIBRARY
0055E6             14785   ;
0055E6             14786   TRACEN:         DS	2		;TRACE FLAG & NUMBER
0055E8             14787   AUTONO:         DS	2		;AUTO FLAG & NUMBER
0055EA             14788   ERRTRP:         DS	2		;ON ERROR STMT POINTER \
0055EC             14789   ONERSP:         DS	2		;ON ERROR LOCAL STKPTR /
0055EE             14790   ERRTXT:         DS	2		;ERROR MESSAGE POINTER
0055F0             14791   DATPTR:         DS	2		;DATA POINTER
0055F2             14792   ERL:            DS	2		;LINE NO OF LAST ERROR
0055F4             14793   CURLIN:         DS	2		;POINTER TO CURRENT LINE
0055F6             14794   RANDOM:         DS	5		;RANDOM NUMBER
0055FB             14795   COUNT:          DS	1		;PRINT POSITION
0055FC             14796   WIDTH:          DS	1		;PRINT WIDTH
0055FD             14797   ERR:            DS	1		;ERROR NUMBER
0055FE             14798   LISTON:         DS	1		;LISTO & OPT FLAG
0055FF             14799   INCREM:         DS	1		;AUTO INCREMENT
005600             14800   VDU_BUFFER:		EQU	ACCS		; Storage for VDU commands ; originally in equs.inc
005600             14801   ;
005600             14802   USER:           ; END
005600             14803   ; --- End data.asm ---
005600             14804   
